{
  "type": "FeatureCollection",
  "features": [
    {
      "type": "Feature",
      "id": 90184,
      "geometry": {
        "type": "Point",
        "coordinates": [
          51.3329938,
          35.7010994
        ]
      },
      "properties": {
        "name:fa": "تجمع نیروهای نوپو",
        "date": 29541390,
        "description": "",
        "id": "MzY6N2JjMzk1NDg1NDJm",
        "publicId": "MzY6N2JjMzk1NDg1NDJm",
        "sourceId": "7bc39548542f",
        "layerId": 36,
        "type": "location",
        "status": "active",
        "urgency": null,
        "info": {
          "name:fa": "تجمع نیروهای نوپو",
          "date": 29541390,
          "description": "",
          "name:en": "Novu Forces Gathering",
          "description:en": ""
        },
        "verificationTag": null,
        "expirationDate": null,
        "createdAt": "2026-03-13T13:44:19.134Z",
        "updatedAt": "2026-03-14T03:01:37.724Z",
        "name:en": "Novu Forces Gathering",
        "description:en": ""
      }
    },
    {
      "type": "Feature",
      "id": 90185,
      "geometry": {
        "type": "Point",
        "coordinates": [
          51.403698,
          35.700199
        ]
      },
      "properties": {
        "name:fa": " انبار متعلق به سپاه",
        "date": 29529870,
        "description": "روی بام این ساختمون پدافند هوایی وجود داره",
        "id": "MzY6YTUyMzA0OTU4OTI5",
        "publicId": "MzY6YTUyMzA0OTU4OTI5",
        "sourceId": "a52304958929",
        "layerId": 36,
        "type": "location",
        "status": "active",
        "urgency": null,
        "info": {
          "name:fa": " انبار متعلق به سپاه",
          "date": 29529870,
          "description": "روی بام این ساختمون پدافند هوایی وجود داره",
          "name:en": "Military Barracks",
          "description:en": "There is an air defense system on the roof of this building"
        },
        "verificationTag": null,
        "expirationDate": null,
        "createdAt": "2026-03-13T13:45:43.947Z",
        "updatedAt": "2026-03-14T03:00:52.786Z",
        "name:en": "Military Barracks",
        "description:en": "There is an air defense system on the roof of this building"
      }
    },
    {
      "type": "Feature",
      "id": 90186,
      "geometry": {
        "type": "Point",
        "coordinates": [
          51.389,
          35.6892
        ]
      },
      "properties": {
        "name:fa": "شرکت زاگرس توان سپهر غرب - تحرک نیروهای سرکوب",
        "date": 29525550,
        "description": "",
        "id": "MzY6MGM0MGI1OTE5MmIz",
        "publicId": "MzY6MGM0MGI1OTE5MmIz",
        "sourceId": "0c40b59192b3",
        "layerId": 36,
        "type": "location",
        "status": "active",
        "urgency": null,
        "info": {
          "name:fa": "شرکت زاگرس توان سپهر غرب - تحرک نیروهای سرکوب",
          "date": 29525550,
          "description": "",
          "name:en": "Zagros Towaan Sepehr Gharb Company - Movement of Suppressive Forces",
          "description:en": ""
        },
        "verificationTag": null,
        "expirationDate": null,
        "createdAt": "2026-03-13T13:46:26.226Z",
        "updatedAt": "2026-03-14T03:01:18.019Z",
        "name:en": "Zagros Towaan Sepehr Gharb Company - Movement of Suppressive Forces",
        "description:en": ""
      }
    },
    {
      "type": "Feature",
      "id": 90187,
      "geometry": {
        "type": "Point",
        "coordinates": [
          51.49953911222818,
          35.74634975601025
        ]
      },
      "properties": {
        "name:fa": "ایست بازرسی",
        "date": 29552910,
        "description": "ایست بازرسی در میدان رسالت خیابان هنگام منطقه ۴. بالاتر از آن میدان الغدیر است که هر شب مراسم برگزار می شود و مزدوران و سرکوب گرها در آنجا حضور دارند. ماشین های ضد شورش پشت پارکینگ بیمارستان الغدیر قرار دارند.",
        "city": "تهران",
        "province": "استان تهران",
        "id": "MzY6ODBiZTFlOGQxMzEz",
        "publicId": "MzY6ODBiZTFlOGQxMzEz",
        "sourceId": "80be1e8d1313",
        "layerId": 36,
        "type": "location",
        "status": "active",
        "urgency": null,
        "info": {
          "name:fa": "ایست بازرسی",
          "date": 29552910,
          "description": "ایست بازرسی در میدان رسالت خیابان هنگام منطقه ۴. بالاتر از آن میدان الغدیر است که هر شب مراسم برگزار می شود و مزدوران و سرکوب گرها در آنجا حضور دارند. ماشین های ضد شورش پشت پارکینگ بیمارستان الغدیر قرار دارند.",
          "city": "تهران",
          "province": "استان تهران",
          "name:en": "Inspection Post",
          "description:en": "An inspection post in Resalat Square on Hangam Street in District 4. Above it is Alghadeer Square where ceremonies are held every night and mercenaries and suppressors are present there. Anti-riot vehicles are stationed behind the Alghadeer Hospital parking lot."
        },
        "verificationTag": "verified",
        "expirationDate": null,
        "createdAt": "2026-03-13T13:47:59.396Z",
        "updatedAt": "2026-03-26T02:08:17.759Z",
        "name:en": "Inspection Post",
        "description:en": "An inspection post in Resalat Square on Hangam Street in District 4. Above it is Alghadeer Square where ceremonies are held every night and mercenaries and suppressors are present there. Anti-riot vehicles are stationed behind the Alghadeer Hospital parking lot."
      }
    },
    {
      "type": "Feature",
      "id": 90188,
      "geometry": {
        "type": "Point",
        "coordinates": [
          54.388788,
          31.823491
        ]
      },
      "properties": {
        "name:fa": "تجمع نیروهای سرکوب",
        "date": 29555790,
        "description": "دبیرستان دوره اول پسرانه سیدالشهدا در بلوار پاسداران شهر یزد، محل استقرار ماشین شخصی‌های یگان ویژه شده و اطراف محوطه فنس‌کشی شده است. گزارش‌های مملکتی و اینترنشنال از این استقرار نیز موجود است.  📍 دبیرستان دوره اول پسرانه سیدالشهدا در بلوار پاسداران شهر یزد، نبش خیابان یاسین به سمت کوچه ۱۹ بلوار پاسداران",
        "id": "MzY6NWY3N2ZhMWJiMGFj",
        "publicId": "MzY6NWY3N2ZhMWJiMGFj",
        "sourceId": "5f77fa1bb0ac",
        "layerId": 36,
        "type": "location",
        "status": "active",
        "urgency": null,
        "info": {
          "name:fa": "تجمع نیروهای سرکوب",
          "date": 29555790,
          "description": "دبیرستان دوره اول پسرانه سیدالشهدا در بلوار پاسداران شهر یزد، محل استقرار ماشین شخصی‌های یگان ویژه شده و اطراف محوطه فنس‌کشی شده است. گزارش‌های مملکتی و اینترنشنال از این استقرار نیز موجود است.  📍 دبیرستان دوره اول پسرانه سیدالشهدا در بلوار پاسداران شهر یزد، نبش خیابان یاسین به سمت کوچه ۱۹ بلوار پاسداران",
          "name:en": "Repressive Forces Assembly",
          "description:en": "Seyed al-Shohada Boys Middle School in Pasdaran Boulevard, Yazd city, where personal vehicles of special units are stationed and the surrounding area is fenced. Both national and international reports exist regarding this location. 📍 Seyed al-Shohada Boys Middle School in Pasdaran Boulevard, Yazd city, at the intersection of Yassin Street toward Alley 19 of Pasdaran Boulevard"
        },
        "verificationTag": null,
        "expirationDate": null,
        "createdAt": "2026-03-13T13:49:02.369Z",
        "updatedAt": "2026-03-14T03:08:30.603Z",
        "name:en": "Repressive Forces Assembly",
        "description:en": "Seyed al-Shohada Boys Middle School in Pasdaran Boulevard, Yazd city, where personal vehicles of special units are stationed and the surrounding area is fenced. Both national and international reports exist regarding this location. 📍 Seyed al-Shohada Boys Middle School in Pasdaran Boulevard, Yazd city, at the intersection of Yassin Street toward Alley 19 of Pasdaran Boulevard"
      }
    },
    {
      "type": "Feature",
      "id": 90189,
      "geometry": {
        "type": "Point",
        "coordinates": [
          51.434851,
          36.649824
        ]
      },
      "properties": {
        "name:fa": "بسیج و ایست بازرسی",
        "date": 29552910,
        "description": "گزارش شامل مختصات و توضیحات مربوط به موقعیت‌های مکانی مختلف در چالوس است، از جمله بسیج چالوس، ایست بازرسی بین نوشهر و چالوس، درب ورودی سپاه چالوس، خونه امن اطلاعات سپاه چالوس (محل بازجویی)، و اداره آگاهی و اطلاعات چالوس. همچنین اشاره شده که در ایست بازرسی، افراد صورت‌های خود را می‌پوشانند.  📍 بسیج چالوس: خیابان ۱۷ شهریور جنب دانشگاه آزاد اسلامی، ایست بازرسی بین نوشهر و چالوس جلو کوچه قبل از هتل ملک، درب ورودی سپاه چالوس، خونه امن اطلاعات سپاه چالوس که محل بازجویی هست، خیابان استاد مطهری،کمی پایینتر از درب ورودی سپاه سمت روبرو آن طرف خیابون،درب مشکی، اداره آگاهی و اطلاعات چالوس",
        "id": "MzY6YjEyNjJkM2FiZjNm",
        "publicId": "MzY6YjEyNjJkM2FiZjNm",
        "sourceId": "b1262d3abf3f",
        "layerId": 36,
        "type": "location",
        "status": "active",
        "urgency": null,
        "info": {
          "name:fa": "بسیج و ایست بازرسی",
          "date": 29552910,
          "description": "گزارش شامل مختصات و توضیحات مربوط به موقعیت‌های مکانی مختلف در چالوس است، از جمله بسیج چالوس، ایست بازرسی بین نوشهر و چالوس، درب ورودی سپاه چالوس، خونه امن اطلاعات سپاه چالوس (محل بازجویی)، و اداره آگاهی و اطلاعات چالوس. همچنین اشاره شده که در ایست بازرسی، افراد صورت‌های خود را می‌پوشانند.  📍 بسیج چالوس: خیابان ۱۷ شهریور جنب دانشگاه آزاد اسلامی، ایست بازرسی بین نوشهر و چالوس جلو کوچه قبل از هتل ملک، درب ورودی سپاه چالوس، خونه امن اطلاعات سپاه چالوس که محل بازجویی هست، خیابان استاد مطهری،کمی پایینتر از درب ورودی سپاه سمت روبرو آن طرف خیابون،درب مشکی، اداره آگاهی و اطلاعات چالوس",
          "name:en": "Basij and Inspection Checkpoint",
          "description:en": "A report containing coordinates and descriptions related to various locations in Chalus, including Chalus Basij, an inspection checkpoint between Noshahr and Chalus, the entrance gate of IRGC Chalus, the IRGC safe house for information (interrogation center), and the information and intelligence office of Chalus. It is also noted that at the inspection checkpoint, individuals cover their faces. 📍 Chalus Basij: 17 Shahrivar Street next to Islamic Azad University, inspection checkpoint between Noshahr and Chalus in front of the alley before Melk Hotel, IRGC Chalus entrance gate, IRGC safe house for information in Chalus which is an interrogation site, Ostād Motahhari Street, slightly below the IRGC entrance gate on the opposite side of the street, black door, information and intelligence office of Chalus"
        },
        "verificationTag": null,
        "expirationDate": null,
        "createdAt": "2026-03-13T13:50:45.565Z",
        "updatedAt": "2026-03-14T03:05:23.394Z",
        "name:en": "Basij and Inspection Checkpoint",
        "description:en": "A report containing coordinates and descriptions related to various locations in Chalus, including Chalus Basij, an inspection checkpoint between Noshahr and Chalus, the entrance gate of IRGC Chalus, the IRGC safe house for information (interrogation center), and the information and intelligence office of Chalus. It is also noted that at the inspection checkpoint, individuals cover their faces. 📍 Chalus Basij: 17 Shahrivar Street next to Islamic Azad University, inspection checkpoint between Noshahr and Chalus in front of the alley before Melk Hotel, IRGC Chalus entrance gate, IRGC safe house for information in Chalus which is an interrogation site, Ostād Motahhari Street, slightly below the IRGC entrance gate on the opposite side of the street, black door, information and intelligence office of Chalus"
      }
    },
    {
      "type": "Feature",
      "id": 90198,
      "geometry": {
        "type": "Point",
        "coordinates": [
          51.20547915479173,
          35.761224676123476
        ]
      },
      "properties": {
        "name:fa": "ایست بازرسی",
        "date": 29539950,
        "description": "مسجد شهرک شهید باقری که محل ایست بازرسی و تجمع عوامل حکومتی میباشد",
        "id": "MzY6NmU5MTE0ODVmNjEx",
        "publicId": "MzY6NmU5MTE0ODVmNjEx",
        "sourceId": "6e911485f611",
        "layerId": 36,
        "type": "location",
        "status": "active",
        "urgency": null,
        "info": {
          "name:fa": "ایست بازرسی",
          "date": 29539950,
          "description": "مسجد شهرک شهید باقری که محل ایست بازرسی و تجمع عوامل حکومتی میباشد",
          "name:en": "Checkpoint",
          "description:en": "Mosque of Shahid Bagherani neighborhood that serves as a checkpoint and gathering place for government personnel"
        },
        "verificationTag": null,
        "expirationDate": null,
        "createdAt": "2026-03-13T20:40:00.903Z",
        "updatedAt": "2026-03-14T03:03:57.916Z",
        "name:en": "Checkpoint",
        "description:en": "Mosque of Shahid Bagherani neighborhood that serves as a checkpoint and gathering place for government personnel"
      }
    },
    {
      "type": "Feature",
      "id": 90199,
      "geometry": {
        "type": "Point",
        "coordinates": [
          51.24704222494742,
          35.76036052270652
        ]
      },
      "properties": {
        "name:fa": "ایست بازرسی",
        "date": 29552910,
        "description": "",
        "id": "MzY6ZDQ1NjhlYTA2MDE3",
        "publicId": "MzY6ZDQ1NjhlYTA2MDE3",
        "sourceId": "d4568ea06017",
        "layerId": 36,
        "type": "location",
        "status": "active",
        "urgency": null,
        "info": {
          "name:fa": "ایست بازرسی",
          "date": 29552910,
          "description": "",
          "name:en": "Inspection Station",
          "description:en": ""
        },
        "verificationTag": null,
        "expirationDate": null,
        "createdAt": "2026-03-13T20:45:35.136Z",
        "updatedAt": "2026-03-14T03:03:27.417Z",
        "name:en": "Inspection Station",
        "description:en": ""
      }
    },
    {
      "type": "Feature",
      "id": 90201,
      "geometry": {
        "type": "Point",
        "coordinates": [
          51.38268934252929,
          35.77050441157408
        ]
      },
      "properties": {
        "name:fa": "اسکان نیرو های سرکوب در دانشگاه",
        "date": 29529870,
        "description": "",
        "id": "MzY6MWQxZTgyNmFhNjIz",
        "publicId": "MzY6MWQxZTgyNmFhNjIz",
        "sourceId": "1d1e826aa623",
        "layerId": 36,
        "type": "location",
        "status": "active",
        "urgency": null,
        "info": {
          "name:fa": "اسکان نیرو های سرکوب در دانشگاه",
          "date": 29529870,
          "description": "",
          "name:en": "Accommodation of Suppression Forces at the University",
          "description:en": ""
        },
        "verificationTag": null,
        "expirationDate": null,
        "createdAt": "2026-03-13T20:53:20.149Z",
        "updatedAt": "2026-03-14T03:02:14.554Z",
        "name:en": "Accommodation of Suppression Forces at the University",
        "description:en": ""
      }
    },
    {
      "type": "Feature",
      "id": 90204,
      "geometry": {
        "type": "Point",
        "coordinates": [
          51.325821224778934,
          35.76282322698823
        ]
      },
      "properties": {
        "name:fa": "ایست بازرسی",
        "date": 29547150,
        "description": "",
        "id": "MzY6NTc3NDdlNTQwNDhk",
        "publicId": "MzY6NTc3NDdlNTQwNDhk",
        "sourceId": "57747e54048d",
        "layerId": 36,
        "type": "location",
        "status": "active",
        "urgency": null,
        "info": {
          "name:fa": "ایست بازرسی",
          "date": 29547150,
          "description": "",
          "name:en": "Checkpoint",
          "description:en": ""
        },
        "verificationTag": null,
        "expirationDate": null,
        "createdAt": "2026-03-13T20:55:29.489Z",
        "updatedAt": "2026-03-14T03:02:44.220Z",
        "name:en": "Checkpoint",
        "description:en": ""
      }
    },
    {
      "type": "Feature",
      "id": 90208,
      "geometry": {
        "type": "Point",
        "coordinates": [
          47.62602220001901,
          33.52630417897139
        ]
      },
      "properties": {
        "name:fa": "انفجار یا حمله موشکی حوالی ساعت 3 بامداد",
        "date": 29545710,
        "description": "انفجار یا حمله موشکی حوالی ساعت 3 بامداد",
        "id": "MzY6NjBiYTQ3OWY4YjRk",
        "publicId": "MzY6NjBiYTQ3OWY4YjRk",
        "sourceId": "60ba479f8b4d",
        "layerId": 36,
        "type": "location",
        "status": "active",
        "urgency": null,
        "info": {
          "name:fa": "انفجار یا حمله موشکی حوالی ساعت 3 بامداد",
          "date": 29545710,
          "description": "انفجار یا حمله موشکی حوالی ساعت 3 بامداد",
          "name:en": "Explosion or Missile Attack Around 3 AM",
          "description:en": "Explosion or missile attack around 3 AM"
        },
        "verificationTag": null,
        "expirationDate": null,
        "createdAt": "2026-03-13T21:32:48.792Z",
        "updatedAt": "2026-03-14T03:08:58.621Z",
        "name:en": "Explosion or Missile Attack Around 3 AM",
        "description:en": "Explosion or missile attack around 3 AM"
      }
    },
    {
      "type": "Feature",
      "id": 90215,
      "geometry": {
        "type": "Point",
        "coordinates": [
          52.67715712233874,
          36.55635378352726
        ]
      },
      "properties": {
        "name:fa": "تجمع نیروهای سرکوبگر در مدرسه",
        "id": "MzY6YjE0YjQ4ZThmM2E3",
        "publicId": "MzY6YjE0YjQ4ZThmM2E3",
        "sourceId": "b14b48e8f3a7",
        "layerId": 36,
        "type": "location",
        "status": "active",
        "urgency": null,
        "info": {
          "name:fa": "تجمع نیروهای سرکوبگر در مدرسه",
          "name:en": "Gathering of Suppressive Forces at School",
          "description:en": ""
        },
        "verificationTag": null,
        "expirationDate": null,
        "createdAt": "2026-03-13T22:05:34.706Z",
        "updatedAt": "2026-03-13T22:08:21.647Z",
        "name:en": "Gathering of Suppressive Forces at School"
      }
    },
    {
      "type": "Feature",
      "id": 90219,
      "geometry": {
        "type": "Point",
        "coordinates": [
          51.335861256084826,
          35.777539277168955
        ]
      },
      "properties": {
        "name:fa": "ایست و بازرسی",
        "date": 29535630,
        "description": "",
        "city": "تهران",
        "province": "استان تهران",
        "id": "MzY6M2YxMDNjNjViYjUz",
        "publicId": "MzY6M2YxMDNjNjViYjUz",
        "sourceId": "3f103c65bb53",
        "layerId": 36,
        "type": "location",
        "status": "active",
        "urgency": null,
        "info": {
          "name:fa": "ایست و بازرسی",
          "date": 29535630,
          "description": "",
          "city": "تهران",
          "province": "استان تهران",
          "name:en": "Checkpoint",
          "description:en": ""
        },
        "verificationTag": "verified",
        "expirationDate": null,
        "createdAt": "2026-03-14T00:45:29.302Z",
        "updatedAt": "2026-03-26T02:08:18.023Z",
        "name:en": "Checkpoint",
        "description:en": ""
      }
    },
    {
      "type": "Feature",
      "id": 90223,
      "geometry": {
        "type": "Point",
        "coordinates": [
          51.31469811190405,
          35.769461455895595
        ]
      },
      "properties": {
        "name:fa": "ایست بازرسی بسیج",
        "date": 29555790,
        "description": "",
        "city": "تهران",
        "province": "استان تهران",
        "id": "MzY6OTJhMDE1OGNiOWYw",
        "publicId": "MzY6OTJhMDE1OGNiOWYw",
        "sourceId": "92a0158cb9f0",
        "layerId": 36,
        "type": "location",
        "status": "active",
        "urgency": null,
        "info": {
          "name:fa": "ایست بازرسی بسیج",
          "date": 29555790,
          "description": "",
          "city": "تهران",
          "province": "استان تهران",
          "name:en": "Basij Inspection Station",
          "description:en": ""
        },
        "verificationTag": "verified",
        "expirationDate": null,
        "createdAt": "2026-03-14T00:51:25.732Z",
        "updatedAt": "2026-03-26T02:08:18.291Z",
        "name:en": "Basij Inspection Station",
        "description:en": ""
      }
    },
    {
      "type": "Feature",
      "id": 90226,
      "geometry": {
        "type": "Point",
        "coordinates": [
          51.28631324148233,
          35.65026976921615
        ]
      },
      "properties": {
        "name:fa": "ایست و بازرسی",
        "date": 29555790,
        "description": "",
        "city": "تهران",
        "province": "استان تهران",
        "id": "MzY6MTY4ZTNhZTMyNzNk",
        "publicId": "MzY6MTY4ZTNhZTMyNzNk",
        "sourceId": "168e3ae3273d",
        "layerId": 36,
        "type": "location",
        "status": "active",
        "urgency": null,
        "info": {
          "name:fa": "ایست و بازرسی",
          "date": 29555790,
          "description": "",
          "city": "تهران",
          "province": "استان تهران",
          "name:en": "Checkpoint",
          "description:en": "A checkpoint or inspection station"
        },
        "verificationTag": "verified",
        "expirationDate": null,
        "createdAt": "2026-03-14T00:55:22.027Z",
        "updatedAt": "2026-03-26T02:08:18.486Z",
        "name:en": "Checkpoint",
        "description:en": "A checkpoint or inspection station"
      }
    },
    {
      "type": "Feature",
      "id": 90261,
      "geometry": {
        "type": "Point",
        "coordinates": [
          50.990005802394165,
          35.759623100115206
        ]
      },
      "properties": {
        "name:fa": "ایست و بازرسی",
        "date": 29555790,
        "description": "ساختمان قدیم شهرداری الان تغییر کاربری داده و شده محل حفاظت اطلاعات استان البرز",
        "city": "شهرستان فردیس",
        "province": "استان البرز",
        "id": "MzY6MzU4MDBkOGIwNzY3",
        "publicId": "MzY6MzU4MDBkOGIwNzY3",
        "sourceId": "35800d8b0767",
        "layerId": 36,
        "type": "location",
        "status": "active",
        "urgency": null,
        "info": {
          "name:fa": "ایست و بازرسی",
          "date": 29555790,
          "description": "ساختمان قدیم شهرداری الان تغییر کاربری داده و شده محل حفاظت اطلاعات استان البرز",
          "city": "شهرستان فردیس",
          "province": "استان البرز",
          "name:en": "Checkpoint and Inspection Station",
          "description:en": "An old municipal building that has been converted to serve as the data protection center for Alborz Province"
        },
        "verificationTag": "verified",
        "expirationDate": null,
        "createdAt": "2026-03-14T01:01:06.681Z",
        "updatedAt": "2026-03-26T02:08:18.866Z",
        "name:en": "Checkpoint and Inspection Station",
        "description:en": "An old municipal building that has been converted to serve as the data protection center for Alborz Province"
      }
    },
    {
      "type": "Feature",
      "id": 90268,
      "geometry": {
        "type": "Point",
        "coordinates": [
          51.45801160837138,
          35.6904821956295
        ]
      },
      "properties": {
        "name:fa": "ایست بازرسی",
        "date": "",
        "description": "ایست بازرسی پیروزی تقاطع امام علی",
        "city": "تهران",
        "province": "استان تهران",
        "id": "MzY6YTNhMTQzOGU4MjFi",
        "publicId": "MzY6YTNhMTQzOGU4MjFi",
        "sourceId": "a3a1438e821b",
        "layerId": 36,
        "type": "location",
        "status": "active",
        "urgency": null,
        "info": {
          "name:fa": "ایست بازرسی",
          "date": "",
          "description": "ایست بازرسی پیروزی تقاطع امام علی",
          "city": "تهران",
          "province": "استان تهران",
          "name:en": "Inspection Station",
          "description:en": "Inspection Station Victory at Imam Ali Intersection"
        },
        "verificationTag": "verified",
        "expirationDate": null,
        "createdAt": "2026-03-14T10:08:50.813Z",
        "updatedAt": "2026-03-26T02:08:19.048Z",
        "name:en": "Inspection Station",
        "description:en": "Inspection Station Victory at Imam Ali Intersection"
      }
    },
    {
      "type": "Feature",
      "id": 90276,
      "geometry": {
        "type": "Point",
        "coordinates": [
          46.201396507714804,
          35.68416166964687
        ]
      },
      "properties": {
        "name:fa": "پاسگاە انجیران",
        "date": 29539950,
        "description": "",
        "id": "MzY6NTI2NmEzOTQ1N2Vl",
        "publicId": "MzY6NTI2NmEzOTQ1N2Vl",
        "sourceId": "5266a39457ee",
        "layerId": 36,
        "type": "location",
        "status": "active",
        "urgency": null,
        "info": {
          "name:fa": "پاسگاە انجیران",
          "date": 29539950,
          "description": "",
          "name:en": "Passagah-e Anjiran",
          "description:en": ""
        },
        "verificationTag": null,
        "expirationDate": null,
        "createdAt": "2026-03-14T12:51:27.908Z",
        "updatedAt": "2026-03-14T12:51:27.908Z",
        "name:en": "Passagah-e Anjiran",
        "description:en": ""
      }
    },
    {
      "type": "Feature",
      "id": 90277,
      "geometry": {
        "type": "Point",
        "coordinates": [
          46.39462641705964,
          35.863330994468015
        ]
      },
      "properties": {
        "name:fa": "پاسگاەروستای بسطام",
        "date": "",
        "description": "",
        "id": "MzY6ZTFlOTVkOTA1YmM5",
        "publicId": "MzY6ZTFlOTVkOTA1YmM5",
        "sourceId": "e1e95d905bc9",
        "layerId": 36,
        "type": "location",
        "status": "active",
        "urgency": null,
        "info": {
          "name:fa": "پاسگاەروستای بسطام",
          "date": "",
          "description": "",
          "name:en": "Bastam Rural Police Station",
          "description:en": ""
        },
        "verificationTag": null,
        "expirationDate": null,
        "createdAt": "2026-03-14T13:01:58.794Z",
        "updatedAt": "2026-03-14T13:01:58.794Z",
        "name:en": "Bastam Rural Police Station",
        "description:en": ""
      }
    },
    {
      "type": "Feature",
      "id": 90281,
      "geometry": {
        "type": "Point",
        "coordinates": [
          51.51369291151434,
          35.72006199728712
        ]
      },
      "properties": {
        "name:fa": "ایست بازرسی",
        "date": "",
        "description": "محل ایست بازرسی با خودروهای تویوتا مشکی و سفید و تیربار سوار شده روی خودروهای زرهی آماده شلیک",
        "city": "تهران",
        "province": "استان تهران",
        "id": "MzY6Zjc0ZDBiNDEzZjI0",
        "publicId": "MzY6Zjc0ZDBiNDEzZjI0",
        "sourceId": "f74d0b413f24",
        "layerId": 36,
        "type": "location",
        "status": "active",
        "urgency": null,
        "info": {
          "name:fa": "ایست بازرسی",
          "date": "",
          "description": "محل ایست بازرسی با خودروهای تویوتا مشکی و سفید و تیربار سوار شده روی خودروهای زرهی آماده شلیک",
          "city": "تهران",
          "province": "استان تهران",
          "name:en": "Checkpoint",
          "description:en": "A checkpoint location with black and white Toyota vehicles and machine guns mounted on armored vehicles ready to fire"
        },
        "verificationTag": "verified",
        "expirationDate": null,
        "createdAt": "2026-03-14T16:48:43.689Z",
        "updatedAt": "2026-03-26T02:08:19.367Z",
        "name:en": "Checkpoint",
        "description:en": "A checkpoint location with black and white Toyota vehicles and machine guns mounted on armored vehicles ready to fire"
      }
    },
    {
      "type": "Feature",
      "id": 90282,
      "geometry": {
        "type": "Point",
        "coordinates": [
          51.334642903779894,
          35.70094273938352
        ]
      },
      "properties": {
        "name:fa": "ایست بازرسی",
        "date": "",
        "description": "ایست بازرسی در ضلع غربی میدان آزادی. ماشین های ضد شورش پایین میدان پارک کردن.",
        "city": "تهران",
        "province": "استان تهران",
        "id": "MzY6MjA1ZWJlNzllNDdj",
        "publicId": "MzY6MjA1ZWJlNzllNDdj",
        "sourceId": "205ebe79e47c",
        "layerId": 36,
        "type": "location",
        "status": "active",
        "urgency": null,
        "info": {
          "name:fa": "ایست بازرسی",
          "date": "",
          "description": "ایست بازرسی در ضلع غربی میدان آزادی. ماشین های ضد شورش پایین میدان پارک کردن.",
          "city": "تهران",
          "province": "استان تهران",
          "name:en": "Inspection Checkpoint",
          "description:en": "Inspection checkpoint on the west side of Azadi Square. Anti-riot vehicles parked at the lower part of the square."
        },
        "verificationTag": "verified",
        "expirationDate": null,
        "createdAt": "2026-03-14T16:49:36.094Z",
        "updatedAt": "2026-03-26T02:08:19.432Z",
        "name:en": "Inspection Checkpoint",
        "description:en": "Inspection checkpoint on the west side of Azadi Square. Anti-riot vehicles parked at the lower part of the square."
      }
    },
    {
      "type": "Feature",
      "id": 90284,
      "geometry": {
        "type": "Point",
        "coordinates": [
          51.48486966854489,
          35.63337342333229
        ]
      },
      "properties": {
        "name:fa": "ایست بازرسی",
        "date": "",
        "description": "نیروهای نظامی و بسیجی ایست بازرسی چند شب پشت هم گذاشتن",
        "city": "تهران",
        "province": "استان تهران",
        "id": "MzY6NDdlMGQxNzMyNTg5",
        "publicId": "MzY6NDdlMGQxNzMyNTg5",
        "sourceId": "47e0d1732589",
        "layerId": 36,
        "type": "location",
        "status": "active",
        "urgency": null,
        "info": {
          "name:fa": "ایست بازرسی",
          "date": "",
          "description": "نیروهای نظامی و بسیجی ایست بازرسی چند شب پشت هم گذاشتن",
          "city": "تهران",
          "province": "استان تهران",
          "name:en": "Checkpoint",
          "description:en": "Military and Basij forces set up a checkpoint for several consecutive nights"
        },
        "verificationTag": "verified",
        "expirationDate": null,
        "createdAt": "2026-03-14T16:54:29.077Z",
        "updatedAt": "2026-03-26T02:08:19.776Z",
        "name:en": "Checkpoint",
        "description:en": "Military and Basij forces set up a checkpoint for several consecutive nights"
      }
    },
    {
      "type": "Feature",
      "id": 90285,
      "geometry": {
        "type": "Point",
        "coordinates": [
          51.48883575312729,
          35.66067697776862
        ]
      },
      "properties": {
        "name:fa": "ایست بازرسی بسیج",
        "date": "",
        "description": "بلوار زمزم",
        "city": "تهران",
        "province": "استان تهران",
        "id": "MzY6NjkwZThlMDM0YjNh",
        "publicId": "MzY6NjkwZThlMDM0YjNh",
        "sourceId": "690e8e034b3a",
        "layerId": 36,
        "type": "location",
        "status": "active",
        "urgency": null,
        "info": {
          "name:fa": "ایست بازرسی بسیج",
          "date": "",
          "description": "بلوار زمزم",
          "city": "تهران",
          "province": "استان تهران",
          "name:en": "Basij Inspection Station",
          "description:en": "Zamzam Boulevard"
        },
        "verificationTag": "verified",
        "expirationDate": null,
        "createdAt": "2026-03-14T16:55:38.574Z",
        "updatedAt": "2026-03-26T02:08:19.848Z",
        "name:en": "Basij Inspection Station",
        "description:en": "Zamzam Boulevard"
      }
    },
    {
      "type": "Feature",
      "id": 90286,
      "geometry": {
        "type": "Point",
        "coordinates": [
          51.12564096451695,
          35.72032224448182
        ]
      },
      "properties": {
        "name:fa": "ایست بازرسی",
        "date": "",
        "description": "بلوار انقلاب",
        "city": "قدس",
        "province": "استان تهران",
        "id": "MzY6YWI2MmMyY2M1YTBh",
        "publicId": "MzY6YWI2MmMyY2M1YTBh",
        "sourceId": "ab62c2cc5a0a",
        "layerId": 36,
        "type": "location",
        "status": "active",
        "urgency": null,
        "info": {
          "name:fa": "ایست بازرسی",
          "date": "",
          "description": "بلوار انقلاب",
          "city": "قدس",
          "province": "استان تهران",
          "name:en": "Inspection Checkpoint",
          "description:en": "Revolution Boulevard"
        },
        "verificationTag": "verified",
        "expirationDate": null,
        "createdAt": "2026-03-14T16:57:15.295Z",
        "updatedAt": "2026-03-26T02:08:19.908Z",
        "name:en": "Inspection Checkpoint",
        "description:en": "Revolution Boulevard"
      }
    },
    {
      "type": "Feature",
      "id": 90287,
      "geometry": {
        "type": "Point",
        "coordinates": [
          50.855650328039076,
          34.60294475828306
        ]
      },
      "properties": {
        "name:fa": "یگان ویژه",
        "date": "",
        "description": "محل استقرار یگان ویژه",
        "city": "قم",
        "province": "استان قم",
        "id": "MzY6OTQ0ZjgzNTA4OWY0",
        "publicId": "MzY6OTQ0ZjgzNTA4OWY0",
        "sourceId": "944f835089f4",
        "layerId": 36,
        "type": "location",
        "status": "active",
        "urgency": null,
        "info": {
          "name:fa": "یگان ویژه",
          "date": "",
          "description": "محل استقرار یگان ویژه",
          "city": "قم",
          "province": "استان قم",
          "name:en": "Yegan Vijeh",
          "description:en": "The headquarters of the Special Unit"
        },
        "verificationTag": "verified",
        "expirationDate": null,
        "createdAt": "2026-03-14T16:58:11.744Z",
        "updatedAt": "2026-03-26T02:08:19.975Z",
        "name:en": "Yegan Vijeh",
        "description:en": "The headquarters of the Special Unit"
      }
    },
    {
      "type": "Feature",
      "id": 90289,
      "geometry": {
        "type": "Point",
        "coordinates": [
          50.859541568650656,
          34.61953584358348
        ]
      },
      "properties": {
        "name:fa": "تجمع نیروهای سرکوب",
        "date": "",
        "description": "محل جمع شدن بسیجی ها و یگان ویژه",
        "city": "قم",
        "province": "استان قم",
        "id": "MzY6OGJkMDlhMzQ5Y2Rl",
        "publicId": "MzY6OGJkMDlhMzQ5Y2Rl",
        "sourceId": "8bd09a349cde",
        "layerId": 36,
        "type": "location",
        "status": "active",
        "urgency": null,
        "info": {
          "name:fa": "تجمع نیروهای سرکوب",
          "date": "",
          "description": "محل جمع شدن بسیجی ها و یگان ویژه",
          "city": "قم",
          "province": "استان قم",
          "name:en": "Suppression Forces Assembly",
          "description:en": "A gathering place for Basij members and special forces units"
        },
        "verificationTag": "verified",
        "expirationDate": null,
        "createdAt": "2026-03-14T17:01:42.419Z",
        "updatedAt": "2026-03-26T02:08:20.034Z",
        "name:en": "Suppression Forces Assembly",
        "description:en": "A gathering place for Basij members and special forces units"
      }
    },
    {
      "type": "Feature",
      "id": 90290,
      "geometry": {
        "type": "Point",
        "coordinates": [
          50.853908205356106,
          34.618304880568544
        ]
      },
      "properties": {
        "name:fa": "ایست بازرسی",
        "date": "",
        "description": "ایست بازرسی و محل تجمع بسیجی ها",
        "city": "قم",
        "province": "استان قم",
        "id": "MzY6YmQ5YjIzM2IzODM3",
        "publicId": "MzY6YmQ5YjIzM2IzODM3",
        "sourceId": "bd9b233b3837",
        "layerId": 36,
        "type": "location",
        "status": "active",
        "urgency": null,
        "info": {
          "name:fa": "ایست بازرسی",
          "date": "",
          "description": "ایست بازرسی و محل تجمع بسیجی ها",
          "city": "قم",
          "province": "استان قم",
          "name:en": "Inspection Checkpoint",
          "description:en": "Inspection checkpoint and gathering place for Basij members"
        },
        "verificationTag": "verified",
        "expirationDate": null,
        "createdAt": "2026-03-14T17:02:29.519Z",
        "updatedAt": "2026-03-26T02:08:20.092Z",
        "name:en": "Inspection Checkpoint",
        "description:en": "Inspection checkpoint and gathering place for Basij members"
      }
    },
    {
      "type": "Feature",
      "id": 90291,
      "geometry": {
        "type": "Point",
        "coordinates": [
          51.343957,
          35.66503
        ]
      },
      "properties": {
        "name:fa": "ایست بازرسی",
        "date": "",
        "description": "ایست بازرسی و کمین در سعیدی",
        "city": "تهران",
        "province": "استان تهران",
        "id": "MzY6NWNjOWMwNzk1ZWE4",
        "publicId": "MzY6NWNjOWMwNzk1ZWE4",
        "sourceId": "5cc9c0795ea8",
        "layerId": 36,
        "type": "location",
        "status": "active",
        "urgency": null,
        "info": {
          "name:fa": "ایست بازرسی",
          "date": "",
          "description": "ایست بازرسی و کمین در سعیدی",
          "city": "تهران",
          "province": "استان تهران",
          "name:en": "Checkpoint",
          "description:en": "Checkpoint and ambush point in Saeedi"
        },
        "verificationTag": "verified",
        "expirationDate": null,
        "createdAt": "2026-03-14T17:20:25.483Z",
        "updatedAt": "2026-03-26T02:08:20.158Z",
        "name:en": "Checkpoint",
        "description:en": "Checkpoint and ambush point in Saeedi"
      }
    },
    {
      "type": "Feature",
      "id": 90292,
      "geometry": {
        "type": "Point",
        "coordinates": [
          51.307654031846994,
          35.742068891471106
        ]
      },
      "properties": {
        "name:fa": "ایست بازرسی",
        "date": "",
        "description": "ایست بازرسی پژوهنده",
        "city": "تهران",
        "province": "استان تهران",
        "id": "MzY6MjQxNzY0YjFiODlh",
        "publicId": "MzY6MjQxNzY0YjFiODlh",
        "sourceId": "241764b1b89a",
        "layerId": 36,
        "type": "location",
        "status": "active",
        "urgency": null,
        "info": {
          "name:fa": "ایست بازرسی",
          "date": "",
          "description": "ایست بازرسی پژوهنده",
          "city": "تهران",
          "province": "استان تهران",
          "name:en": "Inspection Station",
          "description:en": "Inspection Station for Research"
        },
        "verificationTag": "verified",
        "expirationDate": null,
        "createdAt": "2026-03-14T17:25:26.198Z",
        "updatedAt": "2026-03-26T02:08:20.219Z",
        "name:en": "Inspection Station",
        "description:en": "Inspection Station for Research"
      }
    },
    {
      "type": "Feature",
      "id": 90293,
      "geometry": {
        "type": "Point",
        "coordinates": [
          51.471931408199424,
          35.799302608635145
        ]
      },
      "properties": {
        "name:fa": "ایست بازرسی",
        "date": "",
        "description": "ایست بازرسی بلوار لواسانی",
        "city": "تجریش",
        "province": "استان تهران",
        "id": "MzY6ZmIyNzM4MDIwZGRm",
        "publicId": "MzY6ZmIyNzM4MDIwZGRm",
        "sourceId": "fb2738020ddf",
        "layerId": 36,
        "type": "location",
        "status": "active",
        "urgency": null,
        "info": {
          "name:fa": "ایست بازرسی",
          "date": "",
          "description": "ایست بازرسی بلوار لواسانی",
          "city": "تجریش",
          "province": "استان تهران",
          "name:en": "Inspection Station",
          "description:en": "Inspection Station, Lavasani Boulevard"
        },
        "verificationTag": "verified",
        "expirationDate": null,
        "createdAt": "2026-03-14T17:27:14.865Z",
        "updatedAt": "2026-03-26T02:08:20.292Z",
        "name:en": "Inspection Station",
        "description:en": "Inspection Station, Lavasani Boulevard"
      }
    },
    {
      "type": "Feature",
      "id": 90294,
      "geometry": {
        "type": "Point",
        "coordinates": [
          47.09142641292203,
          34.3619180607476
        ]
      },
      "properties": {
        "name:fa": "ایست بازرسی",
        "date": "",
        "description": "ایست بازرسی خیابان پرواز",
        "id": "MzY6NDZhNjY4NmRmZGRk",
        "publicId": "MzY6NDZhNjY4NmRmZGRk",
        "sourceId": "46a6686dfddd",
        "layerId": 36,
        "type": "location",
        "status": "active",
        "urgency": null,
        "info": {
          "name:fa": "ایست بازرسی",
          "date": "",
          "description": "ایست بازرسی خیابان پرواز",
          "name:en": "Inspection Station",
          "description:en": "Inspection Station on Parvaz Street"
        },
        "verificationTag": null,
        "expirationDate": null,
        "createdAt": "2026-03-14T18:22:10.238Z",
        "updatedAt": "2026-03-14T18:22:10.238Z",
        "name:en": "Inspection Station",
        "description:en": "Inspection Station on Parvaz Street"
      }
    },
    {
      "type": "Feature",
      "id": 90300,
      "geometry": {
        "type": "Point",
        "coordinates": [
          50.98249518423938,
          35.85496623462822
        ]
      },
      "properties": {
        "name:fa": "محل تجمع نیروهای بسیج",
        "date": 29558670,
        "description": "",
        "city": "کرج",
        "province": "استان البرز",
        "id": "MzY6ZWRhYzlhNzE5ZTM5",
        "publicId": "MzY6ZWRhYzlhNzE5ZTM5",
        "sourceId": "edac9a719e39",
        "layerId": 36,
        "type": "location",
        "status": "active",
        "urgency": null,
        "info": {
          "name:fa": "محل تجمع نیروهای بسیج",
          "date": 29558670,
          "description": "",
          "city": "کرج",
          "province": "استان البرز",
          "name:en": "Basij Forces Assembly Point",
          "description:en": ""
        },
        "verificationTag": "not-verified",
        "expirationDate": null,
        "createdAt": "2026-03-15T08:33:44.841Z",
        "updatedAt": "2026-03-26T02:08:20.733Z",
        "name:en": "Basij Forces Assembly Point",
        "description:en": ""
      }
    },
    {
      "type": "Feature",
      "id": 90302,
      "geometry": {
        "type": "Point",
        "coordinates": [
          46.94401068610688,
          34.908536769995266
        ]
      },
      "properties": {
        "name:fa": "پایگاه هوایی سپاه و دکل تلویزیونی",
        "date": -49388746200,
        "description": "",
        "city": "شهرستان کامیاران",
        "province": "استان کردستان",
        "id": "MzY6YTJlYmYwMmIxOTBm",
        "publicId": "MzY6YTJlYmYwMmIxOTBm",
        "sourceId": "a2ebf02b190f",
        "layerId": 36,
        "type": "location",
        "status": "active",
        "urgency": null,
        "info": {
          "name:fa": "پایگاه هوایی سپاه و دکل تلویزیونی",
          "date": -49388746200,
          "description": "",
          "city": "شهرستان کامیاران",
          "province": "استان کردستان",
          "name:en": "Sepah Air Base and Television Tower",
          "description:en": ""
        },
        "verificationTag": "not-verified",
        "expirationDate": null,
        "createdAt": "2026-03-15T09:57:28.709Z",
        "updatedAt": "2026-03-26T02:08:20.898Z",
        "name:en": "Sepah Air Base and Television Tower",
        "description:en": ""
      }
    },
    {
      "type": "Feature",
      "id": 90313,
      "geometry": {
        "type": "Point",
        "coordinates": [
          51.47943406696652,
          35.63930969043541
        ]
      },
      "properties": {
        "name:fa": "ایست بازرسی",
        "date": 1772656200,
        "description": "ایست بازرسی توسط نیرو های نظامی و سرکوب به صورت شبانه روزی",
        "city": "تهران",
        "province": "استان تهران",
        "id": "MzY6MzA3ZDhiYWNhNTg3",
        "publicId": "MzY6MzA3ZDhiYWNhNTg3",
        "sourceId": "307d8baca587",
        "layerId": 36,
        "type": "location",
        "status": "active",
        "urgency": null,
        "info": {
          "name:fa": "ایست بازرسی",
          "date": 1772656200,
          "description": "ایست بازرسی توسط نیرو های نظامی و سرکوب به صورت شبانه روزی",
          "city": "تهران",
          "province": "استان تهران",
          "name:en": "Checkpoint",
          "description:en": "A checkpoint operated 24 hours a day by military and security forces"
        },
        "verificationTag": "not-verified",
        "expirationDate": null,
        "createdAt": "2026-03-15T12:20:16.699Z",
        "updatedAt": "2026-03-26T02:08:21.806Z",
        "name:en": "Checkpoint",
        "description:en": "A checkpoint operated 24 hours a day by military and security forces"
      }
    },
    {
      "type": "Feature",
      "id": 90314,
      "geometry": {
        "type": "Point",
        "coordinates": [
          51.49304989899795,
          35.63889174108907
        ]
      },
      "properties": {
        "name:fa": "مدرسه",
        "date": 1772569800,
        "description": "ماشین و موتور نیرو و تجهیزات نظامی گروه های تروریستی سپاه در این مدرسه مستقر هستند",
        "city": "تهران",
        "province": "استان تهران",
        "id": "MzY6NGM0N2QwOTI4OWMz",
        "publicId": "MzY6NGM0N2QwOTI4OWMz",
        "sourceId": "4c47d09289c3",
        "layerId": 36,
        "type": "location",
        "status": "active",
        "urgency": null,
        "info": {
          "name:fa": "مدرسه",
          "date": 1772569800,
          "description": "ماشین و موتور نیرو و تجهیزات نظامی گروه های تروریستی سپاه در این مدرسه مستقر هستند",
          "city": "تهران",
          "province": "استان تهران",
          "name:en": "School",
          "description:en": "Vehicles, engines, power equipment, and military equipment of terrorist groups of the Revolutionary Guards are stationed in this school."
        },
        "verificationTag": "verified",
        "expirationDate": null,
        "createdAt": "2026-03-15T12:21:08.858Z",
        "updatedAt": "2026-03-26T02:08:21.876Z",
        "name:en": "School",
        "description:en": "Vehicles, engines, power equipment, and military equipment of terrorist groups of the Revolutionary Guards are stationed in this school."
      }
    },
    {
      "type": "Feature",
      "id": 90315,
      "geometry": {
        "type": "Point",
        "coordinates": [
          51.487688487352955,
          35.63089535964468
        ]
      },
      "properties": {
        "name:fa": "ایست بازرسی",
        "date": 1772656200,
        "description": "ایست بازرسی شبانه روزی نیروهای تروریستی سپاه و ارتش با اسلحه جنگی و ماشین های زره ای",
        "city": "تهران",
        "province": "استان تهران",
        "id": "MzY6YWIzZjAzMjhmZGM3",
        "publicId": "MzY6YWIzZjAzMjhmZGM3",
        "sourceId": "ab3f0328fdc7",
        "layerId": 36,
        "type": "location",
        "status": "active",
        "urgency": null,
        "info": {
          "name:fa": "ایست بازرسی",
          "date": 1772656200,
          "description": "ایست بازرسی شبانه روزی نیروهای تروریستی سپاه و ارتش با اسلحه جنگی و ماشین های زره ای",
          "city": "تهران",
          "province": "استان تهران",
          "name:en": "Checkpoint",
          "description:en": "A 24-hour inspection checkpoint of terrorist forces of the Revolutionary Guards and Army with military weapons and armored vehicles"
        },
        "verificationTag": "verified",
        "expirationDate": null,
        "createdAt": "2026-03-15T12:23:44.368Z",
        "updatedAt": "2026-03-26T02:08:21.932Z",
        "name:en": "Checkpoint",
        "description:en": "A 24-hour inspection checkpoint of terrorist forces of the Revolutionary Guards and Army with military weapons and armored vehicles"
      }
    },
    {
      "type": "Feature",
      "id": 90317,
      "geometry": {
        "type": "Point",
        "coordinates": [
          51.491332491113866,
          35.62673493672423
        ]
      },
      "properties": {
        "name:fa": "ایست بازرسی",
        "date": 1772656200,
        "description": "استقرار نیروهای انتظامی و اگاهی با ماشین های یگان ویژه که داخل هر ماشین ۴ نفر هستن",
        "city": "تهران",
        "province": "استان تهران",
        "id": "MzY6MTVmOGJjMTU4N2Zk",
        "publicId": "MzY6MTVmOGJjMTU4N2Zk",
        "sourceId": "15f8bc1587fd",
        "layerId": 36,
        "type": "location",
        "status": "active",
        "urgency": null,
        "info": {
          "name:fa": "ایست بازرسی",
          "date": 1772656200,
          "description": "استقرار نیروهای انتظامی و اگاهی با ماشین های یگان ویژه که داخل هر ماشین ۴ نفر هستن",
          "city": "تهران",
          "province": "استان تهران",
          "name:en": "Checkpoint",
          "description:en": "Deployment of police and awareness forces with special unit vehicles, with 4 personnel in each vehicle"
        },
        "verificationTag": "verified",
        "expirationDate": null,
        "createdAt": "2026-03-15T12:29:25.408Z",
        "updatedAt": "2026-03-26T02:08:22.261Z",
        "name:en": "Checkpoint",
        "description:en": "Deployment of police and awareness forces with special unit vehicles, with 4 personnel in each vehicle"
      }
    },
    {
      "type": "Feature",
      "id": 90318,
      "geometry": {
        "type": "Point",
        "coordinates": [
          51.50113257683813,
          35.65941392518248
        ]
      },
      "properties": {
        "name:fa": "مدرسه",
        "date": 1772656200,
        "description": "در این سه مدرسه که کنار هم هستن نیرو و ماشین های گروه تروریستی سپاه و ارتش از تختی به این محل انتقال شده است",
        "city": "تهران",
        "province": "استان تهران",
        "id": "MzY6ZDlhMWY5MzU5MjFl",
        "publicId": "MzY6ZDlhMWY5MzU5MjFl",
        "sourceId": "d9a1f935921e",
        "layerId": 36,
        "type": "location",
        "status": "active",
        "urgency": null,
        "info": {
          "name:fa": "مدرسه",
          "date": 1772656200,
          "description": "در این سه مدرسه که کنار هم هستن نیرو و ماشین های گروه تروریستی سپاه و ارتش از تختی به این محل انتقال شده است",
          "city": "تهران",
          "province": "استان تهران",
          "name:en": "School",
          "description:en": "In these three schools that are next to each other, personnel and vehicles of the terrorist group IRGC and the military have been transferred from Takht to this location."
        },
        "verificationTag": "verified",
        "expirationDate": null,
        "createdAt": "2026-03-15T12:30:39.486Z",
        "updatedAt": "2026-03-26T02:08:22.341Z",
        "name:en": "School",
        "description:en": "In these three schools that are next to each other, personnel and vehicles of the terrorist group IRGC and the military have been transferred from Takht to this location."
      }
    },
    {
      "type": "Feature",
      "id": 90320,
      "geometry": {
        "type": "Point",
        "coordinates": [
          51.47779625525584,
          35.650155574358635
        ]
      },
      "properties": {
        "name:fa": "ایست بازرسی",
        "date": 1773261000,
        "description": "اتوبوس یگان ویژه",
        "city": "تهران",
        "province": "استان تهران",
        "id": "MzY6NGVjZmEwOGIzZjlm",
        "publicId": "MzY6NGVjZmEwOGIzZjlm",
        "sourceId": "4ecfa08b3f9f",
        "layerId": 36,
        "type": "location",
        "status": "active",
        "urgency": null,
        "info": {
          "name:fa": "ایست بازرسی",
          "date": 1773261000,
          "description": "اتوبوس یگان ویژه",
          "city": "تهران",
          "province": "استان تهران",
          "name:en": "Inspection Station",
          "description:en": "Special unit bus"
        },
        "verificationTag": "not-verified",
        "expirationDate": null,
        "createdAt": "2026-03-15T12:34:49.202Z",
        "updatedAt": "2026-03-26T02:08:22.401Z",
        "name:en": "Inspection Station",
        "description:en": "Special unit bus"
      }
    },
    {
      "type": "Feature",
      "id": 90322,
      "geometry": {
        "type": "Point",
        "coordinates": [
          51.46470817388243,
          35.63194762540388
        ]
      },
      "properties": {
        "name:fa": "ایست بازرسی",
        "date": 1773261000,
        "description": "ایست بازرسی بسیج",
        "city": "تهران",
        "province": "استان تهران",
        "id": "MzY6ZTcwMTJiNDc0NjQ4",
        "publicId": "MzY6ZTcwMTJiNDc0NjQ4",
        "sourceId": "e7012b474648",
        "layerId": 36,
        "type": "location",
        "status": "active",
        "urgency": null,
        "info": {
          "name:fa": "ایست بازرسی",
          "date": 1773261000,
          "description": "ایست بازرسی بسیج",
          "city": "تهران",
          "province": "استان تهران",
          "name:en": "Inspection Post",
          "description:en": "Inspection Post Basij"
        },
        "verificationTag": "not-verified",
        "expirationDate": null,
        "createdAt": "2026-03-15T12:36:07.766Z",
        "updatedAt": "2026-03-26T02:08:22.526Z",
        "name:en": "Inspection Post",
        "description:en": "Inspection Post Basij"
      }
    },
    {
      "type": "Feature",
      "id": 90324,
      "geometry": {
        "type": "Point",
        "coordinates": [
          51.469788083931576,
          35.63527324846743
        ]
      },
      "properties": {
        "name:fa": "ایست بازرسی",
        "date": 1771446600,
        "description": "پایگاه سرکوب بسیج برگزاری ایست بازرسی در مناطق شهرک بروجردی و کیانشهر حضور در فعال در سرکوب اعتراض مردمی افسریه",
        "city": "تهران",
        "province": "استان تهران",
        "id": "MzY6ZWZhYzBiM2RkYTQ3",
        "publicId": "MzY6ZWZhYzBiM2RkYTQ3",
        "sourceId": "efac0b3dda47",
        "layerId": 36,
        "type": "location",
        "status": "active",
        "urgency": null,
        "info": {
          "name:fa": "ایست بازرسی",
          "date": 1771446600,
          "description": "پایگاه سرکوب بسیج برگزاری ایست بازرسی در مناطق شهرک بروجردی و کیانشهر حضور در فعال در سرکوب اعتراض مردمی افسریه",
          "city": "تهران",
          "province": "استان تهران",
          "name:en": "Inspection Checkpoint",
          "description:en": "Basij suppression base conducting inspection checkpoints in the Shahrak Borujerd and Kianshahr areas; presence and active participation in suppressing popular protests by officers"
        },
        "verificationTag": "verified",
        "expirationDate": null,
        "createdAt": "2026-03-15T12:38:15.967Z",
        "updatedAt": "2026-03-26T02:08:22.649Z",
        "name:en": "Inspection Checkpoint",
        "description:en": "Basij suppression base conducting inspection checkpoints in the Shahrak Borujerd and Kianshahr areas; presence and active participation in suppressing popular protests by officers"
      }
    },
    {
      "type": "Feature",
      "id": 90325,
      "geometry": {
        "type": "Point",
        "coordinates": [
          51.46543575814408,
          35.640369431921116
        ]
      },
      "properties": {
        "name:fa": "تردد مشکوک",
        "date": 1771446600,
        "description": "تردد مشکوک شبانه تریلی های ایوکو بدون پلاک و جابجایی متعدد کانتینر هایی با علامت دنجر حضور نیروهای کاملا مسلح سپاه",
        "city": "تهران",
        "province": "استان تهران",
        "id": "MzY6MDlmNmMxODc5MjAy",
        "publicId": "MzY6MDlmNmMxODc5MjAy",
        "sourceId": "09f6c1879202",
        "layerId": 36,
        "type": "location",
        "status": "active",
        "urgency": null,
        "info": {
          "name:fa": "تردد مشکوک",
          "date": 1771446600,
          "description": "تردد مشکوک شبانه تریلی های ایوکو بدون پلاک و جابجایی متعدد کانتینر هایی با علامت دنجر حضور نیروهای کاملا مسلح سپاه",
          "city": "تهران",
          "province": "استان تهران",
          "name:en": "Suspicious Movement",
          "description:en": "Suspicious nocturnal movement of Iveco trucks without license plates and multiple displacement of containers marked with danger signs; presence of fully armed Sepah forces"
        },
        "verificationTag": "not-verified",
        "expirationDate": null,
        "createdAt": "2026-03-15T12:38:56.011Z",
        "updatedAt": "2026-03-26T02:08:22.718Z",
        "name:en": "Suspicious Movement",
        "description:en": "Suspicious nocturnal movement of Iveco trucks without license plates and multiple displacement of containers marked with danger signs; presence of fully armed Sepah forces"
      }
    },
    {
      "type": "Feature",
      "id": 90327,
      "geometry": {
        "type": "Point",
        "coordinates": [
          51.45249493519964,
          35.59108797747318
        ]
      },
      "properties": {
        "name:fa": "ایست بازرسی",
        "date": 1773433800,
        "description": "ایست بازرسی یگان ویژه ۲۴ اسفند ۹ صبح",
        "city": "ری",
        "province": "استان تهران",
        "id": "MzY6YTdjMmFjZTQ5ZTJm",
        "publicId": "MzY6YTdjMmFjZTQ5ZTJm",
        "sourceId": "a7c2ace49e2f",
        "layerId": 36,
        "type": "location",
        "status": "active",
        "urgency": null,
        "info": {
          "name:fa": "ایست بازرسی",
          "date": 1773433800,
          "description": "ایست بازرسی یگان ویژه ۲۴ اسفند ۹ صبح",
          "city": "ری",
          "province": "استان تهران",
          "name:en": "Inspection Checkpoint",
          "description:en": "Inspection checkpoint of the special unit on 24 Esfand at 9 in the morning"
        },
        "verificationTag": "not-verified",
        "expirationDate": null,
        "createdAt": "2026-03-15T12:43:16.637Z",
        "updatedAt": "2026-03-26T02:08:22.840Z",
        "name:en": "Inspection Checkpoint",
        "description:en": "Inspection checkpoint of the special unit on 24 Esfand at 9 in the morning"
      }
    },
    {
      "type": "Feature",
      "id": 90345,
      "geometry": {
        "type": "Point",
        "coordinates": [
          51.46812793381676,
          35.811245281695676
        ]
      },
      "properties": {
        "name:fa": "ایست بازرسی",
        "date": "",
        "description": "ایست بازرسی نیاوران",
        "city": "تجریش",
        "province": "استان تهران",
        "id": "MzY6NmU1ZTQzZWI0Mzk3",
        "publicId": "MzY6NmU1ZTQzZWI0Mzk3",
        "sourceId": "6e5e43eb4397",
        "layerId": 36,
        "type": "location",
        "status": "active",
        "urgency": null,
        "info": {
          "name:fa": "ایست بازرسی",
          "date": "",
          "description": "ایست بازرسی نیاوران",
          "city": "تجریش",
          "province": "استان تهران",
          "name:en": "Inspection Point",
          "description:en": "Inspection Point Niavaran"
        },
        "verificationTag": "verified",
        "expirationDate": null,
        "createdAt": "2026-03-16T12:39:26.935Z",
        "updatedAt": "2026-03-26T02:08:24.429Z",
        "name:en": "Inspection Point",
        "description:en": "Inspection Point Niavaran"
      }
    },
    {
      "type": "Feature",
      "id": 90349,
      "geometry": {
        "type": "Point",
        "coordinates": [
          51.33625889107091,
          35.71217154628421
        ]
      },
      "properties": {
        "name:fa": "ایست و بازرسی",
        "date": "",
        "description": "ایست بازرسی سپاه",
        "city": "تهران",
        "province": "استان تهران",
        "id": "MzY6NjE2NTJmOTI0MTc0",
        "publicId": "MzY6NjE2NTJmOTI0MTc0",
        "sourceId": "61652f924174",
        "layerId": 36,
        "type": "location",
        "status": "active",
        "urgency": null,
        "info": {
          "name:fa": "ایست و بازرسی",
          "date": "",
          "description": "ایست بازرسی سپاه",
          "city": "تهران",
          "province": "استان تهران",
          "name:en": "Checkpoint and Inspection Station",
          "description:en": "Sepah inspection checkpoint"
        },
        "verificationTag": "verified",
        "expirationDate": null,
        "createdAt": "2026-03-16T12:48:11.099Z",
        "updatedAt": "2026-03-26T02:08:24.888Z",
        "name:en": "Checkpoint and Inspection Station",
        "description:en": "Sepah inspection checkpoint"
      }
    },
    {
      "type": "Feature",
      "id": 90350,
      "geometry": {
        "type": "Point",
        "coordinates": [
          51.53815178757233,
          35.733908492944195
        ]
      },
      "properties": {
        "name:fa": "ایست بازرسی",
        "date": "",
        "description": "ایست بازرسی شاهد",
        "city": "تهران",
        "province": "استان تهران",
        "id": "MzY6ZTY4MzA3MjY1NGFi",
        "publicId": "MzY6ZTY4MzA3MjY1NGFi",
        "sourceId": "e683072654ab",
        "layerId": 36,
        "type": "location",
        "status": "active",
        "urgency": null,
        "info": {
          "name:fa": "ایست بازرسی",
          "date": "",
          "description": "ایست بازرسی شاهد",
          "city": "تهران",
          "province": "استان تهران",
          "name:en": "Checkpoint",
          "description:en": "Shahid Checkpoint"
        },
        "verificationTag": "verified",
        "expirationDate": null,
        "createdAt": "2026-03-16T12:49:27.462Z",
        "updatedAt": "2026-03-26T02:08:24.957Z",
        "name:en": "Checkpoint",
        "description:en": "Shahid Checkpoint"
      }
    },
    {
      "type": "Feature",
      "id": 90351,
      "geometry": {
        "type": "Point",
        "coordinates": [
          51.40374644183109,
          35.75711869854588
        ]
      },
      "properties": {
        "name:fa": "ایست بازرسی",
        "date": "",
        "description": "ایست بازرسی زیر پل کردستان ملاصدرا",
        "city": "تهران",
        "province": "استان تهران",
        "id": "MzY6MWI4YzAzMGZlYTFj",
        "publicId": "MzY6MWI4YzAzMGZlYTFj",
        "sourceId": "1b8c030fea1c",
        "layerId": 36,
        "type": "location",
        "status": "active",
        "urgency": null,
        "info": {
          "name:fa": "ایست بازرسی",
          "date": "",
          "description": "ایست بازرسی زیر پل کردستان ملاصدرا",
          "city": "تهران",
          "province": "استان تهران",
          "name:en": "Inspection Post",
          "description:en": "Inspection Post under Kurdistan Bridge Mollasadra"
        },
        "verificationTag": "verified",
        "expirationDate": null,
        "createdAt": "2026-03-16T12:55:57.868Z",
        "updatedAt": "2026-03-26T02:08:25.027Z",
        "name:en": "Inspection Post",
        "description:en": "Inspection Post under Kurdistan Bridge Mollasadra"
      }
    },
    {
      "type": "Feature",
      "id": 90352,
      "geometry": {
        "type": "Point",
        "coordinates": [
          51.345527187518115,
          35.77125134625625
        ]
      },
      "properties": {
        "name:fa": "ایست بازرسی",
        "date": "",
        "description": "ایست بازرسی زیر پل یادگار",
        "city": "تهران",
        "province": "استان تهران",
        "id": "MzY6ZWQzN2UyNGYwOWE1",
        "publicId": "MzY6ZWQzN2UyNGYwOWE1",
        "sourceId": "ed37e24f09a5",
        "layerId": 36,
        "type": "location",
        "status": "active",
        "urgency": null,
        "info": {
          "name:fa": "ایست بازرسی",
          "date": "",
          "description": "ایست بازرسی زیر پل یادگار",
          "city": "تهران",
          "province": "استان تهران",
          "name:en": "Inspection Station",
          "description:en": "Inspection station under Yaadgar Bridge"
        },
        "verificationTag": "verified",
        "expirationDate": null,
        "createdAt": "2026-03-16T12:56:38.724Z",
        "updatedAt": "2026-03-26T02:08:25.089Z",
        "name:en": "Inspection Station",
        "description:en": "Inspection station under Yaadgar Bridge"
      }
    },
    {
      "type": "Feature",
      "id": 90353,
      "geometry": {
        "type": "Point",
        "coordinates": [
          51.436051531337995,
          35.78396209664825
        ]
      },
      "properties": {
        "name:fa": "ایست بازرسی",
        "date": "",
        "description": "ایست بازرسی مسلح زیر پل قایم شدن اونور هم چادر زدن",
        "city": "تهران",
        "province": "استان تهران",
        "id": "MzY6NTI4MDg2MzVhZmE2",
        "publicId": "MzY6NTI4MDg2MzVhZmE2",
        "sourceId": "52808635afa6",
        "layerId": 36,
        "type": "location",
        "status": "active",
        "urgency": null,
        "info": {
          "name:fa": "ایست بازرسی",
          "date": "",
          "description": "ایست بازرسی مسلح زیر پل قایم شدن اونور هم چادر زدن",
          "city": "تهران",
          "province": "استان تهران",
          "name:en": "Checkpoint",
          "description:en": "An armed checkpoint established under the bridge with a tent"
        },
        "verificationTag": "verified",
        "expirationDate": null,
        "createdAt": "2026-03-16T13:10:06.216Z",
        "updatedAt": "2026-03-26T02:08:25.151Z",
        "name:en": "Checkpoint",
        "description:en": "An armed checkpoint established under the bridge with a tent"
      }
    },
    {
      "type": "Feature",
      "id": 90355,
      "geometry": {
        "type": "Point",
        "coordinates": [
          51.4495561570983,
          35.69039736698247
        ]
      },
      "properties": {
        "name:fa": "پایگاه بسیج ",
        "date": "",
        "description": "پایگاه بسیج جنب اداره برق",
        "city": "تهران",
        "province": "استان تهران",
        "id": "MzY6NDEyMjQxYTQxOTE5",
        "publicId": "MzY6NDEyMjQxYTQxOTE5",
        "sourceId": "412241a41919",
        "layerId": 36,
        "type": "location",
        "status": "active",
        "urgency": null,
        "info": {
          "name:fa": "پایگاه بسیج ",
          "date": "",
          "description": "پایگاه بسیج جنب اداره برق",
          "city": "تهران",
          "province": "استان تهران",
          "name:en": "Basij Base",
          "description:en": "Basij Base next to the Electricity Office"
        },
        "verificationTag": "verified",
        "expirationDate": null,
        "createdAt": "2026-03-16T13:41:19.065Z",
        "updatedAt": "2026-03-26T02:08:25.274Z",
        "name:en": "Basij Base",
        "description:en": "Basij Base next to the Electricity Office"
      }
    },
    {
      "type": "Feature",
      "id": 90357,
      "geometry": {
        "type": "Point",
        "coordinates": [
          52.47715053753498,
          29.620561038512946
        ]
      },
      "properties": {
        "name:fa": "مرکز تجمع نیروهای سرکوب",
        "date": "",
        "description": "مرکز تجمع بسیجیان قاتل . در این محل قبلا بمبگذاری شده سالهای گذشته . بسیار مهم",
        "city": "شیراز",
        "province": "استان فارس",
        "id": "MzY6ZDRjNjkwZTc0OTdh",
        "publicId": "MzY6ZDRjNjkwZTc0OTdh",
        "sourceId": "d4c690e7497a",
        "layerId": 36,
        "type": "location",
        "status": "active",
        "urgency": null,
        "info": {
          "name:fa": "مرکز تجمع نیروهای سرکوب",
          "date": "",
          "description": "مرکز تجمع بسیجیان قاتل . در این محل قبلا بمبگذاری شده سالهای گذشته . بسیار مهم",
          "city": "شیراز",
          "province": "استان فارس",
          "name:en": "Center for Gathering of Suppressive Forces",
          "description:en": "Center for gathering of killer Basij members. This location was previously bombed in past years. Very important."
        },
        "verificationTag": "verified",
        "expirationDate": null,
        "createdAt": "2026-03-16T14:05:22.630Z",
        "updatedAt": "2026-03-26T02:08:25.421Z",
        "name:en": "Center for Gathering of Suppressive Forces",
        "description:en": "Center for gathering of killer Basij members. This location was previously bombed in past years. Very important."
      }
    },
    {
      "type": "Feature",
      "id": 90371,
      "geometry": {
        "type": "Point",
        "coordinates": [
          54.4515874163215,
          31.707325899078015
        ]
      },
      "properties": {
        "name:fa": "ایست بازرسی",
        "date": "",
        "description": "چند عدد ساختمان هست مثلا به اسم راهنمایی رانندگی ولی ایست بسیج زدن اینجا",
        "city": "شهرستان مهریز",
        "province": "استان یزد",
        "id": "MzY6MjhlNGY1OWViZjkx",
        "publicId": "MzY6MjhlNGY1OWViZjkx",
        "sourceId": "28e4f59ebf91",
        "layerId": 36,
        "type": "location",
        "status": "active",
        "urgency": null,
        "info": {
          "name:fa": "ایست بازرسی",
          "date": "",
          "description": "چند عدد ساختمان هست مثلا به اسم راهنمایی رانندگی ولی ایست بسیج زدن اینجا",
          "city": "شهرستان مهریز",
          "province": "استان یزد",
          "name:en": "Checkpoint",
          "description:en": "There are several buildings here, for example a traffic police office, but the main function is a Basij mobilization post here."
        },
        "verificationTag": "verified",
        "expirationDate": null,
        "createdAt": "2026-03-16T22:15:20.160Z",
        "updatedAt": "2026-03-26T02:08:26.659Z",
        "name:en": "Checkpoint",
        "description:en": "There are several buildings here, for example a traffic police office, but the main function is a Basij mobilization post here."
      }
    },
    {
      "type": "Feature",
      "id": 90372,
      "geometry": {
        "type": "Point",
        "coordinates": [
          54.42549030252894,
          31.56129055273057
        ]
      },
      "properties": {
        "name:fa": "پرتابگر موشک",
        "date": "",
        "description": "دو لانچر سپاه آوردن داخل سالن تنیس قایم کردن",
        "city": "مهریز",
        "province": "استان یزد",
        "id": "MzY6YjZhMTNkZDc4ZDhj",
        "publicId": "MzY6YjZhMTNkZDc4ZDhj",
        "sourceId": "b6a13dd78d8c",
        "layerId": 36,
        "type": "location",
        "status": "active",
        "urgency": null,
        "info": {
          "name:fa": "پرتابگر موشک",
          "date": "",
          "description": "دو لانچر سپاه آوردن داخل سالن تنیس قایم کردن",
          "city": "مهریز",
          "province": "استان یزد",
          "name:en": "Rocket Launcher",
          "description:en": "Two sepah launchers brought into the tennis hall and set up"
        },
        "verificationTag": "not-verified",
        "expirationDate": null,
        "createdAt": "2026-03-16T22:34:46.917Z",
        "updatedAt": "2026-03-26T02:08:26.715Z",
        "name:en": "Rocket Launcher",
        "description:en": "Two sepah launchers brought into the tennis hall and set up"
      }
    },
    {
      "type": "Feature",
      "id": 90373,
      "geometry": {
        "type": "Point",
        "coordinates": [
          51.449673733031204,
          35.70646289782435
        ]
      },
      "properties": {
        "name:fa": "مسجد جامع صفا ",
        "date": "",
        "description": "مسجد جامع صفا بعنوان سر پایگاه و فرماندهی مساجد در شرق تهران. بیش از ده طبقه روی زمین و پنج طبقه زیر زمین یکی از بزرگترین مراکز سرکوب با دو هزار نیروی بسیج فعال و دپوی عظیم اسلحه های سبک و نیمه سنگین",
        "city": "تهران",
        "province": "استان تهران",
        "id": "MzY6YmUyOWRiMTRmNWNh",
        "publicId": "MzY6YmUyOWRiMTRmNWNh",
        "sourceId": "be29db14f5ca",
        "layerId": 36,
        "type": "location",
        "status": "active",
        "urgency": null,
        "info": {
          "name:fa": "مسجد جامع صفا ",
          "date": "",
          "description": "مسجد جامع صفا بعنوان سر پایگاه و فرماندهی مساجد در شرق تهران. بیش از ده طبقه روی زمین و پنج طبقه زیر زمین یکی از بزرگترین مراکز سرکوب با دو هزار نیروی بسیج فعال و دپوی عظیم اسلحه های سبک و نیمه سنگین",
          "city": "تهران",
          "province": "استان تهران",
          "name:en": "Safa Grand Mosque",
          "description:en": "Safa Grand Mosque serves as the headquarters and command center for mosques in eastern Tehran. With more than ten floors above ground and five floors underground, it is one of the largest suppression centers with two thousand active Basij personnel and a vast depot of light and semi-heavy weapons."
        },
        "verificationTag": "verified",
        "expirationDate": null,
        "createdAt": "2026-03-16T22:35:26.843Z",
        "updatedAt": "2026-03-26T02:08:26.780Z",
        "name:en": "Safa Grand Mosque",
        "description:en": "Safa Grand Mosque serves as the headquarters and command center for mosques in eastern Tehran. With more than ten floors above ground and five floors underground, it is one of the largest suppression centers with two thousand active Basij personnel and a vast depot of light and semi-heavy weapons."
      }
    },
    {
      "type": "Feature",
      "id": 90374,
      "geometry": {
        "type": "Point",
        "coordinates": [
          51.176147,
          35.656251
        ]
      },
      "properties": {
        "name:fa": "تردد مشکوک - اطلاعات سپاه",
        "date": "",
        "description": "گزارش شامل مشاهده رفت و آمد ماشین های سنگین با پلاک نظامی و افراد سپاهی در ۳ سال گذشته است. همچنین، به دقت به پلاک ۵۴۱ توجه شده است.",
        "city": "شهرستان شهریار",
        "province": "استان تهران",
        "id": "MzY6YmYxODA5MWI4NzEw",
        "publicId": "MzY6YmYxODA5MWI4NzEw",
        "sourceId": "bf18091b8710",
        "layerId": 36,
        "type": "location",
        "status": "active",
        "urgency": null,
        "info": {
          "name:fa": "تردد مشکوک - اطلاعات سپاه",
          "date": "",
          "description": "گزارش شامل مشاهده رفت و آمد ماشین های سنگین با پلاک نظامی و افراد سپاهی در ۳ سال گذشته است. همچنین، به دقت به پلاک ۵۴۱ توجه شده است.",
          "city": "شهرستان شهریار",
          "province": "استان تهران",
          "name:en": "Suspicious Movement - IRGC Information",
          "description:en": "Report containing observations of heavy vehicles with military plates and IRGC personnel traffic over the past 3 years. Additionally, special attention has been paid to license plate 541."
        },
        "verificationTag": "verified",
        "expirationDate": null,
        "createdAt": "2026-03-16T22:41:07.565Z",
        "updatedAt": "2026-03-26T02:08:26.860Z",
        "name:en": "Suspicious Movement - IRGC Information",
        "description:en": "Report containing observations of heavy vehicles with military plates and IRGC personnel traffic over the past 3 years. Additionally, special attention has been paid to license plate 541."
      }
    },
    {
      "type": "Feature",
      "id": 90375,
      "geometry": {
        "type": "Point",
        "coordinates": [
          49.62165343199385,
          37.327013030277286
        ]
      },
      "properties": {
        "name:fa": "هوا فضای سپاه",
        "date": "",
        "description": "پادگان هواوفضا سپاه",
        "city": "کلانشهر رشت",
        "province": "استان گیلان",
        "id": "MzY6NGJjMjE3NWRlYTMy",
        "publicId": "MzY6NGJjMjE3NWRlYTMy",
        "sourceId": "4bc2175dea32",
        "layerId": 36,
        "type": "location",
        "status": "active",
        "urgency": null,
        "info": {
          "name:fa": "هوا فضای سپاه",
          "date": "",
          "description": "پادگان هواوفضا سپاه",
          "city": "کلانشهر رشت",
          "province": "استان گیلان",
          "name:en": "Hava Faza Sepah",
          "description:en": "Sepah Air and Space Base"
        },
        "verificationTag": "verified",
        "expirationDate": null,
        "createdAt": "2026-03-16T22:42:22.168Z",
        "updatedAt": "2026-03-26T02:08:26.933Z",
        "name:en": "Hava Faza Sepah",
        "description:en": "Sepah Air and Space Base"
      }
    },
    {
      "type": "Feature",
      "id": 90376,
      "geometry": {
        "type": "Point",
        "coordinates": [
          50.87140224201144,
          35.8665367121211
        ]
      },
      "properties": {
        "name:fa": "ایست و بازرسی ",
        "date": "",
        "description": "ایست و بازرسی کاملشهر",
        "city": "کمال شهر",
        "province": "استان البرز",
        "id": "MzY6N2RmMmFlMTNiMzEw",
        "publicId": "MzY6N2RmMmFlMTNiMzEw",
        "sourceId": "7df2ae13b310",
        "layerId": 36,
        "type": "location",
        "status": "active",
        "urgency": null,
        "info": {
          "name:fa": "ایست و بازرسی ",
          "date": "",
          "description": "ایست و بازرسی کاملشهر",
          "city": "کمال شهر",
          "province": "استان البرز",
          "name:en": "Inspection Point",
          "description:en": "Inspection Point of Kamalshahr"
        },
        "verificationTag": "verified",
        "expirationDate": null,
        "createdAt": "2026-03-16T22:43:57.935Z",
        "updatedAt": "2026-03-26T02:08:26.988Z",
        "name:en": "Inspection Point",
        "description:en": "Inspection Point of Kamalshahr"
      }
    },
    {
      "type": "Feature",
      "id": 90378,
      "geometry": {
        "type": "Point",
        "coordinates": [
          51.402093041057526,
          35.743603177191304
        ]
      },
      "properties": {
        "name:fa": "ایست بازرسی",
        "date": "",
        "description": "ایست بازرسی کردستان حکیم",
        "city": "تهران",
        "province": "استان تهران",
        "id": "MzY6MmNjODg0NDJiOTY2",
        "publicId": "MzY6MmNjODg0NDJiOTY2",
        "sourceId": "2cc88442b966",
        "layerId": 36,
        "type": "location",
        "status": "active",
        "urgency": null,
        "info": {
          "name:fa": "ایست بازرسی",
          "date": "",
          "description": "ایست بازرسی کردستان حکیم",
          "city": "تهران",
          "province": "استان تهران",
          "name:en": "Inspection Post",
          "description:en": "Hakkim Inspection Post of Kurdistan"
        },
        "verificationTag": "verified",
        "expirationDate": null,
        "createdAt": "2026-03-16T22:45:23.670Z",
        "updatedAt": "2026-03-26T02:08:27.308Z",
        "name:en": "Inspection Post",
        "description:en": "Hakkim Inspection Post of Kurdistan"
      }
    },
    {
      "type": "Feature",
      "id": 90379,
      "geometry": {
        "type": "Point",
        "coordinates": [
          51.308728072110995,
          35.71233748891794
        ]
      },
      "properties": {
        "name:fa": "ایست بازرسی",
        "date": "",
        "description": "ایست بازرستی ستاری",
        "city": "تهران",
        "province": "استان تهران",
        "id": "MzY6YmFlNjVhOTcwMzJk",
        "publicId": "MzY6YmFlNjVhOTcwMzJk",
        "sourceId": "bae65a97032d",
        "layerId": 36,
        "type": "location",
        "status": "active",
        "urgency": null,
        "info": {
          "name:fa": "ایست بازرسی",
          "date": "",
          "description": "ایست بازرستی ستاری",
          "city": "تهران",
          "province": "استان تهران",
          "name:en": "Inspection Post",
          "description:en": "Inspection Post Setari"
        },
        "verificationTag": "verified",
        "expirationDate": null,
        "createdAt": "2026-03-16T22:46:11.186Z",
        "updatedAt": "2026-03-26T02:08:27.376Z",
        "name:en": "Inspection Post",
        "description:en": "Inspection Post Setari"
      }
    },
    {
      "type": "Feature",
      "id": 90380,
      "geometry": {
        "type": "Point",
        "coordinates": [
          51.3099755527721,
          35.72580175828877
        ]
      },
      "properties": {
        "name:fa": "نیروهای سرکوب",
        "date": "",
        "description": "تجمع نیروهای سرکوب",
        "city": "تهران",
        "province": "استان تهران",
        "id": "MzY6MDgyM2U2ZjM0MGRm",
        "publicId": "MzY6MDgyM2U2ZjM0MGRm",
        "sourceId": "0823e6f340df",
        "layerId": 36,
        "type": "location",
        "status": "active",
        "urgency": null,
        "info": {
          "name:fa": "نیروهای سرکوب",
          "date": "",
          "description": "تجمع نیروهای سرکوب",
          "city": "تهران",
          "province": "استان تهران",
          "name:en": "Suppression Forces",
          "description:en": "A gathering of suppression forces"
        },
        "verificationTag": "verified",
        "expirationDate": null,
        "createdAt": "2026-03-16T22:48:29.700Z",
        "updatedAt": "2026-03-26T02:08:27.443Z",
        "name:en": "Suppression Forces",
        "description:en": "A gathering of suppression forces"
      }
    },
    {
      "type": "Feature",
      "id": 90382,
      "geometry": {
        "type": "Point",
        "coordinates": [
          51.46064887645244,
          35.80148162490451
        ]
      },
      "properties": {
        "name:fa": "ایست بازرسی",
        "date": "",
        "description": " دو سمت اندرزگو - تقاطع فرمانیه ایست بازرسی بود.",
        "city": "تجریش",
        "province": "استان تهران",
        "id": "MzY6YTZkMzk5NDNjNDZl",
        "publicId": "MzY6YTZkMzk5NDNjNDZl",
        "sourceId": "a6d39943c46e",
        "layerId": 36,
        "type": "location",
        "status": "active",
        "urgency": null,
        "info": {
          "name:fa": "ایست بازرسی",
          "date": "",
          "description": " دو سمت اندرزگو - تقاطع فرمانیه ایست بازرسی بود.",
          "city": "تجریش",
          "province": "استان تهران",
          "name:en": "Inspection Checkpoint",
          "description:en": "There was an inspection checkpoint at the Farmanieh intersection on both sides of Andarzgoo."
        },
        "verificationTag": "verified",
        "expirationDate": null,
        "createdAt": "2026-03-16T22:58:50.088Z",
        "updatedAt": "2026-03-26T02:08:27.564Z",
        "name:en": "Inspection Checkpoint",
        "description:en": "There was an inspection checkpoint at the Farmanieh intersection on both sides of Andarzgoo."
      }
    },
    {
      "type": "Feature",
      "id": 90383,
      "geometry": {
        "type": "Point",
        "coordinates": [
          51.421727156753946,
          35.76145511327515
        ]
      },
      "properties": {
        "name:fa": "ایست بازرسی",
        "date": "",
        "description": "ایست بازرسی",
        "city": "تهران",
        "province": "استان تهران",
        "id": "MzY6OWJlMmI0MGQ2YTIw",
        "publicId": "MzY6OWJlMmI0MGQ2YTIw",
        "sourceId": "9be2b40d6a20",
        "layerId": 36,
        "type": "location",
        "status": "active",
        "urgency": null,
        "info": {
          "name:fa": "ایست بازرسی",
          "date": "",
          "description": "ایست بازرسی",
          "city": "تهران",
          "province": "استان تهران",
          "name:en": "Inspection Station",
          "description:en": "An inspection station; a checkpoint or facility for conducting inspections and verification procedures."
        },
        "verificationTag": "verified",
        "expirationDate": null,
        "createdAt": "2026-03-16T22:59:31.206Z",
        "updatedAt": "2026-03-26T02:08:27.628Z",
        "name:en": "Inspection Station",
        "description:en": "An inspection station; a checkpoint or facility for conducting inspections and verification procedures."
      }
    },
    {
      "type": "Feature",
      "id": 90384,
      "geometry": {
        "type": "Point",
        "coordinates": [
          51.55676158130612,
          35.46195687844234
        ]
      },
      "properties": {
        "name:fa": "ایست بازرسی",
        "date": "",
        "description": "ایست بازرسی یگان ویژه ۲۴ اسفند",
        "city": "شهرستان ری",
        "province": "استان تهران",
        "id": "MzY6OWQ5ZjVkMjBlMzUx",
        "publicId": "MzY6OWQ5ZjVkMjBlMzUx",
        "sourceId": "9d9f5d20e351",
        "layerId": 36,
        "type": "location",
        "status": "active",
        "urgency": null,
        "info": {
          "name:fa": "ایست بازرسی",
          "date": "",
          "description": "ایست بازرسی یگان ویژه ۲۴ اسفند",
          "city": "شهرستان ری",
          "province": "استان تهران",
          "name:en": "Inspection Station",
          "description:en": "Inspection station of Special Unit 24 Esfand"
        },
        "verificationTag": "verified",
        "expirationDate": null,
        "createdAt": "2026-03-16T23:00:26.690Z",
        "updatedAt": "2026-03-26T02:08:27.702Z",
        "name:en": "Inspection Station",
        "description:en": "Inspection station of Special Unit 24 Esfand"
      }
    },
    {
      "type": "Feature",
      "id": 90385,
      "geometry": {
        "type": "Point",
        "coordinates": [
          51.399425,
          35.637443
        ]
      },
      "properties": {
        "name:fa": "ایست بازرسی",
        "date": "",
        "description": "نبش خیابان بازار دوم (بابایی) و خیابان پیروز، از حدود ساعت ۲۰:۰۰ ایست بازرسی بسیجها برقرار است. 📍",
        "city": "تهران",
        "province": "استان تهران",
        "id": "MzY6N2YyNWVhY2QzM2U3",
        "publicId": "MzY6N2YyNWVhY2QzM2U3",
        "sourceId": "7f25eacd33e7",
        "layerId": 36,
        "type": "location",
        "status": "active",
        "urgency": null,
        "info": {
          "name:fa": "ایست بازرسی",
          "date": "",
          "description": "نبش خیابان بازار دوم (بابایی) و خیابان پیروز، از حدود ساعت ۲۰:۰۰ ایست بازرسی بسیجها برقرار است. 📍",
          "city": "تهران",
          "province": "استان تهران",
          "name:en": "Inspection Checkpoint",
          "description:en": "At the intersection of Bazar-e Dovom (Babayi) Street and Piruz Street, an inspection checkpoint by Basij forces is established from around 20:00. 📍"
        },
        "verificationTag": "verified",
        "expirationDate": null,
        "createdAt": "2026-03-16T23:01:22.588Z",
        "updatedAt": "2026-03-26T02:08:27.767Z",
        "name:en": "Inspection Checkpoint",
        "description:en": "At the intersection of Bazar-e Dovom (Babayi) Street and Piruz Street, an inspection checkpoint by Basij forces is established from around 20:00. 📍"
      }
    },
    {
      "type": "Feature",
      "id": 90386,
      "geometry": {
        "type": "Point",
        "coordinates": [
          51.39990670245368,
          35.64957505798708
        ]
      },
      "properties": {
        "name:fa": "ایست بازرسی",
        "date": "",
        "description": "از هنرستان به عنوان پایگاه و ایست و بازرسی استفاده میکنند.",
        "city": "تهران",
        "province": "استان تهران",
        "id": "MzY6YWUzY2U1M2YyZWQz",
        "publicId": "MzY6YWUzY2U1M2YyZWQz",
        "sourceId": "ae3ce53f2ed3",
        "layerId": 36,
        "type": "location",
        "status": "active",
        "urgency": null,
        "info": {
          "name:fa": "ایست بازرسی",
          "date": "",
          "description": "از هنرستان به عنوان پایگاه و ایست و بازرسی استفاده میکنند.",
          "city": "تهران",
          "province": "استان تهران",
          "name:en": "Inspection Station",
          "description:en": "They use the technical school as a base and inspection station."
        },
        "verificationTag": "verified",
        "expirationDate": null,
        "createdAt": "2026-03-16T23:05:20.902Z",
        "updatedAt": "2026-03-26T02:08:27.832Z",
        "name:en": "Inspection Station",
        "description:en": "They use the technical school as a base and inspection station."
      }
    },
    {
      "type": "Feature",
      "id": 90387,
      "geometry": {
        "type": "Point",
        "coordinates": [
          51.399921335070644,
          35.64957260644553
        ]
      },
      "properties": {
        "name:fa": "ایست بازرسی",
        "date": "",
        "description": "از هنرستان به عنوان پایگاه و ایست و بازرسی استفاده میکنند.",
        "city": "تهران",
        "province": "استان تهران",
        "id": "MzY6ZmZjNGFkYWQ1Y2Nj",
        "publicId": "MzY6ZmZjNGFkYWQ1Y2Nj",
        "sourceId": "ffc4adad5ccc",
        "layerId": 36,
        "type": "location",
        "status": "active",
        "urgency": null,
        "info": {
          "name:fa": "ایست بازرسی",
          "date": "",
          "description": "از هنرستان به عنوان پایگاه و ایست و بازرسی استفاده میکنند.",
          "city": "تهران",
          "province": "استان تهران",
          "name:en": "Inspection Station",
          "description:en": "Used as a base and inspection station from the vocational school."
        },
        "verificationTag": "verified",
        "expirationDate": null,
        "createdAt": "2026-03-16T23:06:42.458Z",
        "updatedAt": "2026-03-26T02:08:27.890Z",
        "name:en": "Inspection Station",
        "description:en": "Used as a base and inspection station from the vocational school."
      }
    },
    {
      "type": "Feature",
      "id": 90388,
      "geometry": {
        "type": "Point",
        "coordinates": [
          51.14874285640707,
          35.75859044558892
        ]
      },
      "properties": {
        "name:fa": "ایست بازرسی",
        "date": "",
        "description": "ایست بازرسی خرازی",
        "city": "تهران",
        "province": "استان تهران",
        "id": "MzY6MGQxNGIyZmJkYjRl",
        "publicId": "MzY6MGQxNGIyZmJkYjRl",
        "sourceId": "0d14b2fbdb4e",
        "layerId": 36,
        "type": "location",
        "status": "active",
        "urgency": null,
        "info": {
          "name:fa": "ایست بازرسی",
          "date": "",
          "description": "ایست بازرسی خرازی",
          "city": "تهران",
          "province": "استان تهران",
          "name:en": "Inspection Station",
          "description:en": "Inspection Station Kharazi"
        },
        "verificationTag": "verified",
        "expirationDate": null,
        "createdAt": "2026-03-16T23:10:30.079Z",
        "updatedAt": "2026-03-26T02:08:28.151Z",
        "name:en": "Inspection Station",
        "description:en": "Inspection Station Kharazi"
      }
    },
    {
      "type": "Feature",
      "id": 90390,
      "geometry": {
        "type": "Point",
        "coordinates": [
          51.536298701582126,
          35.773563510393316
        ]
      },
      "properties": {
        "name:fa": "ایست و بازرسی",
        "date": "",
        "description": "ایست و بازرسی مسلح",
        "city": "تهران",
        "province": "استان تهران",
        "id": "MzY6Zjk1YTVhODY5NWJj",
        "publicId": "MzY6Zjk1YTVhODY5NWJj",
        "sourceId": "f95a5a8695bc",
        "layerId": 36,
        "type": "location",
        "status": "active",
        "urgency": null,
        "info": {
          "name:fa": "ایست و بازرسی",
          "date": "",
          "description": "ایست و بازرسی مسلح",
          "city": "تهران",
          "province": "استان تهران",
          "name:en": "Checkpoint",
          "description:en": "Armed checkpoint"
        },
        "verificationTag": "verified",
        "expirationDate": null,
        "createdAt": "2026-03-16T23:13:57.241Z",
        "updatedAt": "2026-03-26T02:08:28.263Z",
        "name:en": "Checkpoint",
        "description:en": "Armed checkpoint"
      }
    },
    {
      "type": "Feature",
      "id": 90391,
      "geometry": {
        "type": "Point",
        "coordinates": [
          51.6215585146071,
          35.74085369781616
        ]
      },
      "properties": {
        "name:fa": "ایست و بازرسی",
        "date": "",
        "description": "ایست و بازرسی با ماشین های نظامی و رگبار و اسلحه داخل ماشین ها",
        "city": "شهرستان تهران",
        "province": "استان تهران",
        "id": "MzY6YzI4ZGI5OGEwMzMx",
        "publicId": "MzY6YzI4ZGI5OGEwMzMx",
        "sourceId": "c28db98a0331",
        "layerId": 36,
        "type": "location",
        "status": "active",
        "urgency": null,
        "info": {
          "name:fa": "ایست و بازرسی",
          "date": "",
          "description": "ایست و بازرسی با ماشین های نظامی و رگبار و اسلحه داخل ماشین ها",
          "city": "شهرستان تهران",
          "province": "استان تهران",
          "name:en": "Checkpoint",
          "description:en": "Checkpoint with military vehicles and machine guns and weapons inside the vehicles"
        },
        "verificationTag": "verified",
        "expirationDate": null,
        "createdAt": "2026-03-16T23:14:46.514Z",
        "updatedAt": "2026-03-26T02:08:28.345Z",
        "name:en": "Checkpoint",
        "description:en": "Checkpoint with military vehicles and machine guns and weapons inside the vehicles"
      }
    },
    {
      "type": "Feature",
      "id": 90395,
      "geometry": {
        "type": "Point",
        "coordinates": [
          51.37055411483885,
          35.759055902571205
        ]
      },
      "properties": {
        "name:fa": "ایست بازرسی",
        "date": 1773174600,
        "description": "محل استقرار لباس شخصی در کانتینر",
        "city": "تهران",
        "province": "استان تهران",
        "id": "MzY6YzhhM2I5ZTY5NGFk",
        "publicId": "MzY6YzhhM2I5ZTY5NGFk",
        "sourceId": "c8a3b9e694ad",
        "layerId": 36,
        "type": "location",
        "status": "active",
        "urgency": null,
        "info": {
          "name:fa": "ایست بازرسی",
          "date": 1773174600,
          "description": "محل استقرار لباس شخصی در کانتینر",
          "city": "تهران",
          "province": "استان تهران",
          "name:en": "Checkpoint",
          "description:en": "Location of plainclothes personnel stationed in a container"
        },
        "verificationTag": "not-verified",
        "expirationDate": null,
        "createdAt": "2026-03-17T03:13:11.961Z",
        "updatedAt": "2026-03-26T02:08:28.622Z",
        "name:en": "Checkpoint",
        "description:en": "Location of plainclothes personnel stationed in a container"
      }
    },
    {
      "type": "Feature",
      "id": 90396,
      "geometry": {
        "type": "Point",
        "coordinates": [
          51.36018963585428,
          35.75747923336394
        ]
      },
      "properties": {
        "name:fa": "نوپو",
        "date": 1772915400,
        "description": "اینجا پلیس Nopo هست و من دیدم که در اعتراضات ماشینها اینجا جمع میشن و چندین سوله دارد که در سرکوب اعتراضات سهم بسزایی دارد",
        "city": "تهران",
        "province": "استان تهران",
        "id": "MzY6N2ZlZjE2NDRhYTVk",
        "publicId": "MzY6N2ZlZjE2NDRhYTVk",
        "sourceId": "7fef1644aa5d",
        "layerId": 36,
        "type": "location",
        "status": "active",
        "urgency": null,
        "info": {
          "name:fa": "نوپو",
          "date": 1772915400,
          "description": "اینجا پلیس Nopo هست و من دیدم که در اعتراضات ماشینها اینجا جمع میشن و چندین سوله دارد که در سرکوب اعتراضات سهم بسزایی دارد",
          "city": "تهران",
          "province": "استان تهران",
          "name:en": "Nopo",
          "description:en": "This is where the Nopo police station is located. I have witnessed vehicles gathering here during protests, and it has several warehouses that play a significant role in suppressing protests."
        },
        "verificationTag": "verified",
        "expirationDate": null,
        "createdAt": "2026-03-17T03:14:01.560Z",
        "updatedAt": "2026-03-26T02:08:28.681Z",
        "name:en": "Nopo",
        "description:en": "This is where the Nopo police station is located. I have witnessed vehicles gathering here during protests, and it has several warehouses that play a significant role in suppressing protests."
      }
    },
    {
      "type": "Feature",
      "id": 90397,
      "geometry": {
        "type": "Point",
        "coordinates": [
          51.35265847874982,
          35.75368600347099
        ]
      },
      "properties": {
        "name:fa": "دپو تجهیزات",
        "date": 1773088200,
        "description": "کل این منطقه و سوله علامت گذاری شده محل دپوی تجهیزات صدا و سیما میباشد .",
        "city": "تهران",
        "province": "استان تهران",
        "id": "MzY6NDdjY2JmZDRhNDM1",
        "publicId": "MzY6NDdjY2JmZDRhNDM1",
        "sourceId": "47ccbfd4a435",
        "layerId": 36,
        "type": "location",
        "status": "active",
        "urgency": null,
        "info": {
          "name:fa": "دپو تجهیزات",
          "date": 1773088200,
          "description": "کل این منطقه و سوله علامت گذاری شده محل دپوی تجهیزات صدا و سیما میباشد .",
          "city": "تهران",
          "province": "استان تهران",
          "name:en": "Equipment Depot",
          "description:en": "This entire area and the marked warehouse is the location of the broadcasting equipment depot."
        },
        "verificationTag": "not-verified",
        "expirationDate": null,
        "createdAt": "2026-03-17T03:14:57.604Z",
        "updatedAt": "2026-03-26T02:08:28.734Z",
        "name:en": "Equipment Depot",
        "description:en": "This entire area and the marked warehouse is the location of the broadcasting equipment depot."
      }
    },
    {
      "type": "Feature",
      "id": 90398,
      "geometry": {
        "type": "Point",
        "coordinates": [
          51.35538647077456,
          35.74754589513503
        ]
      },
      "properties": {
        "name:fa": "ایست بازرسی",
        "date": 1773174600,
        "description": "چندین بار از این منطقه عبور کرده‌ام. در چند نوبت مشاهده کردم که چند سرباز در آنجا حضور دارند و به نظر می‌رسد یک مسلسل ضدهوایی به‌صورت استتار شده در محل مستقر شده باشد.",
        "city": "تهران",
        "province": "استان تهران",
        "id": "MzY6NTg1MjQ2NzBmM2Zi",
        "publicId": "MzY6NTg1MjQ2NzBmM2Zi",
        "sourceId": "58524670f3fb",
        "layerId": 36,
        "type": "location",
        "status": "active",
        "urgency": null,
        "info": {
          "name:fa": "ایست بازرسی",
          "date": 1773174600,
          "description": "چندین بار از این منطقه عبور کرده‌ام. در چند نوبت مشاهده کردم که چند سرباز در آنجا حضور دارند و به نظر می‌رسد یک مسلسل ضدهوایی به‌صورت استتار شده در محل مستقر شده باشد.",
          "city": "تهران",
          "province": "استان تهران",
          "name:en": "Inspection Checkpoint",
          "description:en": "I have passed through this area several times. On a few occasions, I observed that several soldiers were present there, and it appeared that a machine gun was stationed at the location in a concealed manner."
        },
        "verificationTag": "not-verified",
        "expirationDate": null,
        "createdAt": "2026-03-17T03:15:27.951Z",
        "updatedAt": "2026-03-26T02:08:28.990Z",
        "name:en": "Inspection Checkpoint",
        "description:en": "I have passed through this area several times. On a few occasions, I observed that several soldiers were present there, and it appeared that a machine gun was stationed at the location in a concealed manner."
      }
    },
    {
      "type": "Feature",
      "id": 90403,
      "geometry": {
        "type": "Point",
        "coordinates": [
          46.197804901550825,
          35.50309019081416
        ]
      },
      "properties": {
        "name:fa": "محل تجمع نیروهای سرکوبگر",
        "date": 1773693000,
        "description": "نیروهای سرکوبگر حدود ۲۰۰ نفر و نزدیک بە پنجاە چادر در این مکان مستقر شدن",
        "city": "شهرستان مریوان",
        "province": "استان کردستان",
        "id": "MzY6YTJjNTMxZmMyMDUw",
        "publicId": "MzY6YTJjNTMxZmMyMDUw",
        "sourceId": "a2c531fc2050",
        "layerId": 36,
        "type": "location",
        "status": "active",
        "urgency": null,
        "info": {
          "name:fa": "محل تجمع نیروهای سرکوبگر",
          "date": 1773693000,
          "description": "نیروهای سرکوبگر حدود ۲۰۰ نفر و نزدیک بە پنجاە چادر در این مکان مستقر شدن",
          "city": "شهرستان مریوان",
          "province": "استان کردستان",
          "name:en": "Gathering Place of Suppressive Forces",
          "description:en": "Approximately 200 members of suppressive forces and close to fifty tents were stationed at this location"
        },
        "verificationTag": "verified",
        "expirationDate": null,
        "createdAt": "2026-03-17T09:20:18.430Z",
        "updatedAt": "2026-03-26T02:08:29.318Z",
        "name:en": "Gathering Place of Suppressive Forces",
        "description:en": "Approximately 200 members of suppressive forces and close to fifty tents were stationed at this location"
      }
    },
    {
      "type": "Feature",
      "id": 90404,
      "geometry": {
        "type": "Point",
        "coordinates": [
          46.33497850063469,
          35.18442756775565
        ]
      },
      "properties": {
        "name:fa": "پایگاە نظامی",
        "date": 1773693000,
        "description": "",
        "city": "شهرستان سروآباد",
        "province": "استان کردستان",
        "id": "MzY6N2MzNjc3OTNlZWZl",
        "publicId": "MzY6N2MzNjc3OTNlZWZl",
        "sourceId": "7c367793eefe",
        "layerId": 36,
        "type": "location",
        "status": "active",
        "urgency": null,
        "info": {
          "name:fa": "پایگاە نظامی",
          "date": 1773693000,
          "description": "",
          "city": "شهرستان سروآباد",
          "province": "استان کردستان",
          "name:en": "Military Base",
          "description:en": "A military installation or facility used for military operations and defense purposes."
        },
        "verificationTag": "verified",
        "expirationDate": null,
        "createdAt": "2026-03-17T09:46:28.491Z",
        "updatedAt": "2026-03-26T02:08:29.426Z",
        "name:en": "Military Base",
        "description:en": "A military installation or facility used for military operations and defense purposes."
      }
    },
    {
      "type": "Feature",
      "id": 90405,
      "geometry": {
        "type": "Point",
        "coordinates": [
          46.33392437204512,
          35.271528401642286
        ]
      },
      "properties": {
        "name:fa": "پایگاە سپاە پاسداران رژیم",
        "date": 1773693000,
        "description": "",
        "city": "شهرستان سروآباد",
        "province": "استان کردستان",
        "id": "MzY6NmE0ZTk3YmMyMGM1",
        "publicId": "MzY6NmE0ZTk3YmMyMGM1",
        "sourceId": "6a4e97bc20c5",
        "layerId": 36,
        "type": "location",
        "status": "active",
        "urgency": null,
        "info": {
          "name:fa": "پایگاە سپاە پاسداران رژیم",
          "date": 1773693000,
          "description": "",
          "city": "شهرستان سروآباد",
          "province": "استان کردستان",
          "name:en": "Islamic Revolutionary Guard Corps Base",
          "description:en": ""
        },
        "verificationTag": "verified",
        "expirationDate": null,
        "createdAt": "2026-03-17T09:50:55.063Z",
        "updatedAt": "2026-03-26T02:08:29.492Z",
        "name:en": "Islamic Revolutionary Guard Corps Base",
        "description:en": ""
      }
    },
    {
      "type": "Feature",
      "id": 90408,
      "geometry": {
        "type": "Point",
        "coordinates": [
          46.17683030351648,
          35.52252191418208
        ]
      },
      "properties": {
        "name:fa": "اطلاعات سپاە",
        "date": 1772397000,
        "description": "",
        "city": "مریوان",
        "province": "استان کردستان",
        "id": "MzY6ZGQ5MWQxZjQ4NjQ2",
        "publicId": "MzY6ZGQ5MWQxZjQ4NjQ2",
        "sourceId": "dd91d1f48646",
        "layerId": 36,
        "type": "location",
        "status": "active",
        "urgency": null,
        "info": {
          "name:fa": "اطلاعات سپاە",
          "date": 1772397000,
          "description": "",
          "city": "مریوان",
          "province": "استان کردستان",
          "name:en": "Sepah Information",
          "description:en": ""
        },
        "verificationTag": "verified",
        "expirationDate": null,
        "createdAt": "2026-03-17T10:14:37.760Z",
        "updatedAt": "2026-03-26T02:08:29.921Z",
        "name:en": "Sepah Information",
        "description:en": ""
      }
    },
    {
      "type": "Feature",
      "id": 90411,
      "geometry": {
        "type": "Point",
        "coordinates": [
          46.02398049048688,
          35.60947804620328
        ]
      },
      "properties": {
        "name:fa": "برجک",
        "date": 1773693000,
        "description": "",
        "city": "شهرستان مریوان",
        "province": "استان کردستان",
        "id": "MzY6ZTYwMmM2OTFlNTlj",
        "publicId": "MzY6ZTYwMmM2OTFlNTlj",
        "sourceId": "e602c691e59c",
        "layerId": 36,
        "type": "location",
        "status": "active",
        "urgency": null,
        "info": {
          "name:fa": "برجک",
          "date": 1773693000,
          "description": "",
          "city": "شهرستان مریوان",
          "province": "استان کردستان",
          "name:en": "Borjak",
          "description:en": ""
        },
        "verificationTag": "verified",
        "expirationDate": null,
        "createdAt": "2026-03-17T12:46:26.021Z",
        "updatedAt": "2026-03-26T02:08:30.121Z",
        "name:en": "Borjak",
        "description:en": ""
      }
    },
    {
      "type": "Feature",
      "id": 90412,
      "geometry": {
        "type": "Point",
        "coordinates": [
          46.08806722843971,
          35.69377481497325
        ]
      },
      "properties": {
        "name:fa": "برجک",
        "date": 1773693000,
        "description": "",
        "city": "پنجوین",
        "province": "استان سلیمانیه",
        "id": "MzY6Y2MxNDIzMTAxMGVi",
        "publicId": "MzY6Y2MxNDIzMTAxMGVi",
        "sourceId": "cc14231010eb",
        "layerId": 36,
        "type": "location",
        "status": "active",
        "urgency": null,
        "info": {
          "name:fa": "برجک",
          "date": 1773693000,
          "description": "",
          "city": "پنجوین",
          "province": "استان سلیمانیه",
          "name:en": "Borjak",
          "description:en": ""
        },
        "verificationTag": "verified",
        "expirationDate": null,
        "createdAt": "2026-03-17T13:03:44.115Z",
        "updatedAt": "2026-03-26T02:08:30.184Z",
        "name:en": "Borjak",
        "description:en": ""
      }
    },
    {
      "type": "Feature",
      "id": 90413,
      "geometry": {
        "type": "Point",
        "coordinates": [
          51.31426134903276,
          35.77803808433782
        ]
      },
      "properties": {
        "name:fa": "صالحین",
        "date": 1772224200,
        "description": "مجل استقرار قرارگاه ثارالله در زمان های بحران",
        "city": "تهران",
        "province": "استان تهران",
        "id": "MzY6MWJiNjE0MDgyYmY4",
        "publicId": "MzY6MWJiNjE0MDgyYmY4",
        "sourceId": "1bb614082bf8",
        "layerId": 36,
        "type": "location",
        "status": "active",
        "urgency": null,
        "info": {
          "name:fa": "صالحین",
          "date": 1772224200,
          "description": "مجل استقرار قرارگاه ثارالله در زمان های بحران",
          "city": "تهران",
          "province": "استان تهران",
          "name:en": "Salehin",
          "description:en": "A location of settlement for the Tharallah base during crisis periods"
        },
        "verificationTag": "verified",
        "expirationDate": null,
        "createdAt": "2026-03-17T13:04:57.669Z",
        "updatedAt": "2026-03-26T02:08:30.243Z",
        "name:en": "Salehin",
        "description:en": "A location of settlement for the Tharallah base during crisis periods"
      }
    },
    {
      "type": "Feature",
      "id": 90414,
      "geometry": {
        "type": "Point",
        "coordinates": [
          46.08699541261481,
          35.691050633646924
        ]
      },
      "properties": {
        "name:fa": "پایگاە نظامی",
        "date": 1773693000,
        "description": "",
        "city": "پنجوین",
        "province": "استان سلیمانیه",
        "id": "MzY6NmI0NDVkNTYyOWE4",
        "publicId": "MzY6NmI0NDVkNTYyOWE4",
        "sourceId": "6b445d5629a8",
        "layerId": 36,
        "type": "location",
        "status": "active",
        "urgency": null,
        "info": {
          "name:fa": "پایگاە نظامی",
          "date": 1773693000,
          "description": "",
          "city": "پنجوین",
          "province": "استان سلیمانیه",
          "name:en": "Military Base",
          "description:en": ""
        },
        "verificationTag": "verified",
        "expirationDate": null,
        "createdAt": "2026-03-17T13:07:14.130Z",
        "updatedAt": "2026-03-26T02:08:30.304Z",
        "name:en": "Military Base",
        "description:en": ""
      }
    },
    {
      "type": "Feature",
      "id": 90415,
      "geometry": {
        "type": "Point",
        "coordinates": [
          46.10288035647318,
          35.68781465605841
        ]
      },
      "properties": {
        "name:fa": "برجک",
        "date": 1773693000,
        "description": "",
        "city": "پنجوین",
        "province": "استان سلیمانیه",
        "id": "MzY6M2E1YTUxZjI4Yzg0",
        "publicId": "MzY6M2E1YTUxZjI4Yzg0",
        "sourceId": "3a5a51f28c84",
        "layerId": 36,
        "type": "location",
        "status": "active",
        "urgency": null,
        "info": {
          "name:fa": "برجک",
          "date": 1773693000,
          "description": "",
          "city": "پنجوین",
          "province": "استان سلیمانیه",
          "name:en": "Borjak",
          "description:en": ""
        },
        "verificationTag": "verified",
        "expirationDate": null,
        "createdAt": "2026-03-17T13:09:24.836Z",
        "updatedAt": "2026-03-26T02:08:30.372Z",
        "name:en": "Borjak",
        "description:en": ""
      }
    },
    {
      "type": "Feature",
      "id": 90416,
      "geometry": {
        "type": "Point",
        "coordinates": [
          46.140911726185465,
          35.69768797752104
        ]
      },
      "properties": {
        "name:fa": "برجک",
        "date": "",
        "description": "",
        "city": "پنجوین",
        "province": "استان سلیمانیه",
        "id": "MzY6ZjZhODRiMzBkYjll",
        "publicId": "MzY6ZjZhODRiMzBkYjll",
        "sourceId": "f6a84b30db9e",
        "layerId": 36,
        "type": "location",
        "status": "active",
        "urgency": null,
        "info": {
          "name:fa": "برجک",
          "date": "",
          "description": "",
          "city": "پنجوین",
          "province": "استان سلیمانیه",
          "name:en": "Borjak",
          "description:en": ""
        },
        "verificationTag": "verified",
        "expirationDate": null,
        "createdAt": "2026-03-17T13:12:58.609Z",
        "updatedAt": "2026-03-26T02:08:30.434Z",
        "name:en": "Borjak",
        "description:en": ""
      }
    },
    {
      "type": "Feature",
      "id": 90417,
      "geometry": {
        "type": "Point",
        "coordinates": [
          46.1299241162767,
          35.69539268967536
        ]
      },
      "properties": {
        "name:fa": "برجک",
        "date": "",
        "description": "",
        "city": "پنجوین",
        "province": "استان سلیمانیه",
        "id": "MzY6MTkzNGZjZWVlNWU0",
        "publicId": "MzY6MTkzNGZjZWVlNWU0",
        "sourceId": "1934fceee5e4",
        "layerId": 36,
        "type": "location",
        "status": "active",
        "urgency": null,
        "info": {
          "name:fa": "برجک",
          "date": "",
          "description": "",
          "city": "پنجوین",
          "province": "استان سلیمانیه",
          "name:en": "Borjak",
          "description:en": ""
        },
        "verificationTag": "verified",
        "expirationDate": null,
        "createdAt": "2026-03-17T13:13:58.156Z",
        "updatedAt": "2026-03-26T02:08:30.492Z",
        "name:en": "Borjak",
        "description:en": ""
      }
    },
    {
      "type": "Feature",
      "id": 90418,
      "geometry": {
        "type": "Point",
        "coordinates": [
          46.04579607610114,
          35.67264649447982
        ]
      },
      "properties": {
        "name:fa": "پایگاە نظامی",
        "date": 1773693000,
        "description": "",
        "city": "شهرستان مریوان",
        "province": "استان کردستان",
        "id": "MzY6Yjk1NzFjYmRlNmM1",
        "publicId": "MzY6Yjk1NzFjYmRlNmM1",
        "sourceId": "b9571cbde6c5",
        "layerId": 36,
        "type": "location",
        "status": "active",
        "urgency": null,
        "info": {
          "name:fa": "پایگاە نظامی",
          "date": 1773693000,
          "description": "",
          "city": "شهرستان مریوان",
          "province": "استان کردستان",
          "name:en": "Military Base",
          "description:en": ""
        },
        "verificationTag": "verified",
        "expirationDate": null,
        "createdAt": "2026-03-17T13:25:49.781Z",
        "updatedAt": "2026-03-26T02:08:30.750Z",
        "name:en": "Military Base",
        "description:en": ""
      }
    },
    {
      "type": "Feature",
      "id": 90419,
      "geometry": {
        "type": "Point",
        "coordinates": [
          46.03784403216821,
          35.69911120250494
        ]
      },
      "properties": {
        "name:fa": "پایگاە نظامی",
        "date": 1773693000,
        "description": "",
        "city": "پنجوین",
        "province": "استان سلیمانیه",
        "id": "MzY6YjhiODU0MzNkZDQ5",
        "publicId": "MzY6YjhiODU0MzNkZDQ5",
        "sourceId": "b8b85433dd49",
        "layerId": 36,
        "type": "location",
        "status": "active",
        "urgency": null,
        "info": {
          "name:fa": "پایگاە نظامی",
          "date": 1773693000,
          "description": "",
          "city": "پنجوین",
          "province": "استان سلیمانیه",
          "name:en": "Military Base",
          "description:en": "A military facility or installation used for military operations and defense purposes."
        },
        "verificationTag": "verified",
        "expirationDate": null,
        "createdAt": "2026-03-17T13:39:40.876Z",
        "updatedAt": "2026-03-26T02:08:30.832Z",
        "name:en": "Military Base",
        "description:en": "A military facility or installation used for military operations and defense purposes."
      }
    },
    {
      "type": "Feature",
      "id": 90420,
      "geometry": {
        "type": "Point",
        "coordinates": [
          46.021788419276845,
          35.684074035255065
        ]
      },
      "properties": {
        "name:fa": "پایگاە نظامی",
        "date": 1773693000,
        "description": "",
        "city": "پنجوین",
        "province": "استان سلیمانیه",
        "id": "MzY6NzgzODBhZWU1ODk1",
        "publicId": "MzY6NzgzODBhZWU1ODk1",
        "sourceId": "78380aee5895",
        "layerId": 36,
        "type": "location",
        "status": "active",
        "urgency": null,
        "info": {
          "name:fa": "پایگاە نظامی",
          "date": 1773693000,
          "description": "",
          "city": "پنجوین",
          "province": "استان سلیمانیه",
          "name:en": "Military Base",
          "description:en": ""
        },
        "verificationTag": "verified",
        "expirationDate": null,
        "createdAt": "2026-03-17T13:44:36.952Z",
        "updatedAt": "2026-03-26T02:08:30.909Z",
        "name:en": "Military Base",
        "description:en": ""
      }
    },
    {
      "type": "Feature",
      "id": 90421,
      "geometry": {
        "type": "Point",
        "coordinates": [
          46.02375683596793,
          35.59579975014914
        ]
      },
      "properties": {
        "name:fa": "برجک",
        "date": 1773693000,
        "description": "",
        "city": "شهرستان مریوان",
        "province": "استان کردستان",
        "id": "MzY6NDA5M2U2M2M2Y2Yx",
        "publicId": "MzY6NDA5M2U2M2M2Y2Yx",
        "sourceId": "4093e63c6cf1",
        "layerId": 36,
        "type": "location",
        "status": "active",
        "urgency": null,
        "info": {
          "name:fa": "برجک",
          "date": 1773693000,
          "description": "",
          "city": "شهرستان مریوان",
          "province": "استان کردستان",
          "name:en": "Borjak",
          "description:en": ""
        },
        "verificationTag": "verified",
        "expirationDate": null,
        "createdAt": "2026-03-17T13:47:53.882Z",
        "updatedAt": "2026-03-26T02:08:30.965Z",
        "name:en": "Borjak",
        "description:en": ""
      }
    },
    {
      "type": "Feature",
      "id": 90422,
      "geometry": {
        "type": "Point",
        "coordinates": [
          46.02484236021854,
          35.588503901395924
        ]
      },
      "properties": {
        "name:fa": "برجک",
        "date": 1773693000,
        "description": "",
        "city": "شهرستان مریوان",
        "province": "استان کردستان",
        "id": "MzY6YTkzMTMzODQ2Yjg2",
        "publicId": "MzY6YTkzMTMzODQ2Yjg2",
        "sourceId": "a93133846b86",
        "layerId": 36,
        "type": "location",
        "status": "active",
        "urgency": null,
        "info": {
          "name:fa": "برجک",
          "date": 1773693000,
          "description": "",
          "city": "شهرستان مریوان",
          "province": "استان کردستان",
          "name:en": "Borjak",
          "description:en": ""
        },
        "verificationTag": "verified",
        "expirationDate": null,
        "createdAt": "2026-03-17T13:49:21.217Z",
        "updatedAt": "2026-03-26T02:08:31.026Z",
        "name:en": "Borjak",
        "description:en": ""
      }
    },
    {
      "type": "Feature",
      "id": 90423,
      "geometry": {
        "type": "Point",
        "coordinates": [
          46.01528904931399,
          35.59447377231069
        ]
      },
      "properties": {
        "name:fa": "برجک",
        "date": 1773693000,
        "description": "",
        "city": "شهرستان مریوان",
        "province": "استان کردستان",
        "id": "MzY6OTNkNTE2ZTIxMjFl",
        "publicId": "MzY6OTNkNTE2ZTIxMjFl",
        "sourceId": "93d516e2121e",
        "layerId": 36,
        "type": "location",
        "status": "active",
        "urgency": null,
        "info": {
          "name:fa": "برجک",
          "date": 1773693000,
          "description": "",
          "city": "شهرستان مریوان",
          "province": "استان کردستان",
          "name:en": "Borjak",
          "description:en": ""
        },
        "verificationTag": "verified",
        "expirationDate": null,
        "createdAt": "2026-03-17T13:52:13.148Z",
        "updatedAt": "2026-03-26T02:08:31.110Z",
        "name:en": "Borjak",
        "description:en": ""
      }
    },
    {
      "type": "Feature",
      "id": 90424,
      "geometry": {
        "type": "Point",
        "coordinates": [
          46.03008573679597,
          35.57718005002803
        ]
      },
      "properties": {
        "name:fa": "برجک",
        "date": 1773693000,
        "description": "",
        "city": "شهرستان مریوان",
        "province": "استان کردستان",
        "id": "MzY6MzE2ZDk5NTJhZmFj",
        "publicId": "MzY6MzE2ZDk5NTJhZmFj",
        "sourceId": "316d9952afac",
        "layerId": 36,
        "type": "location",
        "status": "active",
        "urgency": null,
        "info": {
          "name:fa": "برجک",
          "date": 1773693000,
          "description": "",
          "city": "شهرستان مریوان",
          "province": "استان کردستان",
          "name:en": "Borjak",
          "description:en": ""
        },
        "verificationTag": "verified",
        "expirationDate": null,
        "createdAt": "2026-03-17T13:54:10.675Z",
        "updatedAt": "2026-03-26T02:08:31.172Z",
        "name:en": "Borjak",
        "description:en": ""
      }
    },
    {
      "type": "Feature",
      "id": 90425,
      "geometry": {
        "type": "Point",
        "coordinates": [
          46.0139492273544,
          35.57350325900579
        ]
      },
      "properties": {
        "name:fa": "برجک",
        "date": 1773693000,
        "description": "",
        "city": "پنجوین",
        "province": "استان سلیمانیه",
        "id": "MzY6ZDllZTAxNTQ5MTY1",
        "publicId": "MzY6ZDllZTAxNTQ5MTY1",
        "sourceId": "d9ee01549165",
        "layerId": 36,
        "type": "location",
        "status": "active",
        "urgency": null,
        "info": {
          "name:fa": "برجک",
          "date": 1773693000,
          "description": "",
          "city": "پنجوین",
          "province": "استان سلیمانیه",
          "name:en": "Berjak",
          "description:en": ""
        },
        "verificationTag": "verified",
        "expirationDate": null,
        "createdAt": "2026-03-17T13:56:37.771Z",
        "updatedAt": "2026-03-26T02:08:31.258Z",
        "name:en": "Berjak",
        "description:en": ""
      }
    },
    {
      "type": "Feature",
      "id": 90426,
      "geometry": {
        "type": "Point",
        "coordinates": [
          46.0037588438027,
          35.56497134450828
        ]
      },
      "properties": {
        "name:fa": "پایگاە نظامی",
        "date": 1773693000,
        "description": "",
        "city": "شهرستان مریوان",
        "province": "استان کردستان",
        "id": "MzY6NTFlYTZlNjAxZjNi",
        "publicId": "MzY6NTFlYTZlNjAxZjNi",
        "sourceId": "51ea6e601f3b",
        "layerId": 36,
        "type": "location",
        "status": "active",
        "urgency": null,
        "info": {
          "name:fa": "پایگاە نظامی",
          "date": 1773693000,
          "description": "",
          "city": "شهرستان مریوان",
          "province": "استان کردستان",
          "name:en": "Military Base",
          "description:en": ""
        },
        "verificationTag": "verified",
        "expirationDate": null,
        "createdAt": "2026-03-17T13:58:58.152Z",
        "updatedAt": "2026-03-26T02:08:31.314Z",
        "name:en": "Military Base",
        "description:en": ""
      }
    },
    {
      "type": "Feature",
      "id": 90427,
      "geometry": {
        "type": "Point",
        "coordinates": [
          46.00427281228377,
          35.55570859179551
        ]
      },
      "properties": {
        "name:fa": "برجک",
        "date": 1773693000,
        "description": "",
        "city": "شهرستان مریوان",
        "province": "استان کردستان",
        "id": "MzY6NGFlOTQ1ZDkxOTI5",
        "publicId": "MzY6NGFlOTQ1ZDkxOTI5",
        "sourceId": "4ae945d91929",
        "layerId": 36,
        "type": "location",
        "status": "active",
        "urgency": null,
        "info": {
          "name:fa": "برجک",
          "date": 1773693000,
          "description": "",
          "city": "شهرستان مریوان",
          "province": "استان کردستان",
          "name:en": "Borjak",
          "description:en": ""
        },
        "verificationTag": "verified",
        "expirationDate": null,
        "createdAt": "2026-03-17T14:00:23.715Z",
        "updatedAt": "2026-03-26T02:08:31.383Z",
        "name:en": "Borjak",
        "description:en": ""
      }
    },
    {
      "type": "Feature",
      "id": 90428,
      "geometry": {
        "type": "Point",
        "coordinates": [
          45.99870809046925,
          35.54262807572141
        ]
      },
      "properties": {
        "name:fa": "برجک",
        "date": 1773693000,
        "description": "",
        "city": "شهرستان مریوان",
        "province": "استان کردستان",
        "id": "MzY6MDE0YzU5YTg0MTA5",
        "publicId": "MzY6MDE0YzU5YTg0MTA5",
        "sourceId": "014c59a84109",
        "layerId": 36,
        "type": "location",
        "status": "active",
        "urgency": null,
        "info": {
          "name:fa": "برجک",
          "date": 1773693000,
          "description": "",
          "city": "شهرستان مریوان",
          "province": "استان کردستان",
          "name:en": "Borjak",
          "description:en": ""
        },
        "verificationTag": "verified",
        "expirationDate": null,
        "createdAt": "2026-03-17T14:02:35.365Z",
        "updatedAt": "2026-03-26T02:08:31.676Z",
        "name:en": "Borjak",
        "description:en": ""
      }
    },
    {
      "type": "Feature",
      "id": 90429,
      "geometry": {
        "type": "Point",
        "coordinates": [
          45.99674820849225,
          35.53423110234907
        ]
      },
      "properties": {
        "name:fa": "برجک",
        "date": 1773693000,
        "description": "",
        "id": "MzY6ZGUzNzRjZTQ4NDg5",
        "publicId": "MzY6ZGUzNzRjZTQ4NDg5",
        "sourceId": "de374ce48489",
        "layerId": 36,
        "type": "location",
        "status": "active",
        "urgency": null,
        "info": {
          "name:fa": "برجک",
          "date": 1773693000,
          "description": "",
          "name:en": "Borjak",
          "description:en": ""
        },
        "verificationTag": "verified",
        "expirationDate": null,
        "createdAt": "2026-03-17T14:04:05.679Z",
        "updatedAt": "2026-03-17T14:04:05.679Z",
        "name:en": "Borjak",
        "description:en": ""
      }
    },
    {
      "type": "Feature",
      "id": 90430,
      "geometry": {
        "type": "Point",
        "coordinates": [
          46.018752367461445,
          35.519138322828724
        ]
      },
      "properties": {
        "name:fa": "پایگاە نظامی",
        "date": 1773693000,
        "description": "",
        "city": "شهرستان مریوان",
        "province": "استان کردستان",
        "id": "MzY6MjkwMzgwNDIxNGE3",
        "publicId": "MzY6MjkwMzgwNDIxNGE3",
        "sourceId": "2903804214a7",
        "layerId": 36,
        "type": "location",
        "status": "active",
        "urgency": null,
        "info": {
          "name:fa": "پایگاە نظامی",
          "date": 1773693000,
          "description": "",
          "city": "شهرستان مریوان",
          "province": "استان کردستان",
          "name:en": "Military Base",
          "description:en": ""
        },
        "verificationTag": "verified",
        "expirationDate": null,
        "createdAt": "2026-03-17T14:05:44.927Z",
        "updatedAt": "2026-03-26T02:08:31.878Z",
        "name:en": "Military Base",
        "description:en": ""
      }
    },
    {
      "type": "Feature",
      "id": 90431,
      "geometry": {
        "type": "Point",
        "coordinates": [
          46.02052023221867,
          35.511581103582216
        ]
      },
      "properties": {
        "name:fa": "پایگاە نظامی",
        "date": 1773693000,
        "description": "",
        "city": "پیرانشاه",
        "province": "استان کردستان",
        "id": "MzY6Y2Y2NTAyYjc5YTI4",
        "publicId": "MzY6Y2Y2NTAyYjc5YTI4",
        "sourceId": "cf6502b79a28",
        "layerId": 36,
        "type": "location",
        "status": "active",
        "urgency": null,
        "info": {
          "name:fa": "پایگاە نظامی",
          "date": 1773693000,
          "description": "",
          "city": "پیرانشاه",
          "province": "استان کردستان",
          "name:en": "Military Base",
          "description:en": ""
        },
        "verificationTag": "verified",
        "expirationDate": null,
        "createdAt": "2026-03-17T14:07:43.989Z",
        "updatedAt": "2026-03-26T02:08:31.931Z",
        "name:en": "Military Base",
        "description:en": ""
      }
    },
    {
      "type": "Feature",
      "id": 90432,
      "geometry": {
        "type": "Point",
        "coordinates": [
          46.027666111258696,
          35.47917562772659
        ]
      },
      "properties": {
        "name:fa": "پایگاە نظامی",
        "date": 1773693000,
        "description": "",
        "city": "شهرستان مریوان",
        "province": "استان کردستان",
        "id": "MzY6Mzg5ODIzNDcwZDI3",
        "publicId": "MzY6Mzg5ODIzNDcwZDI3",
        "sourceId": "389823470d27",
        "layerId": 36,
        "type": "location",
        "status": "active",
        "urgency": null,
        "info": {
          "name:fa": "پایگاە نظامی",
          "date": 1773693000,
          "description": "",
          "city": "شهرستان مریوان",
          "province": "استان کردستان",
          "name:en": "Military Base",
          "description:en": ""
        },
        "verificationTag": "verified",
        "expirationDate": null,
        "createdAt": "2026-03-17T14:10:15.981Z",
        "updatedAt": "2026-03-26T02:08:31.995Z",
        "name:en": "Military Base",
        "description:en": ""
      }
    },
    {
      "type": "Feature",
      "id": 90433,
      "geometry": {
        "type": "Point",
        "coordinates": [
          46.07391365241489,
          35.52601027728913
        ]
      },
      "properties": {
        "name:fa": "پایگاە نظامی",
        "date": 1773693000,
        "description": "",
        "city": "شهرستان مریوان",
        "province": "استان کردستان",
        "id": "MzY6OGRmNmU0NTg3ODBh",
        "publicId": "MzY6OGRmNmU0NTg3ODBh",
        "sourceId": "8df6e458780a",
        "layerId": 36,
        "type": "location",
        "status": "active",
        "urgency": null,
        "info": {
          "name:fa": "پایگاە نظامی",
          "date": 1773693000,
          "description": "",
          "city": "شهرستان مریوان",
          "province": "استان کردستان",
          "name:en": "Military Base",
          "description:en": ""
        },
        "verificationTag": "verified",
        "expirationDate": null,
        "createdAt": "2026-03-17T14:13:20.800Z",
        "updatedAt": "2026-03-26T02:08:32.061Z",
        "name:en": "Military Base",
        "description:en": ""
      }
    },
    {
      "type": "Feature",
      "id": 90434,
      "geometry": {
        "type": "Point",
        "coordinates": [
          46.02355908695844,
          35.49404614227717
        ]
      },
      "properties": {
        "name:fa": "برجک",
        "date": "",
        "description": "",
        "city": "شهرستان مریوان",
        "province": "استان کردستان",
        "id": "MzY6ZDljZDRhNjJiNDdm",
        "publicId": "MzY6ZDljZDRhNjJiNDdm",
        "sourceId": "d9cd4a62b47f",
        "layerId": 36,
        "type": "location",
        "status": "active",
        "urgency": null,
        "info": {
          "name:fa": "برجک",
          "date": "",
          "description": "",
          "city": "شهرستان مریوان",
          "province": "استان کردستان",
          "name:en": "Borjak",
          "description:en": ""
        },
        "verificationTag": "not-verified",
        "expirationDate": null,
        "createdAt": "2026-03-17T14:19:14.557Z",
        "updatedAt": "2026-03-26T02:08:32.135Z",
        "name:en": "Borjak",
        "description:en": ""
      }
    },
    {
      "type": "Feature",
      "id": 90435,
      "geometry": {
        "type": "Point",
        "coordinates": [
          46.08071571165641,
          35.449852335980694
        ]
      },
      "properties": {
        "name:fa": "پایگاە نظامی",
        "date": 1773693000,
        "description": "",
        "city": "شهرستان مریوان",
        "province": "استان کردستان",
        "id": "MzY6N2MwMmEzMmVlOTFi",
        "publicId": "MzY6N2MwMmEzMmVlOTFi",
        "sourceId": "7c02a32ee91b",
        "layerId": 36,
        "type": "location",
        "status": "active",
        "urgency": null,
        "info": {
          "name:fa": "پایگاە نظامی",
          "date": 1773693000,
          "description": "",
          "city": "شهرستان مریوان",
          "province": "استان کردستان",
          "name:en": "Military Base",
          "description:en": ""
        },
        "verificationTag": "not-verified",
        "expirationDate": null,
        "createdAt": "2026-03-17T14:21:52.492Z",
        "updatedAt": "2026-03-26T02:08:32.208Z",
        "name:en": "Military Base",
        "description:en": ""
      }
    },
    {
      "type": "Feature",
      "id": 90436,
      "geometry": {
        "type": "Point",
        "coordinates": [
          46.119841466068124,
          35.369250333955975
        ]
      },
      "properties": {
        "name:fa": "پایگاە نظامی",
        "date": 1773693000,
        "description": "",
        "city": "شهرستان سروآباد",
        "province": "استان کردستان",
        "id": "MzY6M2FmZWRhN2UwZDM0",
        "publicId": "MzY6M2FmZWRhN2UwZDM0",
        "sourceId": "3afeda7e0d34",
        "layerId": 36,
        "type": "location",
        "status": "active",
        "urgency": null,
        "info": {
          "name:fa": "پایگاە نظامی",
          "date": 1773693000,
          "description": "",
          "city": "شهرستان سروآباد",
          "province": "استان کردستان",
          "name:en": "Military Base",
          "description:en": "A military installation or facility used for military operations and defense purposes."
        },
        "verificationTag": "verified",
        "expirationDate": null,
        "createdAt": "2026-03-17T14:26:33.820Z",
        "updatedAt": "2026-03-26T02:08:32.295Z",
        "name:en": "Military Base",
        "description:en": "A military installation or facility used for military operations and defense purposes."
      }
    },
    {
      "type": "Feature",
      "id": 90437,
      "geometry": {
        "type": "Point",
        "coordinates": [
          46.14415468702714,
          35.242845168587635
        ]
      },
      "properties": {
        "name:fa": "پاسگاه هنگ مرزی",
        "date": 1773347400,
        "description": "",
        "city": "شهرستان پاوه",
        "province": "استان کرمانشاه",
        "id": "MzY6MmY4NzA2MzBjYWJh",
        "publicId": "MzY6MmY4NzA2MzBjYWJh",
        "sourceId": "2f870630caba",
        "layerId": 36,
        "type": "location",
        "status": "active",
        "urgency": null,
        "info": {
          "name:fa": "پاسگاه هنگ مرزی",
          "date": 1773347400,
          "description": "",
          "city": "شهرستان پاوه",
          "province": "استان کرمانشاه",
          "name:en": "Pasyah Heng Marzi Border Post",
          "description:en": "A border outpost or checkpoint facility"
        },
        "verificationTag": "verified",
        "expirationDate": null,
        "createdAt": "2026-03-17T14:29:18.203Z",
        "updatedAt": "2026-03-26T02:08:32.355Z",
        "name:en": "Pasyah Heng Marzi Border Post",
        "description:en": "A border outpost or checkpoint facility"
      }
    },
    {
      "type": "Feature",
      "id": 90438,
      "geometry": {
        "type": "Point",
        "coordinates": [
          46.129675339939524,
          35.32640490838875
        ]
      },
      "properties": {
        "name:fa": "پایگاە نظامی",
        "date": 1773606600,
        "description": "",
        "city": "شهرستان سروآباد",
        "province": "استان کردستان",
        "id": "MzY6MzdkNDRiOGQ2M2E0",
        "publicId": "MzY6MzdkNDRiOGQ2M2E0",
        "sourceId": "37d44b8d63a4",
        "layerId": 36,
        "type": "location",
        "status": "active",
        "urgency": null,
        "info": {
          "name:fa": "پایگاە نظامی",
          "date": 1773606600,
          "description": "",
          "city": "شهرستان سروآباد",
          "province": "استان کردستان",
          "name:en": "Military Base",
          "description:en": ""
        },
        "verificationTag": "verified",
        "expirationDate": null,
        "createdAt": "2026-03-17T14:31:48.326Z",
        "updatedAt": "2026-03-26T02:08:32.614Z",
        "name:en": "Military Base",
        "description:en": ""
      }
    },
    {
      "type": "Feature",
      "id": 90439,
      "geometry": {
        "type": "Point",
        "coordinates": [
          46.12851899345361,
          35.33826180065974
        ]
      },
      "properties": {
        "name:fa": "برجک",
        "date": 1773693000,
        "description": "",
        "city": "شهرستان سروآباد",
        "province": "استان کردستان",
        "id": "MzY6YmZkMDRiYTQ0NmVl",
        "publicId": "MzY6YmZkMDRiYTQ0NmVl",
        "sourceId": "bfd04ba446ee",
        "layerId": 36,
        "type": "location",
        "status": "active",
        "urgency": null,
        "info": {
          "name:fa": "برجک",
          "date": 1773693000,
          "description": "",
          "city": "شهرستان سروآباد",
          "province": "استان کردستان",
          "name:en": "Borjak",
          "description:en": ""
        },
        "verificationTag": "verified",
        "expirationDate": null,
        "createdAt": "2026-03-17T14:34:12.875Z",
        "updatedAt": "2026-03-26T02:08:32.683Z",
        "name:en": "Borjak",
        "description:en": ""
      }
    },
    {
      "type": "Feature",
      "id": 90440,
      "geometry": {
        "type": "Point",
        "coordinates": [
          46.15430513457764,
          35.31163087258693
        ]
      },
      "properties": {
        "name:fa": "برجک",
        "date": 1773693000,
        "description": "",
        "city": "شهرستان سروآباد",
        "province": "استان کردستان",
        "id": "MzY6MjJkMzc4NzM3MDYy",
        "publicId": "MzY6MjJkMzc4NzM3MDYy",
        "sourceId": "22d378737062",
        "layerId": 36,
        "type": "location",
        "status": "active",
        "urgency": null,
        "info": {
          "name:fa": "برجک",
          "date": 1773693000,
          "description": "",
          "city": "شهرستان سروآباد",
          "province": "استان کردستان",
          "name:en": "Barjak",
          "description:en": ""
        },
        "verificationTag": "verified",
        "expirationDate": null,
        "createdAt": "2026-03-17T14:37:03.247Z",
        "updatedAt": "2026-03-26T02:08:32.751Z",
        "name:en": "Barjak",
        "description:en": ""
      }
    },
    {
      "type": "Feature",
      "id": 90441,
      "geometry": {
        "type": "Point",
        "coordinates": [
          46.16438389484418,
          35.296002888583374
        ]
      },
      "properties": {
        "name:fa": "پایگاە نظامی",
        "date": 1773693000,
        "description": "",
        "city": "شهرستان سروآباد",
        "province": "استان کردستان",
        "id": "MzY6MzY3MTVmNDk0NWVh",
        "publicId": "MzY6MzY3MTVmNDk0NWVh",
        "sourceId": "36715f4945ea",
        "layerId": 36,
        "type": "location",
        "status": "active",
        "urgency": null,
        "info": {
          "name:fa": "پایگاە نظامی",
          "date": 1773693000,
          "description": "",
          "city": "شهرستان سروآباد",
          "province": "استان کردستان",
          "name:en": "Military Base",
          "description:en": ""
        },
        "verificationTag": "verified",
        "expirationDate": null,
        "createdAt": "2026-03-17T14:42:32.972Z",
        "updatedAt": "2026-03-26T02:08:32.815Z",
        "name:en": "Military Base",
        "description:en": ""
      }
    },
    {
      "type": "Feature",
      "id": 90445,
      "geometry": {
        "type": "Point",
        "coordinates": [
          45.43045610241518,
          36.91422397386516
        ]
      },
      "properties": {
        "name:fa": "محل استقرار نیروی سرکوب",
        "date": 1773693000,
        "description": "این محل، محل استقرار نیروهای سرکوب، بسیج و نیروهای اطلاعاتی حومه نقده است. همچنین از آن به‌عنوان انبار مهمات جنگی ویژه سرکوب و محل تجمع شبانه بسیجیان استفاده می‌شود.",
        "city": "خلیفان",
        "province": "استان آذربایجان غربی",
        "id": "MzY6NTg5OWVjMjI5ODJh",
        "publicId": "MzY6NTg5OWVjMjI5ODJh",
        "sourceId": "5899ec22982a",
        "layerId": 36,
        "type": "location",
        "status": "active",
        "urgency": null,
        "info": {
          "name:fa": "محل استقرار نیروی سرکوب",
          "date": 1773693000,
          "description": "این محل، محل استقرار نیروهای سرکوب، بسیج و نیروهای اطلاعاتی حومه نقده است. همچنین از آن به‌عنوان انبار مهمات جنگی ویژه سرکوب و محل تجمع شبانه بسیجیان استفاده می‌شود.",
          "city": "خلیفان",
          "province": "استان آذربایجان غربی",
          "name:en": "Suppression Force Headquarters",
          "description:en": "This location is the headquarters of suppression forces, Basij militia, and intelligence forces in the Noqde area. It is also used as a storage facility for special suppression military ammunition and as a nighttime gathering place for Basij members."
        },
        "verificationTag": "verified",
        "expirationDate": null,
        "createdAt": "2026-03-18T04:03:50.121Z",
        "updatedAt": "2026-03-26T02:08:33.062Z",
        "name:en": "Suppression Force Headquarters",
        "description:en": "This location is the headquarters of suppression forces, Basij militia, and intelligence forces in the Noqde area. It is also used as a storage facility for special suppression military ammunition and as a nighttime gathering place for Basij members."
      }
    },
    {
      "type": "Feature",
      "id": 90446,
      "geometry": {
        "type": "Point",
        "coordinates": [
          45.43215021506634,
          36.91519566109865
        ]
      },
      "properties": {
        "name:fa": "(انبار مهمات) دهیاری",
        "date": 1773693000,
        "description": "این مکان به‌ظاهر دهیاری روستای خلیفان است، اما زیر نظر بهمن رستمنژاد، از فرماندهان فعال بسیج نقده، اداره می‌شود. او در سرکوب مردم نقده و اطراف نقش کلیدی داشته است. این محل برای برگزاری نشست‌های مرتبط با سرکوب و همچنین انبار مهمات و سلاح‌های جنگی در صورت خیزش احتمالی استفاده می‌شود.",
        "city": "خلیفان",
        "province": "استان آذربایجان غربی",
        "id": "MzY6YWZmOGQ5NmI2MDBl",
        "publicId": "MzY6YWZmOGQ5NmI2MDBl",
        "sourceId": "aff8d96b600e",
        "layerId": 36,
        "type": "location",
        "status": "active",
        "urgency": null,
        "info": {
          "name:fa": "(انبار مهمات) دهیاری",
          "date": 1773693000,
          "description": "این مکان به‌ظاهر دهیاری روستای خلیفان است، اما زیر نظر بهمن رستمنژاد، از فرماندهان فعال بسیج نقده، اداره می‌شود. او در سرکوب مردم نقده و اطراف نقش کلیدی داشته است. این محل برای برگزاری نشست‌های مرتبط با سرکوب و همچنین انبار مهمات و سلاح‌های جنگی در صورت خیزش احتمالی استفاده می‌شود.",
          "city": "خلیفان",
          "province": "استان آذربایجان غربی",
          "name:en": "Ammunition Depot - Dehyari Office",
          "description:en": "This location appears to be the Dehyari (village administrator's office) of Khalifan village, but is actually run under the supervision of Bahman Rostamnezad, one of the active Basij commanders of Naghadeh. He has played a key role in suppressing the people of Naghadeh and surrounding areas. This location is used for holding meetings related to suppression activities, as well as serving as an ammunition and weapons depot in case of potential uprising."
        },
        "verificationTag": "verified",
        "expirationDate": null,
        "createdAt": "2026-03-18T04:05:38.084Z",
        "updatedAt": "2026-03-26T02:08:33.118Z",
        "name:en": "Ammunition Depot - Dehyari Office",
        "description:en": "This location appears to be the Dehyari (village administrator's office) of Khalifan village, but is actually run under the supervision of Bahman Rostamnezad, one of the active Basij commanders of Naghadeh. He has played a key role in suppressing the people of Naghadeh and surrounding areas. This location is used for holding meetings related to suppression activities, as well as serving as an ammunition and weapons depot in case of potential uprising."
      }
    },
    {
      "type": "Feature",
      "id": 90491,
      "geometry": {
        "type": "Point",
        "coordinates": [
          45.07172061782151,
          37.512372349018364
        ]
      },
      "properties": {
        "name:fa": "حوزە ٤ مالک اشتر پایگاە بسیج",
        "date": 1772656200,
        "description": "",
        "city": "Shahrake Behdari",
        "province": "West Azerbaijan Province",
        "id": "MzY6MmU5YWY1N2U2MWFk",
        "publicId": "MzY6MmU5YWY1N2U2MWFk",
        "sourceId": "2e9af57e61ad",
        "layerId": 36,
        "type": "location",
        "status": "active",
        "urgency": null,
        "info": {
          "name:fa": "حوزە ٤ مالک اشتر پایگاە بسیج",
          "date": 1772656200,
          "description": "",
          "city": "Shahrake Behdari",
          "province": "West Azerbaijan Province",
          "name:en": "Houze 4 Malik Ashtar Basij Base",
          "description:en": ""
        },
        "verificationTag": "verified",
        "expirationDate": null,
        "createdAt": "2026-03-18T09:32:14.624Z",
        "updatedAt": "2026-03-26T02:08:34.382Z",
        "name:en": "Houze 4 Malik Ashtar Basij Base",
        "description:en": ""
      }
    },
    {
      "type": "Feature",
      "id": 90493,
      "geometry": {
        "type": "Point",
        "coordinates": [
          47.1072486017257,
          34.316657372687615
        ]
      },
      "properties": {
        "name:fa": "محل تجمع نیروهای حکومتی",
        "date": "",
        "description": "",
        "city": "کرمانشاه",
        "province": "استان کرمانشاه",
        "id": "MzY6ZGNmZGM4ZTA4MDRk",
        "publicId": "MzY6ZGNmZGM4ZTA4MDRk",
        "sourceId": "dcfdc8e0804d",
        "layerId": 36,
        "type": "location",
        "status": "active",
        "urgency": null,
        "info": {
          "name:fa": "محل تجمع نیروهای حکومتی",
          "date": "",
          "description": "",
          "city": "کرمانشاه",
          "province": "استان کرمانشاه",
          "name:en": "Government Forces Gathering Point",
          "description:en": ""
        },
        "verificationTag": "not-verified",
        "expirationDate": null,
        "createdAt": "2026-03-18T11:55:42.093Z",
        "updatedAt": "2026-03-26T02:08:34.498Z",
        "name:en": "Government Forces Gathering Point",
        "description:en": ""
      }
    },
    {
      "type": "Feature",
      "id": 90494,
      "geometry": {
        "type": "Point",
        "coordinates": [
          47.0766108527466,
          34.32625935146375
        ]
      },
      "properties": {
        "name:fa": "محل تجمع نیروی سرکوب",
        "date": "",
        "description": "",
        "city": "کرمانشاه",
        "province": "استان کرمانشاه",
        "id": "MzY6OWIyNDM1ZjQwN2M0",
        "publicId": "MzY6OWIyNDM1ZjQwN2M0",
        "sourceId": "9b2435f407c4",
        "layerId": 36,
        "type": "location",
        "status": "active",
        "urgency": null,
        "info": {
          "name:fa": "محل تجمع نیروی سرکوب",
          "date": "",
          "description": "",
          "city": "کرمانشاه",
          "province": "استان کرمانشاه",
          "name:en": "Suppression Force Assembly Point",
          "description:en": ""
        },
        "verificationTag": "not-verified",
        "expirationDate": null,
        "createdAt": "2026-03-18T12:08:15.765Z",
        "updatedAt": "2026-03-26T02:08:34.557Z",
        "name:en": "Suppression Force Assembly Point",
        "description:en": ""
      }
    },
    {
      "type": "Feature",
      "id": 90495,
      "geometry": {
        "type": "Point",
        "coordinates": [
          47.07462358116919,
          34.32630908310986
        ]
      },
      "properties": {
        "name:fa": "محل تجمع نیروی سرکوب",
        "date": "",
        "description": "",
        "city": "کرمانشاه",
        "province": "استان کرمانشاه",
        "id": "MzY6YTI4NWYzOGIyZWI3",
        "publicId": "MzY6YTI4NWYzOGIyZWI3",
        "sourceId": "a285f38b2eb7",
        "layerId": 36,
        "type": "location",
        "status": "active",
        "urgency": null,
        "info": {
          "name:fa": "محل تجمع نیروی سرکوب",
          "date": "",
          "description": "",
          "city": "کرمانشاه",
          "province": "استان کرمانشاه",
          "name:en": "Suppressive Force Assembly Point",
          "description:en": ""
        },
        "verificationTag": "not-verified",
        "expirationDate": null,
        "createdAt": "2026-03-18T12:08:47.855Z",
        "updatedAt": "2026-03-26T02:08:34.624Z",
        "name:en": "Suppressive Force Assembly Point",
        "description:en": ""
      }
    },
    {
      "type": "Feature",
      "id": 90496,
      "geometry": {
        "type": "Point",
        "coordinates": [
          51.13585963860524,
          35.71687135377299
        ]
      },
      "properties": {
        "name:fa": "ایست بازرسی",
        "date": "",
        "description": "",
        "city": "شهرستان قدس",
        "province": "استان تهران",
        "id": "MzY6Nzc2YmZhZjE3MWFh",
        "publicId": "MzY6Nzc2YmZhZjE3MWFh",
        "sourceId": "776bfaf171aa",
        "layerId": 36,
        "type": "location",
        "status": "active",
        "urgency": null,
        "info": {
          "name:fa": "ایست بازرسی",
          "date": "",
          "description": "",
          "city": "شهرستان قدس",
          "province": "استان تهران",
          "name:en": "Inspection Post",
          "description:en": ""
        },
        "verificationTag": "verified",
        "expirationDate": null,
        "createdAt": "2026-03-18T12:32:51.918Z",
        "updatedAt": "2026-03-26T02:08:34.698Z",
        "name:en": "Inspection Post",
        "description:en": ""
      }
    },
    {
      "type": "Feature",
      "id": 90497,
      "geometry": {
        "type": "Point",
        "coordinates": [
          51.31075574672954,
          35.75146615045607
        ]
      },
      "properties": {
        "name:fa": "ایست بازرسی",
        "date": "",
        "description": "محل ایست بازرسی",
        "city": "تهران",
        "province": "استان تهران",
        "id": "MzY6MTFlY2QyMTk3MzFk",
        "publicId": "MzY6MTFlY2QyMTk3MzFk",
        "sourceId": "11ecd219731d",
        "layerId": 36,
        "type": "location",
        "status": "active",
        "urgency": null,
        "info": {
          "name:fa": "ایست بازرسی",
          "date": "",
          "description": "محل ایست بازرسی",
          "city": "تهران",
          "province": "استان تهران",
          "name:en": "Checkpoint",
          "description:en": "A checkpoint inspection station"
        },
        "verificationTag": "verified",
        "expirationDate": null,
        "createdAt": "2026-03-18T12:33:16.422Z",
        "updatedAt": "2026-03-26T02:08:34.756Z",
        "name:en": "Checkpoint",
        "description:en": "A checkpoint inspection station"
      }
    },
    {
      "type": "Feature",
      "id": 90498,
      "geometry": {
        "type": "Point",
        "coordinates": [
          51.36214253057665,
          35.77036181044667
        ]
      },
      "properties": {
        "name:fa": "ایست بازرسی",
        "date": "",
        "description": "ایست بازرسی بسیج",
        "city": "تهران",
        "province": "استان تهران",
        "id": "MzY6YWM1OTllZTQ2YWNl",
        "publicId": "MzY6YWM1OTllZTQ2YWNl",
        "sourceId": "ac599ee46ace",
        "layerId": 36,
        "type": "location",
        "status": "active",
        "urgency": null,
        "info": {
          "name:fa": "ایست بازرسی",
          "date": "",
          "description": "ایست بازرسی بسیج",
          "city": "تهران",
          "province": "استان تهران",
          "name:en": "Inspection Post",
          "description:en": "Inspection Post Basij"
        },
        "verificationTag": "verified",
        "expirationDate": null,
        "createdAt": "2026-03-18T12:33:51.589Z",
        "updatedAt": "2026-03-26T02:08:34.823Z",
        "name:en": "Inspection Post",
        "description:en": "Inspection Post Basij"
      }
    },
    {
      "type": "Feature",
      "id": 90499,
      "geometry": {
        "type": "Point",
        "coordinates": [
          51.36550244399797,
          35.768440699280674
        ]
      },
      "properties": {
        "name:fa": "ایست بازرسی",
        "date": "",
        "description": "ایست بازرسی نیروهای نوپو",
        "city": "تهران",
        "province": "استان تهران",
        "id": "MzY6ZjBmNjQ3MDczNWVk",
        "publicId": "MzY6ZjBmNjQ3MDczNWVk",
        "sourceId": "f0f6470735ed",
        "layerId": 36,
        "type": "location",
        "status": "active",
        "urgency": null,
        "info": {
          "name:fa": "ایست بازرسی",
          "date": "",
          "description": "ایست بازرسی نیروهای نوپو",
          "city": "تهران",
          "province": "استان تهران",
          "name:en": "Checkpoint",
          "description:en": "Checkpoint of the Nopo forces"
        },
        "verificationTag": "verified",
        "expirationDate": null,
        "createdAt": "2026-03-18T12:34:19.921Z",
        "updatedAt": "2026-03-26T02:08:35.087Z",
        "name:en": "Checkpoint",
        "description:en": "Checkpoint of the Nopo forces"
      }
    },
    {
      "type": "Feature",
      "id": 90500,
      "geometry": {
        "type": "Point",
        "coordinates": [
          51.26484722173663,
          35.75039952880991
        ]
      },
      "properties": {
        "name:fa": "ایست بازرسی",
        "date": "",
        "description": "ایست بازرسی بسیج دهکده المپیک",
        "city": "تهران",
        "province": "استان تهران",
        "id": "MzY6ZTBhZDVhMmRmZjY4",
        "publicId": "MzY6ZTBhZDVhMmRmZjY4",
        "sourceId": "e0ad5a2dff68",
        "layerId": 36,
        "type": "location",
        "status": "active",
        "urgency": null,
        "info": {
          "name:fa": "ایست بازرسی",
          "date": "",
          "description": "ایست بازرسی بسیج دهکده المپیک",
          "city": "تهران",
          "province": "استان تهران",
          "name:en": "Inspection Post",
          "description:en": "Inspection Post Basij Olympic Village"
        },
        "verificationTag": "verified",
        "expirationDate": null,
        "createdAt": "2026-03-18T12:34:45.247Z",
        "updatedAt": "2026-03-26T02:08:35.163Z",
        "name:en": "Inspection Post",
        "description:en": "Inspection Post Basij Olympic Village"
      }
    },
    {
      "type": "Feature",
      "id": 90501,
      "geometry": {
        "type": "Point",
        "coordinates": [
          49.26002600170551,
          36.15974857383378
        ]
      },
      "properties": {
        "name:fa": "ایست بازرسی",
        "date": "",
        "description": "ایست بازرسی",
        "city": "شهرستان ابهر",
        "province": "استان زنجان",
        "id": "MzY6ZWQ4ZjBlZTFlMDcw",
        "publicId": "MzY6ZWQ4ZjBlZTFlMDcw",
        "sourceId": "ed8f0ee1e070",
        "layerId": 36,
        "type": "location",
        "status": "active",
        "urgency": null,
        "info": {
          "name:fa": "ایست بازرسی",
          "date": "",
          "description": "ایست بازرسی",
          "city": "شهرستان ابهر",
          "province": "استان زنجان",
          "name:en": "Inspection Station",
          "description:en": "Inspection Station"
        },
        "verificationTag": "verified",
        "expirationDate": null,
        "createdAt": "2026-03-18T12:35:13.345Z",
        "updatedAt": "2026-03-26T02:08:35.231Z",
        "name:en": "Inspection Station",
        "description:en": "Inspection Station"
      }
    },
    {
      "type": "Feature",
      "id": 90502,
      "geometry": {
        "type": "Point",
        "coordinates": [
          49.26448126216215,
          36.16415394943127
        ]
      },
      "properties": {
        "name:fa": "ایست بازرسی",
        "date": "",
        "description": "ایست بازرسی",
        "city": "شهرستان ابهر",
        "province": "استان زنجان",
        "id": "MzY6NjFlOTZlMmQ2ZTAx",
        "publicId": "MzY6NjFlOTZlMmQ2ZTAx",
        "sourceId": "61e96e2d6e01",
        "layerId": 36,
        "type": "location",
        "status": "active",
        "urgency": null,
        "info": {
          "name:fa": "ایست بازرسی",
          "date": "",
          "description": "ایست بازرسی",
          "city": "شهرستان ابهر",
          "province": "استان زنجان",
          "name:en": "Inspection Post",
          "description:en": "Inspection Post"
        },
        "verificationTag": "verified",
        "expirationDate": null,
        "createdAt": "2026-03-18T12:35:34.153Z",
        "updatedAt": "2026-03-26T02:08:35.308Z",
        "name:en": "Inspection Post",
        "description:en": "Inspection Post"
      }
    },
    {
      "type": "Feature",
      "id": 90503,
      "geometry": {
        "type": "Point",
        "coordinates": [
          49.22356035806868,
          36.1480729097476
        ]
      },
      "properties": {
        "name:fa": "ایست بازرسی",
        "date": "",
        "description": "ایست بازرسی جلوی مخابرات",
        "city": "ابهر",
        "province": "استان زنجان",
        "id": "MzY6ZGQ1ZDU5MWYzOTUw",
        "publicId": "MzY6ZGQ1ZDU5MWYzOTUw",
        "sourceId": "dd5d591f3950",
        "layerId": 36,
        "type": "location",
        "status": "active",
        "urgency": null,
        "info": {
          "name:fa": "ایست بازرسی",
          "date": "",
          "description": "ایست بازرسی جلوی مخابرات",
          "city": "ابهر",
          "province": "استان زنجان",
          "name:en": "Inspection Point",
          "description:en": "Inspection point in front of the telecommunications office"
        },
        "verificationTag": "verified",
        "expirationDate": null,
        "createdAt": "2026-03-18T12:36:31.571Z",
        "updatedAt": "2026-03-26T02:08:35.372Z",
        "name:en": "Inspection Point",
        "description:en": "Inspection point in front of the telecommunications office"
      }
    },
    {
      "type": "Feature",
      "id": 90504,
      "geometry": {
        "type": "Point",
        "coordinates": [
          59.56754428311177,
          36.29870018321411
        ]
      },
      "properties": {
        "name:fa": "ایست بازرسی",
        "date": "",
        "description": "ایست بازررسی های شبانه معمولا ساعت های ۸ شب تا ۱۲ شب",
        "city": "مشهد",
        "province": "استان خراسان رضوی",
        "id": "MzY6MWExMGYzMmY5OTYy",
        "publicId": "MzY6MWExMGYzMmY5OTYy",
        "sourceId": "1a10f32f9962",
        "layerId": 36,
        "type": "location",
        "status": "active",
        "urgency": null,
        "info": {
          "name:fa": "ایست بازرسی",
          "date": "",
          "description": "ایست بازررسی های شبانه معمولا ساعت های ۸ شب تا ۱۲ شب",
          "city": "مشهد",
          "province": "استان خراسان رضوی",
          "name:en": "Inspection Checkpoint",
          "description:en": "Night inspection checkpoints, usually operating from 8 PM to 12 midnight"
        },
        "verificationTag": "verified",
        "expirationDate": null,
        "createdAt": "2026-03-18T12:36:56.325Z",
        "updatedAt": "2026-03-26T02:08:35.441Z",
        "name:en": "Inspection Checkpoint",
        "description:en": "Night inspection checkpoints, usually operating from 8 PM to 12 midnight"
      }
    },
    {
      "type": "Feature",
      "id": 90505,
      "geometry": {
        "type": "Point",
        "coordinates": [
          51.57235061654893,
          35.80501538708711
        ]
      },
      "properties": {
        "name:fa": "ایست بازرسی",
        "date": "",
        "description": "چندین بار تو این نقطه ایست بازرسی بوده. آخرین بار جمعه ۲۲ اسفند از اونجا رد شدم و همچنان اونجا بودن. احتمالاً به خاطر نزدیکی به دانشگاه امام حسین و دانشگاه عالی دفاع. تعدادشون ولی خیلی متغیره روزها و ساعت‌های مختلف.",
        "city": "شهرستان شمیرانات",
        "province": "استان تهران",
        "id": "MzY6ODNlZjc2M2E1ZWNh",
        "publicId": "MzY6ODNlZjc2M2E1ZWNh",
        "sourceId": "83ef763a5eca",
        "layerId": 36,
        "type": "location",
        "status": "active",
        "urgency": null,
        "info": {
          "name:fa": "ایست بازرسی",
          "date": "",
          "description": "چندین بار تو این نقطه ایست بازرسی بوده. آخرین بار جمعه ۲۲ اسفند از اونجا رد شدم و همچنان اونجا بودن. احتمالاً به خاطر نزدیکی به دانشگاه امام حسین و دانشگاه عالی دفاع. تعدادشون ولی خیلی متغیره روزها و ساعت‌های مختلف.",
          "city": "شهرستان شمیرانات",
          "province": "استان تهران",
          "name:en": "Checkpoint",
          "description:en": "I have passed through this checkpoint multiple times. The last time was on Friday, March 13 (22nd of Esfand), and it was still there. It is probably due to its proximity to Imam Hossein University and the Higher Defense University. However, their number varies greatly at different times and hours of the day."
        },
        "verificationTag": "verified",
        "expirationDate": null,
        "createdAt": "2026-03-18T12:37:16.608Z",
        "updatedAt": "2026-03-26T02:08:35.511Z",
        "name:en": "Checkpoint",
        "description:en": "I have passed through this checkpoint multiple times. The last time was on Friday, March 13 (22nd of Esfand), and it was still there. It is probably due to its proximity to Imam Hossein University and the Higher Defense University. However, their number varies greatly at different times and hours of the day."
      }
    },
    {
      "type": "Feature",
      "id": 90506,
      "geometry": {
        "type": "Point",
        "coordinates": [
          51.4586525,
          35.7368399
        ]
      },
      "properties": {
        "name:fa": "تجمع سرکوبگران",
        "date": "",
        "description": "ورزشگاه شهید موگویی در تهران توسط نیروهای سرکوب تصرف شده است. از این مکان برای اعزام به دو ایست بازرسی نزدیک میدان سبلان استفاده می‌شود. یکی از ایست‌های بازرسی دم مسجد صاحب الزمان قبل از میدان امام رضا و دیگری قبل یا بعد از میدان سبلان برقرار می‌شود.",
        "city": "تهران",
        "province": "استان تهران",
        "id": "MzY6MmI5MGI0MzEyMmVj",
        "publicId": "MzY6MmI5MGI0MzEyMmVj",
        "sourceId": "2b90b43122ec",
        "layerId": 36,
        "type": "location",
        "status": "active",
        "urgency": null,
        "info": {
          "name:fa": "تجمع سرکوبگران",
          "date": "",
          "description": "ورزشگاه شهید موگویی در تهران توسط نیروهای سرکوب تصرف شده است. از این مکان برای اعزام به دو ایست بازرسی نزدیک میدان سبلان استفاده می‌شود. یکی از ایست‌های بازرسی دم مسجد صاحب الزمان قبل از میدان امام رضا و دیگری قبل یا بعد از میدان سبلان برقرار می‌شود.",
          "city": "تهران",
          "province": "استان تهران",
          "name:en": "Suppressors Gathering",
          "description:en": "Shahid Moguyeh Stadium in Tehran has been occupied by suppressive forces. This location is used as a dispatch point to two nearby checkpoints around Sabalan Square. One checkpoint is established at the entrance of Sahib al-Zaman Mosque before Imam Reza Square, and the other is established before or after Sabalan Square."
        },
        "verificationTag": "verified",
        "expirationDate": null,
        "createdAt": "2026-03-18T12:37:47.830Z",
        "updatedAt": "2026-03-26T02:08:35.579Z",
        "name:en": "Suppressors Gathering",
        "description:en": "Shahid Moguyeh Stadium in Tehran has been occupied by suppressive forces. This location is used as a dispatch point to two nearby checkpoints around Sabalan Square. One checkpoint is established at the entrance of Sahib al-Zaman Mosque before Imam Reza Square, and the other is established before or after Sabalan Square."
      }
    },
    {
      "type": "Feature",
      "id": 90507,
      "geometry": {
        "type": "Point",
        "coordinates": [
          51.4255338577542,
          35.71552917985309
        ]
      },
      "properties": {
        "name:fa": "ایست بازرسی",
        "date": "",
        "description": "ایست بازرسی",
        "city": "تهران",
        "province": "استان تهران",
        "id": "MzY6MjYwZjJkOTgzZTU0",
        "publicId": "MzY6MjYwZjJkOTgzZTU0",
        "sourceId": "260f2d983e54",
        "layerId": 36,
        "type": "location",
        "status": "active",
        "urgency": null,
        "info": {
          "name:fa": "ایست بازرسی",
          "date": "",
          "description": "ایست بازرسی",
          "city": "تهران",
          "province": "استان تهران",
          "name:en": "Inspection Post",
          "description:en": "Inspection Post"
        },
        "verificationTag": "verified",
        "expirationDate": null,
        "createdAt": "2026-03-18T12:38:28.315Z",
        "updatedAt": "2026-03-26T02:08:35.650Z",
        "name:en": "Inspection Post",
        "description:en": "Inspection Post"
      }
    },
    {
      "type": "Feature",
      "id": 90508,
      "geometry": {
        "type": "Point",
        "coordinates": [
          51.42687403594647,
          35.7169689694216
        ]
      },
      "properties": {
        "name:fa": "ایست بازرسی",
        "date": "",
        "description": "ایست بازرسی",
        "city": "تهران",
        "province": "استان تهران",
        "id": "MzY6MzI5MTFhZTlhNDc1",
        "publicId": "MzY6MzI5MTFhZTlhNDc1",
        "sourceId": "32911ae9a475",
        "layerId": 36,
        "type": "location",
        "status": "active",
        "urgency": null,
        "info": {
          "name:fa": "ایست بازرسی",
          "date": "",
          "description": "ایست بازرسی",
          "city": "تهران",
          "province": "استان تهران",
          "name:en": "Inspection Post",
          "description:en": "Inspection Post"
        },
        "verificationTag": "verified",
        "expirationDate": null,
        "createdAt": "2026-03-18T12:38:51.729Z",
        "updatedAt": "2026-03-26T02:08:35.716Z",
        "name:en": "Inspection Post",
        "description:en": "Inspection Post"
      }
    },
    {
      "type": "Feature",
      "id": 90509,
      "geometry": {
        "type": "Point",
        "coordinates": [
          51.34307,
          35.648726
        ]
      },
      "properties": {
        "name:fa": "تجمع سرکوبگران",
        "date": "",
        "description": "در این محدوده سه ماشین زرهی سرکوب وجود دارد که دو تای آن‌ها قفس بازداشت دارند و یکی دوشکا دارد. شب‌ها در آنجا می‌خوابند و گاهی موتور سرکوب‌گران کنارشان می‌ایستد. با فاصله 10 متر از هم ایستاده‌اند و سرکوب‌گران دور اطرافشان هستند.",
        "city": "تهران",
        "province": "استان تهران",
        "id": "MzY6MGZiOGEyZjUwNjA3",
        "publicId": "MzY6MGZiOGEyZjUwNjA3",
        "sourceId": "0fb8a2f50607",
        "layerId": 36,
        "type": "location",
        "status": "active",
        "urgency": null,
        "info": {
          "name:fa": "تجمع سرکوبگران",
          "date": "",
          "description": "در این محدوده سه ماشین زرهی سرکوب وجود دارد که دو تای آن‌ها قفس بازداشت دارند و یکی دوشکا دارد. شب‌ها در آنجا می‌خوابند و گاهی موتور سرکوب‌گران کنارشان می‌ایستد. با فاصله 10 متر از هم ایستاده‌اند و سرکوب‌گران دور اطرافشان هستند.",
          "city": "تهران",
          "province": "استان تهران",
          "name:en": "Suppression Force Gathering",
          "description:en": "In this area there are three armored suppression vehicles, two of which have detention cages and one has a machine gun. They sleep there at night and sometimes a suppression force motorcycle stands beside them. They are positioned 10 meters apart from each other and suppression forces are stationed around them."
        },
        "verificationTag": "verified",
        "expirationDate": null,
        "createdAt": "2026-03-18T12:39:20.466Z",
        "updatedAt": "2026-03-26T02:08:35.975Z",
        "name:en": "Suppression Force Gathering",
        "description:en": "In this area there are three armored suppression vehicles, two of which have detention cages and one has a machine gun. They sleep there at night and sometimes a suppression force motorcycle stands beside them. They are positioned 10 meters apart from each other and suppression forces are stationed around them."
      }
    },
    {
      "type": "Feature",
      "id": 90510,
      "geometry": {
        "type": "Point",
        "coordinates": [
          51.533910419125334,
          35.7431716853353
        ]
      },
      "properties": {
        "name:fa": "تجمع سرکوبگران و ایست بازرسی",
        "date": "",
        "description": "ایست بازرسی نیروهای سرکوب که در چادر میخوابند",
        "city": "تهران",
        "province": "استان تهران",
        "id": "MzY6Y2E5ZTMyMzc4ZGNk",
        "publicId": "MzY6Y2E5ZTMyMzc4ZGNk",
        "sourceId": "ca9e32378dcd",
        "layerId": 36,
        "type": "location",
        "status": "active",
        "urgency": null,
        "info": {
          "name:fa": "تجمع سرکوبگران و ایست بازرسی",
          "date": "",
          "description": "ایست بازرسی نیروهای سرکوب که در چادر میخوابند",
          "city": "تهران",
          "province": "استان تهران",
          "name:en": "Suppressors Assembly and Checkpoint",
          "description:en": "Checkpoint of suppression forces that sleep in tents"
        },
        "verificationTag": "verified",
        "expirationDate": null,
        "createdAt": "2026-03-18T12:39:48.966Z",
        "updatedAt": "2026-03-26T02:08:36.046Z",
        "name:en": "Suppressors Assembly and Checkpoint",
        "description:en": "Checkpoint of suppression forces that sleep in tents"
      }
    },
    {
      "type": "Feature",
      "id": 90511,
      "geometry": {
        "type": "Point",
        "coordinates": [
          51.22807230614714,
          35.54520082857452
        ]
      },
      "properties": {
        "name:fa": "تجمع سرکوبگران",
        "date": "",
        "description": "مسجد مهدیه مقر اصلی بیسجیان منطقه برای سرکوب معترضین و انجام عملیات های همچون ایست بازرسی",
        "city": "اسلامشهر",
        "province": "استان تهران",
        "id": "MzY6NGQzODhiZmI0ZDk5",
        "publicId": "MzY6NGQzODhiZmI0ZDk5",
        "sourceId": "4d388bfb4d99",
        "layerId": 36,
        "type": "location",
        "status": "active",
        "urgency": null,
        "info": {
          "name:fa": "تجمع سرکوبگران",
          "date": "",
          "description": "مسجد مهدیه مقر اصلی بیسجیان منطقه برای سرکوب معترضین و انجام عملیات های همچون ایست بازرسی",
          "city": "اسلامشهر",
          "province": "استان تهران",
          "name:en": "Basiji Gathering Center",
          "description:en": "Mahdieh Mosque, the main headquarters of Basiji forces in the district for suppressing protesters and conducting operations such as checkpoints"
        },
        "verificationTag": "verified",
        "expirationDate": null,
        "createdAt": "2026-03-18T12:44:26.558Z",
        "updatedAt": "2026-03-26T02:08:36.104Z",
        "name:en": "Basiji Gathering Center",
        "description:en": "Mahdieh Mosque, the main headquarters of Basiji forces in the district for suppressing protesters and conducting operations such as checkpoints"
      }
    },
    {
      "type": "Feature",
      "id": 90512,
      "geometry": {
        "type": "Point",
        "coordinates": [
          51.04422495334171,
          35.83562341534467
        ]
      },
      "properties": {
        "name:fa": "ایست بازرسی",
        "date": "",
        "description": "ایست بازرسی و محل اختفا نیروی های بسیج",
        "city": "شهرستان کرج",
        "province": "استان البرز",
        "id": "MzY6Zjg3YmM1NTcyYTgy",
        "publicId": "MzY6Zjg3YmM1NTcyYTgy",
        "sourceId": "f87bc5572a82",
        "layerId": 36,
        "type": "location",
        "status": "active",
        "urgency": null,
        "info": {
          "name:fa": "ایست بازرسی",
          "date": "",
          "description": "ایست بازرسی و محل اختفا نیروی های بسیج",
          "city": "شهرستان کرج",
          "province": "استان البرز",
          "name:en": "Inspection Checkpoint",
          "description:en": "Inspection checkpoint and hideout location for Basij forces"
        },
        "verificationTag": "verified",
        "expirationDate": null,
        "createdAt": "2026-03-18T12:45:33.930Z",
        "updatedAt": "2026-03-26T02:08:36.166Z",
        "name:en": "Inspection Checkpoint",
        "description:en": "Inspection checkpoint and hideout location for Basij forces"
      }
    },
    {
      "type": "Feature",
      "id": 90513,
      "geometry": {
        "type": "Point",
        "coordinates": [
          51.43663419245394,
          35.77505957759355
        ]
      },
      "properties": {
        "name:fa": "ایست بازرسی",
        "date": "",
        "description": "ایست و بازرسی مسلح",
        "city": "تهران",
        "province": "استان تهران",
        "id": "MzY6Mjc3M2VhMmJmMGM5",
        "publicId": "MzY6Mjc3M2VhMmJmMGM5",
        "sourceId": "2773ea2bf0c9",
        "layerId": 36,
        "type": "location",
        "status": "active",
        "urgency": null,
        "info": {
          "name:fa": "ایست بازرسی",
          "date": "",
          "description": "ایست و بازرسی مسلح",
          "city": "تهران",
          "province": "استان تهران",
          "name:en": "Checkpoint",
          "description:en": "Armed checkpoint and inspection post"
        },
        "verificationTag": "verified",
        "expirationDate": null,
        "createdAt": "2026-03-18T12:46:59.717Z",
        "updatedAt": "2026-03-26T02:08:36.230Z",
        "name:en": "Checkpoint",
        "description:en": "Armed checkpoint and inspection post"
      }
    },
    {
      "type": "Feature",
      "id": 90514,
      "geometry": {
        "type": "Point",
        "coordinates": [
          51.43677105911695,
          35.77441501374716
        ]
      },
      "properties": {
        "name:fa": "تجمع نیروهای سرکوب",
        "date": "",
        "description": "مسجد قلهک زیر زمینی بسیار بزرگ دارد که پایگاه بسیجی ها و مهمات انها هست",
        "city": "تهران",
        "province": "استان تهران",
        "id": "MzY6ODhmNzYzZTA5NzI2",
        "publicId": "MzY6ODhmNzYzZTA5NzI2",
        "sourceId": "88f763e09726",
        "layerId": 36,
        "type": "location",
        "status": "active",
        "urgency": null,
        "info": {
          "name:fa": "تجمع نیروهای سرکوب",
          "date": "",
          "description": "مسجد قلهک زیر زمینی بسیار بزرگ دارد که پایگاه بسیجی ها و مهمات انها هست",
          "city": "تهران",
          "province": "استان تهران",
          "name:en": "Suppression Forces Gathering",
          "description:en": "It has a very large underground mosque at Qalahak which serves as a Basij base and ammunition storage"
        },
        "verificationTag": "verified",
        "expirationDate": null,
        "createdAt": "2026-03-18T12:47:57.379Z",
        "updatedAt": "2026-03-26T02:08:36.297Z",
        "name:en": "Suppression Forces Gathering",
        "description:en": "It has a very large underground mosque at Qalahak which serves as a Basij base and ammunition storage"
      }
    },
    {
      "type": "Feature",
      "id": 90515,
      "geometry": {
        "type": "Point",
        "coordinates": [
          49.06604343215733,
          36.313289783453655
        ]
      },
      "properties": {
        "name:fa": "ایست بازرسی",
        "date": "",
        "description": "",
        "city": "صائین قلعه",
        "province": "استان زنجان",
        "id": "MzY6YzA1MTJmODdiYzc0",
        "publicId": "MzY6YzA1MTJmODdiYzc0",
        "sourceId": "c0512f87bc74",
        "layerId": 36,
        "type": "location",
        "status": "active",
        "urgency": null,
        "info": {
          "name:fa": "ایست بازرسی",
          "date": "",
          "description": "",
          "city": "صائین قلعه",
          "province": "استان زنجان",
          "name:en": "Checkpoint",
          "description:en": ""
        },
        "verificationTag": "verified",
        "expirationDate": null,
        "createdAt": "2026-03-18T12:50:49.836Z",
        "updatedAt": "2026-03-26T02:08:36.353Z",
        "name:en": "Checkpoint",
        "description:en": ""
      }
    },
    {
      "type": "Feature",
      "id": 90516,
      "geometry": {
        "type": "Point",
        "coordinates": [
          51.29096598312785,
          35.76816006089166
        ]
      },
      "properties": {
        "name:fa": "ایست بازرسی",
        "date": "",
        "description": "ایست بازرسی ثابت در این موقعیت. همین الان تجمع قابل توجه مزدوران رژیم در این نقطه.",
        "city": "تهران",
        "province": "استان تهران",
        "id": "MzY6M2YzMDQyYjNiMTM5",
        "publicId": "MzY6M2YzMDQyYjNiMTM5",
        "sourceId": "3f3042b3b139",
        "layerId": 36,
        "type": "location",
        "status": "active",
        "urgency": null,
        "info": {
          "name:fa": "ایست بازرسی",
          "date": "",
          "description": "ایست بازرسی ثابت در این موقعیت. همین الان تجمع قابل توجه مزدوران رژیم در این نقطه.",
          "city": "تهران",
          "province": "استان تهران",
          "name:en": "Inspection Checkpoint",
          "description:en": "A fixed inspection checkpoint at this location. Currently there is a significant gathering of regime mercenaries at this point."
        },
        "verificationTag": "verified",
        "expirationDate": null,
        "createdAt": "2026-03-18T12:56:37.023Z",
        "updatedAt": "2026-03-26T02:08:36.412Z",
        "name:en": "Inspection Checkpoint",
        "description:en": "A fixed inspection checkpoint at this location. Currently there is a significant gathering of regime mercenaries at this point."
      }
    },
    {
      "type": "Feature",
      "id": 90517,
      "geometry": {
        "type": "Point",
        "coordinates": [
          51.29100693610289,
          35.76780096984294
        ]
      },
      "properties": {
        "name:fa": "تجمع نیروهای سرکوبگر",
        "date": "",
        "description": "این مسجد لانه فساده. همیشه ایست بازرسی در مقابلش می زنند و نیروی سرکوب هم از همین جا روانه میشه. دارای اسلحه و تفنگ جنگی هستند داخل این کثافت دانی. بزنید بترکونیدش.",
        "city": "تهران",
        "province": "استان تهران",
        "id": "MzY6MTJhZDU1ZmFkMWMx",
        "publicId": "MzY6MTJhZDU1ZmFkMWMx",
        "sourceId": "12ad55fad1c1",
        "layerId": 36,
        "type": "location",
        "status": "active",
        "urgency": null,
        "info": {
          "name:fa": "تجمع نیروهای سرکوبگر",
          "date": "",
          "description": "این مسجد لانه فساده. همیشه ایست بازرسی در مقابلش می زنند و نیروی سرکوب هم از همین جا روانه میشه. دارای اسلحه و تفنگ جنگی هستند داخل این کثافت دانی. بزنید بترکونیدش.",
          "city": "تهران",
          "province": "استان تهران",
          "name:en": "Oppressive Forces Gathering",
          "description:en": "This mosque is a den of corruption. There is always a checkpoint set up in front of it and suppressive forces are deployed from here. They have weapons and military rifles inside this filthy place. Destroy it and demolish it."
        },
        "verificationTag": "verified",
        "expirationDate": null,
        "createdAt": "2026-03-18T12:57:25.559Z",
        "updatedAt": "2026-03-26T02:08:36.464Z",
        "name:en": "Oppressive Forces Gathering",
        "description:en": "This mosque is a den of corruption. There is always a checkpoint set up in front of it and suppressive forces are deployed from here. They have weapons and military rifles inside this filthy place. Destroy it and demolish it."
      }
    },
    {
      "type": "Feature",
      "id": 90519,
      "geometry": {
        "type": "Point",
        "coordinates": [
          51.37352358360357,
          35.672682590258034
        ]
      },
      "properties": {
        "name:fa": "تجمع نیروهای سرکوب",
        "date": "",
        "description": "اینجا پایگاه بسیج گروهان تکاور امنیتی یگان امام رضا هست ، خیابون عرب پایین تر از خیابان فرد ، هر شب هم میان تو میدون بریانک ایست بازرسی میذارن و نوحه پخش میکنن",
        "city": "تهران",
        "province": "استان تهران",
        "id": "MzY6NjQyZTY5MDY1MWYz",
        "publicId": "MzY6NjQyZTY5MDY1MWYz",
        "sourceId": "642e690651f3",
        "layerId": 36,
        "type": "location",
        "status": "active",
        "urgency": null,
        "info": {
          "name:fa": "تجمع نیروهای سرکوب",
          "date": "",
          "description": "اینجا پایگاه بسیج گروهان تکاور امنیتی یگان امام رضا هست ، خیابون عرب پایین تر از خیابان فرد ، هر شب هم میان تو میدون بریانک ایست بازرسی میذارن و نوحه پخش میکنن",
          "city": "تهران",
          "province": "استان تهران",
          "name:en": "Tajammoe Nirohaye Sorkoob",
          "description:en": "This is the base of the Basij mobilization forces, the tactical commando group, security unit of Imam Reza. Located on Arab Street below Fard Street. Every night between the stadium and Brianak there is a checkpoint and they broadcast mourning chants."
        },
        "verificationTag": "verified",
        "expirationDate": null,
        "createdAt": "2026-03-18T12:59:21.750Z",
        "updatedAt": "2026-03-26T02:08:36.778Z",
        "name:en": "Tajammoe Nirohaye Sorkoob",
        "description:en": "This is the base of the Basij mobilization forces, the tactical commando group, security unit of Imam Reza. Located on Arab Street below Fard Street. Every night between the stadium and Brianak there is a checkpoint and they broadcast mourning chants."
      }
    },
    {
      "type": "Feature",
      "id": 90520,
      "geometry": {
        "type": "Point",
        "coordinates": [
          51.37157611311801,
          35.67399777200741
        ]
      },
      "properties": {
        "name:fa": "تجمع نیروهای سرکوب",
        "date": "",
        "description": "مسجد المهدی محل تجمع نیروهای مسلح بسیج از چندین ناحیه و مساجد منطقه افراد مستقر در این مکان در تمام روزهای اعتراضات بسمت مردم شلیک کردند و منطقه را در دست گرفتند و قلدری می کنند . تا دیشب اطلاع دقیق دارم که نیروها در این مسجد مستقر بودند .",
        "city": "تهران",
        "province": "استان تهران",
        "id": "MzY6ZmViN2NlZGI0MTk3",
        "publicId": "MzY6ZmViN2NlZGI0MTk3",
        "sourceId": "feb7cedb4197",
        "layerId": 36,
        "type": "location",
        "status": "active",
        "urgency": null,
        "info": {
          "name:fa": "تجمع نیروهای سرکوب",
          "date": "",
          "description": "مسجد المهدی محل تجمع نیروهای مسلح بسیج از چندین ناحیه و مساجد منطقه افراد مستقر در این مکان در تمام روزهای اعتراضات بسمت مردم شلیک کردند و منطقه را در دست گرفتند و قلدری می کنند . تا دیشب اطلاع دقیق دارم که نیروها در این مسجد مستقر بودند .",
          "city": "تهران",
          "province": "استان تهران",
          "name:en": "Suppressive Forces Gathering",
          "description:en": "Masjid al-Mahdi served as a gathering point for armed Basij forces from several districts and mosques in the area. Personnel stationed at this location fired upon people throughout the days of protests, took control of the area, and engaged in bullying. Until last night, I have precise information that forces were stationed in this mosque."
        },
        "verificationTag": "verified",
        "expirationDate": null,
        "createdAt": "2026-03-18T12:59:45.929Z",
        "updatedAt": "2026-03-26T02:08:36.838Z",
        "name:en": "Suppressive Forces Gathering",
        "description:en": "Masjid al-Mahdi served as a gathering point for armed Basij forces from several districts and mosques in the area. Personnel stationed at this location fired upon people throughout the days of protests, took control of the area, and engaged in bullying. Until last night, I have precise information that forces were stationed in this mosque."
      }
    },
    {
      "type": "Feature",
      "id": 90521,
      "geometry": {
        "type": "Point",
        "coordinates": [
          59.54055090381166,
          36.31577573641951
        ]
      },
      "properties": {
        "name:fa": "تجمع نیروهای سرکوب",
        "date": "",
        "description": "محل قرارگیری نیروی یگان ویژه سرکوب",
        "city": "مشهد",
        "province": "استان خراسان رضوی",
        "id": "MzY6ZWU3MGFkZTQ3YTli",
        "publicId": "MzY6ZWU3MGFkZTQ3YTli",
        "sourceId": "ee70ade47a9b",
        "layerId": 36,
        "type": "location",
        "status": "active",
        "urgency": null,
        "info": {
          "name:fa": "تجمع نیروهای سرکوب",
          "date": "",
          "description": "محل قرارگیری نیروی یگان ویژه سرکوب",
          "city": "مشهد",
          "province": "استان خراسان رضوی",
          "name:en": "Suppression Forces Assembly",
          "description:en": "The location where the special suppression unit forces are stationed"
        },
        "verificationTag": "verified",
        "expirationDate": null,
        "createdAt": "2026-03-18T13:00:16.627Z",
        "updatedAt": "2026-03-26T02:08:36.897Z",
        "name:en": "Suppression Forces Assembly",
        "description:en": "The location where the special suppression unit forces are stationed"
      }
    },
    {
      "type": "Feature",
      "id": 90522,
      "geometry": {
        "type": "Point",
        "coordinates": [
          47.5734226716788,
          35.884017223601276
        ]
      },
      "properties": {
        "name:fa": "ایست بازرسی",
        "date": "",
        "description": "ایست بازررسی شدید توسط ماموران سپاه و آگاهی تمام مسلح اکثر اوقات هستند ولی بیشترین تایم حضورشون غروب هست",
        "city": "بیجار",
        "province": "استان کردستان",
        "id": "MzY6NTZlMzNjNmRjMzk0",
        "publicId": "MzY6NTZlMzNjNmRjMzk0",
        "sourceId": "56e33c6dc394",
        "layerId": 36,
        "type": "location",
        "status": "active",
        "urgency": null,
        "info": {
          "name:fa": "ایست بازرسی",
          "date": "",
          "description": "ایست بازررسی شدید توسط ماموران سپاه و آگاهی تمام مسلح اکثر اوقات هستند ولی بیشترین تایم حضورشون غروب هست",
          "city": "بیجار",
          "province": "استان کردستان",
          "name:en": "Checkpoint",
          "description:en": "A checkpoint with strict inspection by Revolutionary Guards and intelligence armed forces, most of the time they are present, but their presence is most frequent at sunset"
        },
        "verificationTag": "verified",
        "expirationDate": null,
        "createdAt": "2026-03-18T13:01:39.796Z",
        "updatedAt": "2026-03-26T02:08:36.952Z",
        "name:en": "Checkpoint",
        "description:en": "A checkpoint with strict inspection by Revolutionary Guards and intelligence armed forces, most of the time they are present, but their presence is most frequent at sunset"
      }
    },
    {
      "type": "Feature",
      "id": 90523,
      "geometry": {
        "type": "Point",
        "coordinates": [
          49.21227336250456,
          36.19178925124724
        ]
      },
      "properties": {
        "name:fa": "ایست بازرسی",
        "date": "",
        "description": "ایست بازرسی (ثابت)",
        "city": "خرمدره",
        "province": "استان زنجان",
        "id": "MzY6ODFmYTJiYTUzMzgw",
        "publicId": "MzY6ODFmYTJiYTUzMzgw",
        "sourceId": "81fa2ba53380",
        "layerId": 36,
        "type": "location",
        "status": "active",
        "urgency": null,
        "info": {
          "name:fa": "ایست بازرسی",
          "date": "",
          "description": "ایست بازرسی (ثابت)",
          "city": "خرمدره",
          "province": "استان زنجان",
          "name:en": "Inspection Station",
          "description:en": "Inspection Station (fixed)"
        },
        "verificationTag": "verified",
        "expirationDate": null,
        "createdAt": "2026-03-18T13:02:02.544Z",
        "updatedAt": "2026-03-26T02:08:37.011Z",
        "name:en": "Inspection Station",
        "description:en": "Inspection Station (fixed)"
      }
    },
    {
      "type": "Feature",
      "id": 90524,
      "geometry": {
        "type": "Point",
        "coordinates": [
          49.16299089421153,
          36.2450726029999
        ]
      },
      "properties": {
        "name:fa": "ایست بازرسی",
        "date": "",
        "description": "ایست بازرسی (ثابت) - جدیدا کانکس هم اضافه کردن",
        "city": "شهرستان ابهر",
        "province": "استان زنجان",
        "id": "MzY6YjQwMzYxZjAwOTJh",
        "publicId": "MzY6YjQwMzYxZjAwOTJh",
        "sourceId": "b40361f0092a",
        "layerId": 36,
        "type": "location",
        "status": "active",
        "urgency": null,
        "info": {
          "name:fa": "ایست بازرسی",
          "date": "",
          "description": "ایست بازرسی (ثابت) - جدیدا کانکس هم اضافه کردن",
          "city": "شهرستان ابهر",
          "province": "استان زنجان",
          "name:en": "Inspection Station",
          "description:en": "Inspection Station (Fixed) - Recently added connections as well"
        },
        "verificationTag": "verified",
        "expirationDate": null,
        "createdAt": "2026-03-18T13:02:20.227Z",
        "updatedAt": "2026-03-26T02:08:37.080Z",
        "name:en": "Inspection Station",
        "description:en": "Inspection Station (Fixed) - Recently added connections as well"
      }
    },
    {
      "type": "Feature",
      "id": 90525,
      "geometry": {
        "type": "Point",
        "coordinates": [
          49.080631549178776,
          36.3082687003658
        ]
      },
      "properties": {
        "name:fa": "ایست بازرسی",
        "date": "",
        "description": "ایست بازرسی (متغیر) - همیشگی نیست",
        "city": "صائین قلعه",
        "province": "استان زنجان",
        "id": "MzY6OGI0NWZlZTg4Y2E5",
        "publicId": "MzY6OGI0NWZlZTg4Y2E5",
        "sourceId": "8b45fee88ca9",
        "layerId": 36,
        "type": "location",
        "status": "active",
        "urgency": null,
        "info": {
          "name:fa": "ایست بازرسی",
          "date": "",
          "description": "ایست بازرسی (متغیر) - همیشگی نیست",
          "city": "صائین قلعه",
          "province": "استان زنجان",
          "name:en": "Inspection Point",
          "description:en": "Inspection point (temporary) - not permanent"
        },
        "verificationTag": "verified",
        "expirationDate": null,
        "createdAt": "2026-03-18T13:02:39.557Z",
        "updatedAt": "2026-03-26T02:08:37.141Z",
        "name:en": "Inspection Point",
        "description:en": "Inspection point (temporary) - not permanent"
      }
    },
    {
      "type": "Feature",
      "id": 90527,
      "geometry": {
        "type": "Point",
        "coordinates": [
          59.490193892128985,
          36.36618333420347
        ]
      },
      "properties": {
        "name:fa": "ایست بازرسی ",
        "date": "",
        "description": "ایست بازرسی ",
        "city": "مشهد",
        "province": "استان خراسان رضوی",
        "id": "MzY6MjcxNmM1ODM1ZGU2",
        "publicId": "MzY6MjcxNmM1ODM1ZGU2",
        "sourceId": "2716c5835de6",
        "layerId": 36,
        "type": "location",
        "status": "active",
        "urgency": null,
        "info": {
          "name:fa": "ایست بازرسی ",
          "date": "",
          "description": "ایست بازرسی ",
          "city": "مشهد",
          "province": "استان خراسان رضوی",
          "name:en": "Inspection Post",
          "description:en": "Inspection Post"
        },
        "verificationTag": "verified",
        "expirationDate": null,
        "createdAt": "2026-03-18T16:42:56.757Z",
        "updatedAt": "2026-03-26T02:08:37.258Z",
        "name:en": "Inspection Post",
        "description:en": "Inspection Post"
      }
    },
    {
      "type": "Feature",
      "id": 90528,
      "geometry": {
        "type": "Point",
        "coordinates": [
          51.79762597415271,
          35.7423095057226
        ]
      },
      "properties": {
        "name:fa": "ایست بازرسی ",
        "date": "",
        "description": "ایست بازرسی ورودی پردیس",
        "city": "پردیس",
        "province": "استان تهران",
        "id": "MzY6MDFjMmM5ZWJkZGRl",
        "publicId": "MzY6MDFjMmM5ZWJkZGRl",
        "sourceId": "01c2c9ebddde",
        "layerId": 36,
        "type": "location",
        "status": "active",
        "urgency": null,
        "info": {
          "name:fa": "ایست بازرسی ",
          "date": "",
          "description": "ایست بازرسی ورودی پردیس",
          "city": "پردیس",
          "province": "استان تهران",
          "name:en": "Inspection Post",
          "description:en": "Inspection Post at the Entrance of Pardis"
        },
        "verificationTag": "verified",
        "expirationDate": null,
        "createdAt": "2026-03-18T16:43:32.945Z",
        "updatedAt": "2026-03-26T02:08:37.317Z",
        "name:en": "Inspection Post",
        "description:en": "Inspection Post at the Entrance of Pardis"
      }
    },
    {
      "type": "Feature",
      "id": 90532,
      "geometry": {
        "type": "Point",
        "coordinates": [
          51.363055087417536,
          35.699337025301915
        ]
      },
      "properties": {
        "name:fa": "ایست بازرسی",
        "date": 1773347400,
        "description": "",
        "city": "تهران",
        "province": "استان تهران",
        "id": "MzY6NTliMzNlZWMyNzc5",
        "publicId": "MzY6NTliMzNlZWMyNzc5",
        "sourceId": "59b33eec2779",
        "layerId": 36,
        "type": "location",
        "status": "active",
        "urgency": null,
        "info": {
          "name:fa": "ایست بازرسی",
          "date": 1773347400,
          "description": "",
          "city": "تهران",
          "province": "استان تهران",
          "name:en": "Checkpoint",
          "description:en": ""
        },
        "verificationTag": "not-verified",
        "expirationDate": null,
        "createdAt": "2026-03-18T17:23:06.557Z",
        "updatedAt": "2026-03-26T02:08:37.762Z",
        "name:en": "Checkpoint",
        "description:en": ""
      }
    },
    {
      "type": "Feature",
      "id": 90534,
      "geometry": {
        "type": "Point",
        "coordinates": [
          48.52996327135935,
          36.69336863619884
        ]
      },
      "properties": {
        "name:fa": "دکل صدا و سیما",
        "date": "",
        "description": "ایستگاه دکل فرستنده صدا و سیما زنجان.شاید کاربرد دیگه ای هم داشته باشه. از خیلی سال های پیش تابلوی \"منطقه نظامی - عکس برداری ممنوع\" داشت. در طول جنگ ۱۲ روزه هم ورودی مراکز تفریحی اطرافش توسط پلیس بسته بود.",
        "city": "زنجان",
        "province": "استان زنجان",
        "id": "MzY6ZTViZWZhNmFmNzQ0",
        "publicId": "MzY6ZTViZWZhNmFmNzQ0",
        "sourceId": "e5befa6af744",
        "layerId": 36,
        "type": "location",
        "status": "active",
        "urgency": null,
        "info": {
          "name:fa": "دکل صدا و سیما",
          "date": "",
          "description": "ایستگاه دکل فرستنده صدا و سیما زنجان.شاید کاربرد دیگه ای هم داشته باشه. از خیلی سال های پیش تابلوی \"منطقه نظامی - عکس برداری ممنوع\" داشت. در طول جنگ ۱۲ روزه هم ورودی مراکز تفریحی اطرافش توسط پلیس بسته بود.",
          "city": "زنجان",
          "province": "استان زنجان",
          "name:en": "IRIB Transmission Tower Zanjan",
          "description:en": "A broadcast transmission tower station for Islamic Republic of Iran Broadcasting (IRIB) in Zanjan. It may have had other purposes as well. It has had a 'Military Zone - Photography Prohibited' sign for many years. During the 12-day war, the entrances to recreational facilities around it were closed by police."
        },
        "verificationTag": "verified",
        "expirationDate": null,
        "createdAt": "2026-03-18T17:29:33.747Z",
        "updatedAt": "2026-03-26T02:08:37.868Z",
        "name:en": "IRIB Transmission Tower Zanjan",
        "description:en": "A broadcast transmission tower station for Islamic Republic of Iran Broadcasting (IRIB) in Zanjan. It may have had other purposes as well. It has had a 'Military Zone - Photography Prohibited' sign for many years. During the 12-day war, the entrances to recreational facilities around it were closed by police."
      }
    },
    {
      "type": "Feature",
      "id": 90535,
      "geometry": {
        "type": "Point",
        "coordinates": [
          51.405892669546546,
          35.720149109665925
        ]
      },
      "properties": {
        "name:fa": "ایست بازرسی",
        "date": "",
        "description": "ایست بازرسی",
        "city": "تهران",
        "province": "استان تهران",
        "id": "MzY6MGVmZDFiN2M2NDdk",
        "publicId": "MzY6MGVmZDFiN2M2NDdk",
        "sourceId": "0efd1b7c647d",
        "layerId": 36,
        "type": "location",
        "status": "active",
        "urgency": null,
        "info": {
          "name:fa": "ایست بازرسی",
          "date": "",
          "description": "ایست بازرسی",
          "city": "تهران",
          "province": "استان تهران",
          "name:en": "Inspection Station",
          "description:en": "Inspection Station"
        },
        "verificationTag": "verified",
        "expirationDate": null,
        "createdAt": "2026-03-18T17:30:36.513Z",
        "updatedAt": "2026-03-26T02:08:37.930Z",
        "name:en": "Inspection Station",
        "description:en": "Inspection Station"
      }
    },
    {
      "type": "Feature",
      "id": 90536,
      "geometry": {
        "type": "Point",
        "coordinates": [
          51.05766262531944,
          35.46573305238542
        ]
      },
      "properties": {
        "name:fa": "ایست بازرسی",
        "date": "",
        "description": "ایست بازرسی سپاه و بسیج",
        "city": "رباط کریم",
        "province": "استان تهران",
        "id": "MzY6MTA4MTAwODQ1NDM0",
        "publicId": "MzY6MTA4MTAwODQ1NDM0",
        "sourceId": "108100845434",
        "layerId": 36,
        "type": "location",
        "status": "active",
        "urgency": null,
        "info": {
          "name:fa": "ایست بازرسی",
          "date": "",
          "description": "ایست بازرسی سپاه و بسیج",
          "city": "رباط کریم",
          "province": "استان تهران",
          "name:en": "Inspection Station",
          "description:en": "Inspection Station of the Revolutionary Guards and Basij"
        },
        "verificationTag": "verified",
        "expirationDate": null,
        "createdAt": "2026-03-18T17:32:23.833Z",
        "updatedAt": "2026-03-26T02:08:37.988Z",
        "name:en": "Inspection Station",
        "description:en": "Inspection Station of the Revolutionary Guards and Basij"
      }
    },
    {
      "type": "Feature",
      "id": 90537,
      "geometry": {
        "type": "Point",
        "coordinates": [
          50.96764013187038,
          35.45900485000979
        ]
      },
      "properties": {
        "name:fa": "ایست بازرسی",
        "date": "",
        "description": "ایست بازرسی سپاه",
        "city": "شهرستان رباط کریم",
        "province": "استان تهران",
        "id": "MzY6MzA0NzFlZTEyMWZk",
        "publicId": "MzY6MzA0NzFlZTEyMWZk",
        "sourceId": "30471ee121fd",
        "layerId": 36,
        "type": "location",
        "status": "active",
        "urgency": null,
        "info": {
          "name:fa": "ایست بازرسی",
          "date": "",
          "description": "ایست بازرسی سپاه",
          "city": "شهرستان رباط کریم",
          "province": "استان تهران",
          "name:en": "Inspection Post",
          "description:en": "Inspection Post of the Sepah"
        },
        "verificationTag": "verified",
        "expirationDate": null,
        "createdAt": "2026-03-18T17:35:11.707Z",
        "updatedAt": "2026-03-26T02:08:38.068Z",
        "name:en": "Inspection Post",
        "description:en": "Inspection Post of the Sepah"
      }
    },
    {
      "type": "Feature",
      "id": 90538,
      "geometry": {
        "type": "Point",
        "coordinates": [
          51.429335460740305,
          35.73080447531302
        ]
      },
      "properties": {
        "name:fa": "ایست بازرسی",
        "date": "",
        "description": "ایست بازرسی",
        "city": "تهران",
        "province": "استان تهران",
        "id": "MzY6OTY2ZjVlYWVjNzky",
        "publicId": "MzY6OTY2ZjVlYWVjNzky",
        "sourceId": "966f5eaec792",
        "layerId": 36,
        "type": "location",
        "status": "active",
        "urgency": null,
        "info": {
          "name:fa": "ایست بازرسی",
          "date": "",
          "description": "ایست بازرسی",
          "city": "تهران",
          "province": "استان تهران",
          "name:en": "Inspection Checkpoint",
          "description:en": "Inspection checkpoint"
        },
        "verificationTag": "verified",
        "expirationDate": null,
        "createdAt": "2026-03-18T17:37:23.785Z",
        "updatedAt": "2026-03-26T02:08:38.128Z",
        "name:en": "Inspection Checkpoint",
        "description:en": "Inspection checkpoint"
      }
    },
    {
      "type": "Feature",
      "id": 90539,
      "geometry": {
        "type": "Point",
        "coordinates": [
          45.214722919035665,
          38.68629122066952
        ]
      },
      "properties": {
        "name:fa": "ایست بازرسی",
        "date": "",
        "description": "پادگان و ایست بازرسی سه راهی خوی",
        "city": "شهرستان خوی",
        "province": "استان آذربایجان غربی",
        "id": "MzY6YTk0MjBmZjAzN2U5",
        "publicId": "MzY6YTk0MjBmZjAzN2U5",
        "sourceId": "a9420ff037e9",
        "layerId": 36,
        "type": "location",
        "status": "active",
        "urgency": null,
        "info": {
          "name:fa": "ایست بازرسی",
          "date": "",
          "description": "پادگان و ایست بازرسی سه راهی خوی",
          "city": "شهرستان خوی",
          "province": "استان آذربایجان غربی",
          "name:en": "Inspection Post",
          "description:en": "Military garrison and inspection post at Khoy Three-way Junction"
        },
        "verificationTag": "verified",
        "expirationDate": null,
        "createdAt": "2026-03-18T17:37:58.714Z",
        "updatedAt": "2026-03-26T02:08:38.386Z",
        "name:en": "Inspection Post",
        "description:en": "Military garrison and inspection post at Khoy Three-way Junction"
      }
    },
    {
      "type": "Feature",
      "id": 90540,
      "geometry": {
        "type": "Point",
        "coordinates": [
          51.51442620152679,
          35.73774932956668
        ]
      },
      "properties": {
        "name:fa": "ایست بازرسی",
        "date": "",
        "description": "ایست بازرسی",
        "city": "تهران",
        "province": "استان تهران",
        "id": "MzY6MTY5NmQwYjRiZjA4",
        "publicId": "MzY6MTY5NmQwYjRiZjA4",
        "sourceId": "1696d0b4bf08",
        "layerId": 36,
        "type": "location",
        "status": "active",
        "urgency": null,
        "info": {
          "name:fa": "ایست بازرسی",
          "date": "",
          "description": "ایست بازرسی",
          "city": "تهران",
          "province": "استان تهران",
          "name:en": "Checkpoint",
          "description:en": "Checkpoint"
        },
        "verificationTag": "verified",
        "expirationDate": null,
        "createdAt": "2026-03-18T17:38:57.856Z",
        "updatedAt": "2026-03-26T02:08:38.450Z",
        "name:en": "Checkpoint",
        "description:en": "Checkpoint"
      }
    },
    {
      "type": "Feature",
      "id": 90541,
      "geometry": {
        "type": "Point",
        "coordinates": [
          51.43967108051464,
          35.716576621128254
        ]
      },
      "properties": {
        "name:fa": "مرکز اطلاعات",
        "date": "",
        "description": "این ساختمون مال سپاهه، بدون هیچ تابلویی، ماشینهای با پلاک سپاه و شیشه‌های دودی همیشه بهش وارد و خارج میشدن، به علاوه تعداد زیادی آخوند. و لباس شخصی، همیشه هم سربازهای وظیفه به عنوان دربان اونجا بودن، دو تا در داره، یکی توی کوچه و یکی دقیقا چسبیده به ایستگاه متروی بهار شیراز",
        "city": "تهران",
        "province": "استان تهران",
        "id": "MzY6NWMzMTE5OTUxN2Fm",
        "publicId": "MzY6NWMzMTE5OTUxN2Fm",
        "sourceId": "5c31199517af",
        "layerId": 36,
        "type": "location",
        "status": "active",
        "urgency": null,
        "info": {
          "name:fa": "مرکز اطلاعات",
          "date": "",
          "description": "این ساختمون مال سپاهه، بدون هیچ تابلویی، ماشینهای با پلاک سپاه و شیشه‌های دودی همیشه بهش وارد و خارج میشدن، به علاوه تعداد زیادی آخوند. و لباس شخصی، همیشه هم سربازهای وظیفه به عنوان دربان اونجا بودن، دو تا در داره، یکی توی کوچه و یکی دقیقا چسبیده به ایستگاه متروی بهار شیراز",
          "city": "تهران",
          "province": "استان تهران",
          "name:en": "Information Center",
          "description:en": "This building belongs to the Sepah (Islamic Revolutionary Guard Corps), with no signage. Vehicles with Sepah license plates and tinted windows constantly enter and exit. Additionally, there are many clergy members and plainclothes personnel. There are always conscripted soldiers serving as guards at the entrance. The building has two doors, one facing the alley and one directly adjacent to the Bahar Shiraz metro station."
        },
        "verificationTag": "verified",
        "expirationDate": null,
        "createdAt": "2026-03-18T17:39:36.390Z",
        "updatedAt": "2026-03-26T02:08:38.512Z",
        "name:en": "Information Center",
        "description:en": "This building belongs to the Sepah (Islamic Revolutionary Guard Corps), with no signage. Vehicles with Sepah license plates and tinted windows constantly enter and exit. Additionally, there are many clergy members and plainclothes personnel. There are always conscripted soldiers serving as guards at the entrance. The building has two doors, one facing the alley and one directly adjacent to the Bahar Shiraz metro station."
      }
    },
    {
      "type": "Feature",
      "id": 90542,
      "geometry": {
        "type": "Point",
        "coordinates": [
          51.00114559300715,
          35.47083829190109
        ]
      },
      "properties": {
        "name:fa": "ایست بازرسی",
        "date": "",
        "description": "ایست بازرسی سپاه",
        "city": "شهرجدیدپرند",
        "province": "استان تهران",
        "id": "MzY6YjM2NmI4Y2UwMmJm",
        "publicId": "MzY6YjM2NmI4Y2UwMmJm",
        "sourceId": "b366b8ce02bf",
        "layerId": 36,
        "type": "location",
        "status": "active",
        "urgency": null,
        "info": {
          "name:fa": "ایست بازرسی",
          "date": "",
          "description": "ایست بازرسی سپاه",
          "city": "شهرجدیدپرند",
          "province": "استان تهران",
          "name:en": "Inspection Post",
          "description:en": "Inspection Post of the Islamic Revolutionary Guard Corps"
        },
        "verificationTag": "verified",
        "expirationDate": null,
        "createdAt": "2026-03-18T17:40:43.887Z",
        "updatedAt": "2026-03-26T02:08:38.569Z",
        "name:en": "Inspection Post",
        "description:en": "Inspection Post of the Islamic Revolutionary Guard Corps"
      }
    },
    {
      "type": "Feature",
      "id": 90544,
      "geometry": {
        "type": "Point",
        "coordinates": [
          51.28981711133363,
          35.758116155736445
        ]
      },
      "properties": {
        "name:fa": "ایست بازرسی",
        "date": "",
        "description": "محل ایست بازرسی نیروهای تروریستی سپاهی",
        "city": "تهران",
        "province": "استان تهران",
        "id": "MzY6YzNkYmUxMmJjOTBh",
        "publicId": "MzY6YzNkYmUxMmJjOTBh",
        "sourceId": "c3dbe12bc90a",
        "layerId": 36,
        "type": "location",
        "status": "active",
        "urgency": null,
        "info": {
          "name:fa": "ایست بازرسی",
          "date": "",
          "description": "محل ایست بازرسی نیروهای تروریستی سپاهی",
          "city": "تهران",
          "province": "استان تهران",
          "name:en": "Checkpoint",
          "description:en": "Checkpoint location for IRGC terrorist forces"
        },
        "verificationTag": "verified",
        "expirationDate": null,
        "createdAt": "2026-03-18T17:42:42.465Z",
        "updatedAt": "2026-03-26T02:08:38.696Z",
        "name:en": "Checkpoint",
        "description:en": "Checkpoint location for IRGC terrorist forces"
      }
    },
    {
      "type": "Feature",
      "id": 90587,
      "geometry": {
        "type": "Point",
        "coordinates": [
          51.33874390669919,
          35.76325469596081
        ]
      },
      "properties": {
        "name:fa": "مرکز اجتماع",
        "date": "",
        "description": "مرکز اجتماع نظامیان وابسته به سپاه",
        "city": "تهران",
        "province": "استان تهران",
        "id": "MzY6ZDZiYzMzMmZjNTBk",
        "publicId": "MzY6ZDZiYzMzMmZjNTBk",
        "sourceId": "d6bc332fc50d",
        "layerId": 36,
        "type": "location",
        "status": "active",
        "urgency": null,
        "info": {
          "name:fa": "مرکز اجتماع",
          "date": "",
          "description": "مرکز اجتماع نظامیان وابسته به سپاه",
          "city": "تهران",
          "province": "استان تهران",
          "name:en": "Sepah Social Center",
          "description:en": "A social center for military personnel affiliated with the Islamic Revolutionary Guard Corps (IRGC)"
        },
        "verificationTag": "not-verified",
        "expirationDate": null,
        "createdAt": "2026-03-19T06:42:16.409Z",
        "updatedAt": "2026-03-26T02:08:39.557Z",
        "name:en": "Sepah Social Center",
        "description:en": "A social center for military personnel affiliated with the Islamic Revolutionary Guard Corps (IRGC)"
      }
    },
    {
      "type": "Feature",
      "id": 90593,
      "geometry": {
        "type": "Point",
        "coordinates": [
          51.36487074710274,
          35.76870442401807
        ]
      },
      "properties": {
        "name:fa": "نیروهای سرکوب",
        "date": "",
        "description": "محل استقرار خودرو های سرکوب",
        "city": "تهران",
        "province": "استان تهران",
        "id": "MzY6NzkwZTFhOTNjZmRm",
        "publicId": "MzY6NzkwZTFhOTNjZmRm",
        "sourceId": "790e1a93cfdf",
        "layerId": 36,
        "type": "location",
        "status": "active",
        "urgency": null,
        "info": {
          "name:fa": "نیروهای سرکوب",
          "date": "",
          "description": "محل استقرار خودرو های سرکوب",
          "city": "تهران",
          "province": "استان تهران",
          "name:en": "Suppression Forces",
          "description:en": "Location of suppression vehicles stationed"
        },
        "verificationTag": "not-verified",
        "expirationDate": null,
        "createdAt": "2026-03-19T06:54:37.379Z",
        "updatedAt": "2026-03-26T02:08:40.137Z",
        "name:en": "Suppression Forces",
        "description:en": "Location of suppression vehicles stationed"
      }
    },
    {
      "type": "Feature",
      "id": 90594,
      "geometry": {
        "type": "Point",
        "coordinates": [
          51.33487346000862,
          35.76024274601869
        ]
      },
      "properties": {
        "name:fa": "نیروی سرکوب",
        "date": "",
        "description": "حضور خودروهای سرکوب بسیج مستقر در ورودی پاساژ بوستان",
        "city": "تهران",
        "province": "استان تهران",
        "id": "MzY6MTk5OGQzNDM3ZGZm",
        "publicId": "MzY6MTk5OGQzNDM3ZGZm",
        "sourceId": "1998d3437dff",
        "layerId": 36,
        "type": "location",
        "status": "active",
        "urgency": null,
        "info": {
          "name:fa": "نیروی سرکوب",
          "date": "",
          "description": "حضور خودروهای سرکوب بسیج مستقر در ورودی پاساژ بوستان",
          "city": "تهران",
          "province": "استان تهران",
          "name:en": "Suppression Force",
          "description:en": "Presence of Basij suppression vehicles stationed at the entrance of Bostan Passage"
        },
        "verificationTag": "not-verified",
        "expirationDate": null,
        "createdAt": "2026-03-19T07:02:43.997Z",
        "updatedAt": "2026-03-26T02:08:40.201Z",
        "name:en": "Suppression Force",
        "description:en": "Presence of Basij suppression vehicles stationed at the entrance of Bostan Passage"
      }
    },
    {
      "type": "Feature",
      "id": 90616,
      "geometry": {
        "type": "Point",
        "coordinates": [
          46.45903583014001,
          35.20841457548484
        ]
      },
      "properties": {
        "name:fa": "پایگاه سپاه پاسداران",
        "date": 1772137800,
        "description": "",
        "city": "شهرستان سروآباد",
        "province": "استان کردستان",
        "id": "MzY6ZTc5YmZlYWFiNjll",
        "publicId": "MzY6ZTc5YmZlYWFiNjll",
        "sourceId": "e79bfeaab69e",
        "layerId": 36,
        "type": "location",
        "status": "active",
        "urgency": null,
        "info": {
          "name:fa": "پایگاه سپاه پاسداران",
          "date": 1772137800,
          "description": "",
          "city": "شهرستان سروآباد",
          "province": "استان کردستان",
          "name:en": "Islamic Revolutionary Guard Corps Base",
          "description:en": ""
        },
        "verificationTag": "verified",
        "expirationDate": null,
        "createdAt": "2026-03-19T14:08:57.397Z",
        "updatedAt": "2026-03-26T02:08:41.975Z",
        "name:en": "Islamic Revolutionary Guard Corps Base",
        "description:en": ""
      }
    },
    {
      "type": "Feature",
      "id": 90617,
      "geometry": {
        "type": "Point",
        "coordinates": [
          46.53018753612082,
          34.840256990253025
        ]
      },
      "properties": {
        "name:fa": "منطقه ی نظامی سپاه.",
        "date": 1772483400,
        "description": "",
        "city": "شهرستان جوانرود",
        "province": "استان کرمانشاه",
        "id": "MzY6NzdhNWFjY2ZkMTZk",
        "publicId": "MzY6NzdhNWFjY2ZkMTZk",
        "sourceId": "77a5accfd16d",
        "layerId": 36,
        "type": "location",
        "status": "active",
        "urgency": null,
        "info": {
          "name:fa": "منطقه ی نظامی سپاه.",
          "date": 1772483400,
          "description": "",
          "city": "شهرستان جوانرود",
          "province": "استان کرمانشاه",
          "name:en": "Sepah Military Zone",
          "description:en": ""
        },
        "verificationTag": "verified",
        "expirationDate": null,
        "createdAt": "2026-03-19T14:10:42.170Z",
        "updatedAt": "2026-03-26T02:08:42.044Z",
        "name:en": "Sepah Military Zone",
        "description:en": ""
      }
    },
    {
      "type": "Feature",
      "id": 90618,
      "geometry": {
        "type": "Point",
        "coordinates": [
          46.08438814029981,
          35.66530061306764
        ]
      },
      "properties": {
        "name:fa": "پایگاه سپاه",
        "date": 1772137800,
        "description": "",
        "city": "ساوجي",
        "province": "استان کردستان",
        "id": "MzY6M2VlNDQwNjkzOGFm",
        "publicId": "MzY6M2VlNDQwNjkzOGFm",
        "sourceId": "3ee4406938af",
        "layerId": 36,
        "type": "location",
        "status": "active",
        "urgency": null,
        "info": {
          "name:fa": "پایگاه سپاه",
          "date": 1772137800,
          "description": "",
          "city": "ساوجي",
          "province": "استان کردستان",
          "name:en": "Sepah Base",
          "description:en": ""
        },
        "verificationTag": "verified",
        "expirationDate": null,
        "createdAt": "2026-03-19T14:12:15.907Z",
        "updatedAt": "2026-03-26T02:08:42.098Z",
        "name:en": "Sepah Base",
        "description:en": ""
      }
    },
    {
      "type": "Feature",
      "id": 90621,
      "geometry": {
        "type": "Point",
        "coordinates": [
          50.96686277103018,
          35.87294620322727
        ]
      },
      "properties": {
        "name:fa": "ایست بازرسی",
        "date": "",
        "description": "رو به روی درمانگاه و داروخانه ستوده . ایست بازرسی با لباس شخصی و وانت غیر نظامی ولی مسلح بودن و صورت پوشوندرو به روی درمانگاه و داروخانه ستوده . ایست بازرسی با لباس شخصی و وانت غیر نظامی ولی مسلح بودن و صورت پوشونده بودن.۲۸ اسفنده بودن.۲۸ اسفنا",
        "city": "کرج",
        "province": "استان البرز",
        "id": "MzY6MGY0NDc1ODU2NmVi",
        "publicId": "MzY6MGY0NDc1ODU2NmVi",
        "sourceId": "0f44758566eb",
        "layerId": 36,
        "type": "location",
        "status": "active",
        "urgency": null,
        "info": {
          "name:fa": "ایست بازرسی",
          "date": "",
          "description": "رو به روی درمانگاه و داروخانه ستوده . ایست بازرسی با لباس شخصی و وانت غیر نظامی ولی مسلح بودن و صورت پوشوندرو به روی درمانگاه و داروخانه ستوده . ایست بازرسی با لباس شخصی و وانت غیر نظامی ولی مسلح بودن و صورت پوشونده بودن.۲۸ اسفنده بودن.۲۸ اسفنا",
          "city": "کرج",
          "province": "استان البرز",
          "name:en": "Inspection Checkpoint",
          "description:en": "Opposite to Sotodeh clinic and pharmacy. Inspection checkpoint with personnel in civilian clothes and unmarked but armed vehicle with covered faces opposite to Sotodeh clinic and pharmacy. Inspection checkpoint with personnel in civilian clothes and unmarked but armed vehicle with covered faces. On 28th of Esfand."
        },
        "verificationTag": "verified",
        "expirationDate": null,
        "createdAt": "2026-03-19T14:35:33.362Z",
        "updatedAt": "2026-03-26T02:08:42.482Z",
        "name:en": "Inspection Checkpoint",
        "description:en": "Opposite to Sotodeh clinic and pharmacy. Inspection checkpoint with personnel in civilian clothes and unmarked but armed vehicle with covered faces opposite to Sotodeh clinic and pharmacy. Inspection checkpoint with personnel in civilian clothes and unmarked but armed vehicle with covered faces. On 28th of Esfand."
      }
    },
    {
      "type": "Feature",
      "id": 90622,
      "geometry": {
        "type": "Point",
        "coordinates": [
          51.49012941524143,
          35.71337345965162
        ]
      },
      "properties": {
        "name:fa": "ایست بازرسی",
        "date": "",
        "description": "هر روز دور تا دور میدون ایست بازرسی هست و نیرو ها وسط میدون در فضای سبز هستن",
        "city": "تهران",
        "province": "استان تهران",
        "id": "MzY6MWQ0OTRiZjlmYjQ2",
        "publicId": "MzY6MWQ0OTRiZjlmYjQ2",
        "sourceId": "1d494bf9fb46",
        "layerId": 36,
        "type": "location",
        "status": "active",
        "urgency": null,
        "info": {
          "name:fa": "ایست بازرسی",
          "date": "",
          "description": "هر روز دور تا دور میدون ایست بازرسی هست و نیرو ها وسط میدون در فضای سبز هستن",
          "city": "تهران",
          "province": "استان تهران",
          "name:en": "Checkpoint",
          "description:en": "There is a checkpoint around the field every day and the forces are stationed in the middle of the field in a green space"
        },
        "verificationTag": "verified",
        "expirationDate": null,
        "createdAt": "2026-03-19T14:36:39.565Z",
        "updatedAt": "2026-03-26T02:08:42.542Z",
        "name:en": "Checkpoint",
        "description:en": "There is a checkpoint around the field every day and the forces are stationed in the middle of the field in a green space"
      }
    },
    {
      "type": "Feature",
      "id": 90623,
      "geometry": {
        "type": "Point",
        "coordinates": [
          51.50152099996316,
          35.65953999332163
        ]
      },
      "properties": {
        "name:fa": "ایست بازرسی",
        "date": "",
        "description": "هر دو سمت خیابون ایست بازرسی هر روز هستن بغل مدرسه که نیرو ها داخل مدرسه مستقر هستن",
        "city": "تهران",
        "province": "استان تهران",
        "id": "MzY6NzExNjgwMzA4MzAw",
        "publicId": "MzY6NzExNjgwMzA4MzAw",
        "sourceId": "711680308300",
        "layerId": 36,
        "type": "location",
        "status": "active",
        "urgency": null,
        "info": {
          "name:fa": "ایست بازرسی",
          "date": "",
          "description": "هر دو سمت خیابون ایست بازرسی هر روز هستن بغل مدرسه که نیرو ها داخل مدرسه مستقر هستن",
          "city": "تهران",
          "province": "استان تهران",
          "name:en": "Inspection Post",
          "description:en": "There is an inspection post on both sides of the street every day next to the school where forces are stationed inside the school"
        },
        "verificationTag": "verified",
        "expirationDate": null,
        "createdAt": "2026-03-19T14:37:19.385Z",
        "updatedAt": "2026-03-26T02:08:42.601Z",
        "name:en": "Inspection Post",
        "description:en": "There is an inspection post on both sides of the street every day next to the school where forces are stationed inside the school"
      }
    },
    {
      "type": "Feature",
      "id": 90625,
      "geometry": {
        "type": "Point",
        "coordinates": [
          46.45902998516152,
          35.20839487181763
        ]
      },
      "properties": {
        "name:fa": "پایگاه سپاه پاسداران",
        "date": 1772137800,
        "description": "",
        "city": "شهرستان سروآباد",
        "province": "استان کردستان",
        "id": "MzY6OTdjOTBhNGYwZGQ0",
        "publicId": "MzY6OTdjOTBhNGYwZGQ0",
        "sourceId": "97c90a4f0dd4",
        "layerId": 36,
        "type": "location",
        "status": "active",
        "urgency": null,
        "info": {
          "name:fa": "پایگاه سپاه پاسداران",
          "date": 1772137800,
          "description": "",
          "city": "شهرستان سروآباد",
          "province": "استان کردستان",
          "name:en": "Sepah Pasdaran Base",
          "description:en": ""
        },
        "verificationTag": "verified",
        "expirationDate": null,
        "createdAt": "2026-03-19T14:38:02.569Z",
        "updatedAt": "2026-03-26T02:08:42.652Z",
        "name:en": "Sepah Pasdaran Base",
        "description:en": ""
      }
    },
    {
      "type": "Feature",
      "id": 90626,
      "geometry": {
        "type": "Point",
        "coordinates": [
          51.502175123209696,
          35.718359931355934
        ]
      },
      "properties": {
        "name:fa": "ایست بازرسی",
        "date": "",
        "description": "ایست بازرسی",
        "city": "تهران",
        "province": "استان تهران",
        "id": "MzY6ZGM1MzI5ODQxMjRl",
        "publicId": "MzY6ZGM1MzI5ODQxMjRl",
        "sourceId": "dc532984124e",
        "layerId": 36,
        "type": "location",
        "status": "active",
        "urgency": null,
        "info": {
          "name:fa": "ایست بازرسی",
          "date": "",
          "description": "ایست بازرسی",
          "city": "تهران",
          "province": "استان تهران",
          "name:en": "Inspection Checkpoint",
          "description:en": "Inspection Checkpoint"
        },
        "verificationTag": "verified",
        "expirationDate": null,
        "createdAt": "2026-03-19T14:38:16.585Z",
        "updatedAt": "2026-03-26T02:08:42.715Z",
        "name:en": "Inspection Checkpoint",
        "description:en": "Inspection Checkpoint"
      }
    },
    {
      "type": "Feature",
      "id": 90627,
      "geometry": {
        "type": "Point",
        "coordinates": [
          46.442504655187065,
          35.02773089433242
        ]
      },
      "properties": {
        "name:fa": " 30 m گزارش #1739 🌐 وبسایت در انتظار پایگاه های تازه تاسیس سپاه در چند سال اخیر",
        "date": 1772483400,
        "description": "",
        "city": "شهرستان پاوه",
        "province": "استان کرمانشاه",
        "id": "MzY6NGNhZTIzMzMxZGJi",
        "publicId": "MzY6NGNhZTIzMzMxZGJi",
        "sourceId": "4cae23331dbb",
        "layerId": 36,
        "type": "location",
        "status": "active",
        "urgency": null,
        "info": {
          "name:fa": " 30 m گزارش #1739 🌐 وبسایت در انتظار پایگاه های تازه تاسیس سپاه در چند سال اخیر",
          "date": 1772483400,
          "description": "",
          "city": "شهرستان پاوه",
          "province": "استان کرمانشاه",
          "name:en": "30m Report #1739 🌐 Website Awaiting New Established IRGC Bases in Recent Years",
          "description:en": ""
        },
        "verificationTag": "verified",
        "expirationDate": null,
        "createdAt": "2026-03-19T14:39:26.002Z",
        "updatedAt": "2026-03-26T02:08:42.775Z",
        "name:en": "30m Report #1739 🌐 Website Awaiting New Established IRGC Bases in Recent Years",
        "description:en": ""
      }
    },
    {
      "type": "Feature",
      "id": 90628,
      "geometry": {
        "type": "Point",
        "coordinates": [
          46.4472027751637,
          35.04264118993916
        ]
      },
      "properties": {
        "name:fa": "پایگاه جدیدا احداث شده سپاه در کوهستان شاهو",
        "date": 1772483400,
        "description": "",
        "city": "شهرستان پاوه",
        "province": "استان کرمانشاه",
        "id": "MzY6YjllMWExY2Q4YmE2",
        "publicId": "MzY6YjllMWExY2Q4YmE2",
        "sourceId": "b9e1a1cd8ba6",
        "layerId": 36,
        "type": "location",
        "status": "active",
        "urgency": null,
        "info": {
          "name:fa": "پایگاه جدیدا احداث شده سپاه در کوهستان شاهو",
          "date": 1772483400,
          "description": "",
          "city": "شهرستان پاوه",
          "province": "استان کرمانشاه",
          "name:en": "Newly Constructed Sepah Base in Shahoo Mountain Range",
          "description:en": ""
        },
        "verificationTag": "verified",
        "expirationDate": null,
        "createdAt": "2026-03-19T14:40:24.045Z",
        "updatedAt": "2026-03-26T02:08:42.836Z",
        "name:en": "Newly Constructed Sepah Base in Shahoo Mountain Range",
        "description:en": ""
      }
    },
    {
      "type": "Feature",
      "id": 90629,
      "geometry": {
        "type": "Point",
        "coordinates": [
          46.355602104700466,
          35.04324277219156
        ]
      },
      "properties": {
        "name:fa": "اداره اطلاعات",
        "date": 1772656200,
        "description": "",
        "city": "پاوه",
        "province": "استان کرمانشاه",
        "id": "MzY6ZTMzNTU3NmM1NjNl",
        "publicId": "MzY6ZTMzNTU3NmM1NjNl",
        "sourceId": "e335576c563e",
        "layerId": 36,
        "type": "location",
        "status": "active",
        "urgency": null,
        "info": {
          "name:fa": "اداره اطلاعات",
          "date": 1772656200,
          "description": "",
          "city": "پاوه",
          "province": "استان کرمانشاه",
          "name:en": "Information Office",
          "description:en": ""
        },
        "verificationTag": "verified",
        "expirationDate": null,
        "createdAt": "2026-03-19T14:43:34.913Z",
        "updatedAt": "2026-03-26T02:08:42.891Z",
        "name:en": "Information Office",
        "description:en": ""
      }
    },
    {
      "type": "Feature",
      "id": 90631,
      "geometry": {
        "type": "Point",
        "coordinates": [
          47.982369798159255,
          35.235598200053175
        ]
      },
      "properties": {
        "name:fa": "پایگاه سپاه قدس",
        "date": 1772829000,
        "description": "",
        "city": "دلبران",
        "province": "استان کردستان",
        "id": "MzY6MTgzMGE1MjZkZWQy",
        "publicId": "MzY6MTgzMGE1MjZkZWQy",
        "sourceId": "1830a526ded2",
        "layerId": 36,
        "type": "location",
        "status": "active",
        "urgency": null,
        "info": {
          "name:fa": "پایگاه سپاه قدس",
          "date": 1772829000,
          "description": "",
          "city": "دلبران",
          "province": "استان کردستان",
          "name:en": "Quds Force Base",
          "description:en": ""
        },
        "verificationTag": "verified",
        "expirationDate": null,
        "createdAt": "2026-03-19T18:24:12.104Z",
        "updatedAt": "2026-03-26T02:08:43.011Z",
        "name:en": "Quds Force Base",
        "description:en": ""
      }
    },
    {
      "type": "Feature",
      "id": 90675,
      "geometry": {
        "type": "Point",
        "coordinates": [
          47.11652425385884,
          36.39535106841771
        ]
      },
      "properties": {
        "name:fa": "اداره اطلاعات شهرستان تکاب",
        "date": 1773347400,
        "description": "",
        "city": "تكاب",
        "province": "استان آذربایجان غربی",
        "id": "MzY6ZDljN2FjYTNkYmMz",
        "publicId": "MzY6ZDljN2FjYTNkYmMz",
        "sourceId": "d9c7aca3dbc3",
        "layerId": 36,
        "type": "location",
        "status": "active",
        "urgency": null,
        "info": {
          "name:fa": "اداره اطلاعات شهرستان تکاب",
          "date": 1773347400,
          "description": "",
          "city": "تكاب",
          "province": "استان آذربایجان غربی",
          "name:en": "Information Office of Takab County",
          "description:en": ""
        },
        "verificationTag": "verified",
        "expirationDate": null,
        "createdAt": "2026-03-19T19:26:44.635Z",
        "updatedAt": "2026-03-26T02:08:44.150Z",
        "name:en": "Information Office of Takab County",
        "description:en": ""
      }
    },
    {
      "type": "Feature",
      "id": 90677,
      "geometry": {
        "type": "Point",
        "coordinates": [
          46.82632002656143,
          37.85008388127909
        ]
      },
      "properties": {
        "name:fa": "پایگاه سپاه",
        "date": 1771792200,
        "description": "",
        "city": "شهرستان بستان آباد",
        "province": "استان آذربایجان شرقی",
        "id": "MzY6ODFjZmY1OThjNzJm",
        "publicId": "MzY6ODFjZmY1OThjNzJm",
        "sourceId": "81cff598c72f",
        "layerId": 36,
        "type": "location",
        "status": "active",
        "urgency": null,
        "info": {
          "name:fa": "پایگاه سپاه",
          "date": 1771792200,
          "description": "",
          "city": "شهرستان بستان آباد",
          "province": "استان آذربایجان شرقی",
          "name:en": "Sepah Base",
          "description:en": ""
        },
        "verificationTag": "not-verified",
        "expirationDate": null,
        "createdAt": "2026-03-19T19:33:17.984Z",
        "updatedAt": "2026-03-26T02:08:44.284Z",
        "name:en": "Sepah Base",
        "description:en": ""
      }
    },
    {
      "type": "Feature",
      "id": 90678,
      "geometry": {
        "type": "Point",
        "coordinates": [
          46.57284729805582,
          37.98703605351068
        ]
      },
      "properties": {
        "name:fa": "مرکز نظامی و موشکی",
        "date": 1773001800,
        "description": "",
        "city": "شهرستان بستان آباد",
        "province": "استان آذربایجان شرقی",
        "id": "MzY6OWE1MjI3ZDRmMTYw",
        "publicId": "MzY6OWE1MjI3ZDRmMTYw",
        "sourceId": "9a5227d4f160",
        "layerId": 36,
        "type": "location",
        "status": "active",
        "urgency": null,
        "info": {
          "name:fa": "مرکز نظامی و موشکی",
          "date": 1773001800,
          "description": "",
          "city": "شهرستان بستان آباد",
          "province": "استان آذربایجان شرقی",
          "name:en": "Military and Missile Center",
          "description:en": ""
        },
        "verificationTag": "not-verified",
        "expirationDate": null,
        "createdAt": "2026-03-19T19:35:40.199Z",
        "updatedAt": "2026-03-26T02:08:44.354Z",
        "name:en": "Military and Missile Center",
        "description:en": ""
      }
    },
    {
      "type": "Feature",
      "id": 90679,
      "geometry": {
        "type": "Point",
        "coordinates": [
          46.57103869900507,
          38.00409086346818
        ]
      },
      "properties": {
        "name:fa": " لانچر ",
        "date": 1771533000,
        "description": "محل قرار گیری لانچر ها",
        "city": "شهرستان بستان آباد",
        "province": "استان آذربایجان شرقی",
        "id": "MzY6MDk3MWRlMDZhOWNh",
        "publicId": "MzY6MDk3MWRlMDZhOWNh",
        "sourceId": "0971de06a9ca",
        "layerId": 36,
        "type": "location",
        "status": "active",
        "urgency": null,
        "info": {
          "name:fa": " لانچر ",
          "date": 1771533000,
          "description": "محل قرار گیری لانچر ها",
          "city": "شهرستان بستان آباد",
          "province": "استان آذربایجان شرقی",
          "name:en": "Launcher",
          "description:en": "Location where launchers are positioned"
        },
        "verificationTag": "not-verified",
        "expirationDate": null,
        "createdAt": "2026-03-19T19:37:46.479Z",
        "updatedAt": "2026-03-26T02:08:44.443Z",
        "name:en": "Launcher",
        "description:en": "Location where launchers are positioned"
      }
    },
    {
      "type": "Feature",
      "id": 90690,
      "geometry": {
        "type": "Point",
        "coordinates": [
          52.00064019338359,
          35.696057958109776
        ]
      },
      "properties": {
        "name:fa": "ایست بازرسی",
        "date": "",
        "description": "ایست بازرسی",
        "city": "شهرستان دماوند",
        "province": "استان تهران",
        "id": "MzY6YTdmNDFlMzk4NmUw",
        "publicId": "MzY6YTdmNDFlMzk4NmUw",
        "sourceId": "a7f41e3986e0",
        "layerId": 36,
        "type": "location",
        "status": "active",
        "urgency": null,
        "info": {
          "name:fa": "ایست بازرسی",
          "date": "",
          "description": "ایست بازرسی",
          "city": "شهرستان دماوند",
          "province": "استان تهران",
          "name:en": "Checkpoint",
          "description:en": "Checkpoint"
        },
        "verificationTag": "verified",
        "expirationDate": null,
        "createdAt": "2026-03-19T23:28:37.757Z",
        "updatedAt": "2026-03-26T02:08:45.359Z",
        "name:en": "Checkpoint",
        "description:en": "Checkpoint"
      }
    },
    {
      "type": "Feature",
      "id": 90751,
      "geometry": {
        "type": "Point",
        "coordinates": [
          51.50161269496667,
          35.74778700032972
        ]
      },
      "properties": {
        "name:fa": "ایست بازرسی",
        "date": 1773779400,
        "description": "ایست و بازرسی دلاوران",
        "city": "تهران",
        "province": "استان تهران",
        "id": "MzY6NjVmY2Y5MjE5YTRl",
        "publicId": "MzY6NjVmY2Y5MjE5YTRl",
        "sourceId": "65fcf9219a4e",
        "layerId": 36,
        "type": "location",
        "status": "active",
        "urgency": null,
        "info": {
          "name:fa": "ایست بازرسی",
          "date": 1773779400,
          "description": "ایست و بازرسی دلاوران",
          "city": "تهران",
          "province": "استان تهران",
          "name:en": "Delawar Checkpoint",
          "description:en": "Delawar Inspection and Checkpoint Station"
        },
        "verificationTag": "verified",
        "expirationDate": null,
        "createdAt": "2026-03-20T01:38:50.563Z",
        "updatedAt": "2026-03-26T02:08:47.022Z",
        "name:en": "Delawar Checkpoint",
        "description:en": "Delawar Inspection and Checkpoint Station"
      }
    },
    {
      "type": "Feature",
      "id": 90779,
      "geometry": {
        "type": "Point",
        "coordinates": [
          49.20467153759046,
          36.13655459507906
        ]
      },
      "properties": {
        "name:fa": "سپاه",
        "date": "",
        "description": "سر در نگهبانی سپاه",
        "city": "ابهر",
        "province": "استان زنجان",
        "id": "MzY6MDdhNzNhZjdhOTkz",
        "publicId": "MzY6MDdhNzNhZjdhOTkz",
        "sourceId": "07a73af7a993",
        "layerId": 36,
        "type": "location",
        "status": "active",
        "urgency": null,
        "info": {
          "name:fa": "سپاه",
          "date": "",
          "description": "سر در نگهبانی سپاه",
          "city": "ابهر",
          "province": "استان زنجان",
          "name:en": "Sepah",
          "description:en": "Head in the guardianship of Sepah"
        },
        "verificationTag": "not-verified",
        "expirationDate": null,
        "createdAt": "2026-03-20T06:58:59.903Z",
        "updatedAt": "2026-03-26T02:08:48.645Z",
        "name:en": "Sepah",
        "description:en": "Head in the guardianship of Sepah"
      }
    },
    {
      "type": "Feature",
      "id": 90780,
      "geometry": {
        "type": "Point",
        "coordinates": [
          49.187872329327746,
          36.20692086260806
        ]
      },
      "properties": {
        "name:fa": "بسیج اطلاعات",
        "date": 1772483400,
        "description": "",
        "city": "خرمدره",
        "province": "استان زنجان",
        "id": "MzY6NjVhMDM0OGMyZjhm",
        "publicId": "MzY6NjVhMDM0OGMyZjhm",
        "sourceId": "65a0348c2f8f",
        "layerId": 36,
        "type": "location",
        "status": "active",
        "urgency": null,
        "info": {
          "name:fa": "بسیج اطلاعات",
          "date": 1772483400,
          "description": "",
          "city": "خرمدره",
          "province": "استان زنجان",
          "name:en": "Basij Information",
          "description:en": ""
        },
        "verificationTag": "not-verified",
        "expirationDate": null,
        "createdAt": "2026-03-20T07:01:30.209Z",
        "updatedAt": "2026-03-26T02:08:48.704Z",
        "name:en": "Basij Information",
        "description:en": ""
      }
    },
    {
      "type": "Feature",
      "id": 90826,
      "geometry": {
        "type": "Point",
        "coordinates": [
          47.00593059024317,
          35.29038238619596
        ]
      },
      "properties": {
        "name:fa": "ساختمان نیروی انتظامی",
        "date": 1772397000,
        "description": "ساختمان نیروی انتظامی سه راه شالمان در سنندج رو زدن",
        "city": "سنندج",
        "province": "استان کردستان",
        "id": "MzY6ZDRmZGQ1NTA3MzE4",
        "publicId": "MzY6ZDRmZGQ1NTA3MzE4",
        "sourceId": "d4fdd5507318",
        "layerId": 36,
        "type": "location",
        "status": "active",
        "urgency": null,
        "info": {
          "name:fa": "ساختمان نیروی انتظامی",
          "date": 1772397000,
          "description": "ساختمان نیروی انتظامی سه راه شالمان در سنندج رو زدن",
          "city": "سنندج",
          "province": "استان کردستان",
          "name:en": "Niroye Entezami Building",
          "description:en": "Niroye Entezami Building at Shalmani Intersection in Sanandaj"
        },
        "verificationTag": "not-verified",
        "expirationDate": null,
        "createdAt": "2026-03-20T09:08:57.614Z",
        "updatedAt": "2026-03-26T02:08:52.275Z",
        "name:en": "Niroye Entezami Building",
        "description:en": "Niroye Entezami Building at Shalmani Intersection in Sanandaj"
      }
    },
    {
      "type": "Feature",
      "id": 90827,
      "geometry": {
        "type": "Point",
        "coordinates": [
          45.449517406276556,
          36.155259039298016
        ]
      },
      "properties": {
        "name:fa": "محل پرتاب موشک",
        "date": 1773088200,
        "description": "در این مکان موشک پرتاب میشود. اما سکوی موشکی سابت نیست بلکە با لانچر در انجا شلیک میشوند. بیشتر وقت ها ساعت 5صبح و 8شب",
        "city": "شهرستان سردشت",
        "province": "استان آذربایجان غربی",
        "id": "MzY6NjY2YWM0YjE4ZjRh",
        "publicId": "MzY6NjY2YWM0YjE4ZjRh",
        "sourceId": "666ac4b18f4a",
        "layerId": 36,
        "type": "location",
        "status": "active",
        "urgency": null,
        "info": {
          "name:fa": "محل پرتاب موشک",
          "date": 1773088200,
          "description": "در این مکان موشک پرتاب میشود. اما سکوی موشکی سابت نیست بلکە با لانچر در انجا شلیک میشوند. بیشتر وقت ها ساعت 5صبح و 8شب",
          "city": "شهرستان سردشت",
          "province": "استان آذربایجان غربی",
          "name:en": "Rocket Launch Site",
          "description:en": "This is a place where rockets are launched. However, there is no permanent missile platform; instead, they are fired with a launcher in this location. Most of the time at 5 AM and 8 PM."
        },
        "verificationTag": "not-verified",
        "expirationDate": null,
        "createdAt": "2026-03-20T09:39:02.177Z",
        "updatedAt": "2026-03-26T02:08:52.545Z",
        "name:en": "Rocket Launch Site",
        "description:en": "This is a place where rockets are launched. However, there is no permanent missile platform; instead, they are fired with a launcher in this location. Most of the time at 5 AM and 8 PM."
      }
    },
    {
      "type": "Feature",
      "id": 90830,
      "geometry": {
        "type": "Point",
        "coordinates": [
          47.0632175671025,
          38.46842759218646
        ]
      },
      "properties": {
        "name:fa": "سپاه قدس",
        "date": 1772829000,
        "description": "سپاه قدس و سپاه عملیاتی شهرستان اهر",
        "city": "اهر",
        "province": "استان آذربایجان شرقی",
        "id": "MzY6MWVlMGIwYzQ5MGMy",
        "publicId": "MzY6MWVlMGIwYzQ5MGMy",
        "sourceId": "1ee0b0c490c2",
        "layerId": 36,
        "type": "location",
        "status": "active",
        "urgency": null,
        "info": {
          "name:fa": "سپاه قدس",
          "date": 1772829000,
          "description": "سپاه قدس و سپاه عملیاتی شهرستان اهر",
          "city": "اهر",
          "province": "استان آذربایجان شرقی",
          "name:en": "Quds Force",
          "description:en": "Quds Force and operational forces of Ahar County"
        },
        "verificationTag": "verified",
        "expirationDate": null,
        "createdAt": "2026-03-20T10:58:03.453Z",
        "updatedAt": "2026-03-26T02:08:52.715Z",
        "name:en": "Quds Force",
        "description:en": "Quds Force and operational forces of Ahar County"
      }
    },
    {
      "type": "Feature",
      "id": 90846,
      "geometry": {
        "type": "Point",
        "coordinates": [
          51.4487811164058,
          35.80986699973876
        ]
      },
      "properties": {
        "name:fa": "ایست بازرسی",
        "date": "",
        "description": "ایست بازرسی",
        "city": "تجریش",
        "province": "استان تهران",
        "id": "MzY6ZGQ5YzZhYjI3ZTgy",
        "publicId": "MzY6ZGQ5YzZhYjI3ZTgy",
        "sourceId": "dd9c6ab27e82",
        "layerId": 36,
        "type": "location",
        "status": "active",
        "urgency": null,
        "info": {
          "name:fa": "ایست بازرسی",
          "date": "",
          "description": "ایست بازرسی",
          "city": "تجریش",
          "province": "استان تهران",
          "name:en": "Inspection Checkpoint",
          "description:en": "Inspection Checkpoint"
        },
        "verificationTag": "verified",
        "expirationDate": null,
        "createdAt": "2026-03-21T19:37:56.963Z",
        "updatedAt": "2026-03-26T02:08:53.838Z",
        "name:en": "Inspection Checkpoint",
        "description:en": "Inspection Checkpoint"
      }
    },
    {
      "type": "Feature",
      "id": 90847,
      "geometry": {
        "type": "Point",
        "coordinates": [
          51.41626792390224,
          35.791004548899906
        ]
      },
      "properties": {
        "name:fa": "ایست بازرسی",
        "date": "",
        "description": "ایست بازرسی و ماشین سنگین زیر پل پارک وی",
        "city": "شهرستان تهران",
        "province": "استان تهران",
        "id": "MzY6NzA4ZGNhNzIxMDM5",
        "publicId": "MzY6NzA4ZGNhNzIxMDM5",
        "sourceId": "708dca721039",
        "layerId": 36,
        "type": "location",
        "status": "active",
        "urgency": null,
        "info": {
          "name:fa": "ایست بازرسی",
          "date": "",
          "description": "ایست بازرسی و ماشین سنگین زیر پل پارک وی",
          "city": "شهرستان تهران",
          "province": "استان تهران",
          "name:en": "Inspection Station",
          "description:en": "Inspection station and heavy vehicle parking under Parkway Bridge"
        },
        "verificationTag": "verified",
        "expirationDate": null,
        "createdAt": "2026-03-21T19:38:29.495Z",
        "updatedAt": "2026-03-26T02:08:53.906Z",
        "name:en": "Inspection Station",
        "description:en": "Inspection station and heavy vehicle parking under Parkway Bridge"
      }
    },
    {
      "type": "Feature",
      "id": 90848,
      "geometry": {
        "type": "Point",
        "coordinates": [
          51.44258518077544,
          35.75873698643967
        ]
      },
      "properties": {
        "name:fa": "ایست بازرسی",
        "date": "",
        "description": "بازرسی خیابانی بسیجی‌ها.محل استراحت در چادر در این لوکیشین",
        "city": "تهران",
        "province": "استان تهران",
        "id": "MzY6MzBiMWM3ZWQ1NmY5",
        "publicId": "MzY6MzBiMWM3ZWQ1NmY5",
        "sourceId": "30b1c7ed56f9",
        "layerId": 36,
        "type": "location",
        "status": "active",
        "urgency": null,
        "info": {
          "name:fa": "ایست بازرسی",
          "date": "",
          "description": "بازرسی خیابانی بسیجی‌ها.محل استراحت در چادر در این لوکیشین",
          "city": "تهران",
          "province": "استان تهران",
          "name:en": "Inspection Post",
          "description:en": "Street inspection by Basij forces. A rest location in a tent at this site."
        },
        "verificationTag": "verified",
        "expirationDate": null,
        "createdAt": "2026-03-21T19:39:07.151Z",
        "updatedAt": "2026-03-26T02:08:53.968Z",
        "name:en": "Inspection Post",
        "description:en": "Street inspection by Basij forces. A rest location in a tent at this site."
      }
    },
    {
      "type": "Feature",
      "id": 90849,
      "geometry": {
        "type": "Point",
        "coordinates": [
          51.01599012746189,
          35.75567822441208
        ]
      },
      "properties": {
        "name:fa": "ایست بازرسی",
        "date": "",
        "description": "ایست بازرسی،گوشی هارو چک میکنن",
        "city": "شهرستان فردیس",
        "province": "استان البرز",
        "id": "MzY6Yjg3ZTEyMDQ0YWYx",
        "publicId": "MzY6Yjg3ZTEyMDQ0YWYx",
        "sourceId": "b87e12044af1",
        "layerId": 36,
        "type": "location",
        "status": "active",
        "urgency": null,
        "info": {
          "name:fa": "ایست بازرسی",
          "date": "",
          "description": "ایست بازرسی،گوشی هارو چک میکنن",
          "city": "شهرستان فردیس",
          "province": "استان البرز",
          "name:en": "Inspection Checkpoint",
          "description:en": "Inspection checkpoint, where phones are checked"
        },
        "verificationTag": "verified",
        "expirationDate": null,
        "createdAt": "2026-03-21T19:39:34.382Z",
        "updatedAt": "2026-03-26T02:08:54.224Z",
        "name:en": "Inspection Checkpoint",
        "description:en": "Inspection checkpoint, where phones are checked"
      }
    },
    {
      "type": "Feature",
      "id": 90851,
      "geometry": {
        "type": "Point",
        "coordinates": [
          51.4535602880822,
          35.78041797597842
        ]
      },
      "properties": {
        "name:fa": "ایست بازرسی",
        "date": "",
        "description": "تاریخ 1 فروردین ماه ساعت 2:00 صبح ایست بازرسی چهار راه قنات",
        "city": "تهران",
        "province": "استان تهران",
        "id": "MzY6MWE2ODFmZTVlMjZh",
        "publicId": "MzY6MWE2ODFmZTVlMjZh",
        "sourceId": "1a681fe5e26a",
        "layerId": 36,
        "type": "location",
        "status": "active",
        "urgency": null,
        "info": {
          "name:fa": "ایست بازرسی",
          "date": "",
          "description": "تاریخ 1 فروردین ماه ساعت 2:00 صبح ایست بازرسی چهار راه قنات",
          "city": "تهران",
          "province": "استان تهران",
          "name:en": "Inspection Station",
          "description:en": "Date: 1st Farvardin at 2:00 AM - Inspection station at Qanat Crossroads"
        },
        "verificationTag": "verified",
        "expirationDate": null,
        "createdAt": "2026-03-21T19:40:23.744Z",
        "updatedAt": "2026-03-26T02:08:54.345Z",
        "name:en": "Inspection Station",
        "description:en": "Date: 1st Farvardin at 2:00 AM - Inspection station at Qanat Crossroads"
      }
    },
    {
      "type": "Feature",
      "id": 90852,
      "geometry": {
        "type": "Point",
        "coordinates": [
          51.182614119646985,
          35.7301827465662
        ]
      },
      "properties": {
        "name:fa": "ایست بازرسی",
        "date": "",
        "description": "ایست بازرسی",
        "city": "تهران",
        "province": "استان تهران",
        "id": "MzY6NTM2YzFkNzZlOGU3",
        "publicId": "MzY6NTM2YzFkNzZlOGU3",
        "sourceId": "536c1d76e8e7",
        "layerId": 36,
        "type": "location",
        "status": "active",
        "urgency": null,
        "info": {
          "name:fa": "ایست بازرسی",
          "date": "",
          "description": "ایست بازرسی",
          "city": "تهران",
          "province": "استان تهران",
          "name:en": "Inspection Checkpoint",
          "description:en": "An inspection checkpoint or control point for checking and monitoring purposes"
        },
        "verificationTag": "verified",
        "expirationDate": null,
        "createdAt": "2026-03-21T19:41:06.853Z",
        "updatedAt": "2026-03-26T02:08:54.404Z",
        "name:en": "Inspection Checkpoint",
        "description:en": "An inspection checkpoint or control point for checking and monitoring purposes"
      }
    },
    {
      "type": "Feature",
      "id": 90853,
      "geometry": {
        "type": "Point",
        "coordinates": [
          51.241036565684794,
          35.715916953654585
        ]
      },
      "properties": {
        "name:fa": "ایست بازرسی",
        "date": "",
        "description": "ایست بازرسی",
        "city": "تهران",
        "province": "استان تهران",
        "id": "MzY6YzJiYTY4YzAxOTIz",
        "publicId": "MzY6YzJiYTY4YzAxOTIz",
        "sourceId": "c2ba68c01923",
        "layerId": 36,
        "type": "location",
        "status": "active",
        "urgency": null,
        "info": {
          "name:fa": "ایست بازرسی",
          "date": "",
          "description": "ایست بازرسی",
          "city": "تهران",
          "province": "استان تهران",
          "name:en": "Inspection Checkpoint",
          "description:en": "Inspection Checkpoint"
        },
        "verificationTag": "verified",
        "expirationDate": null,
        "createdAt": "2026-03-21T19:41:26.917Z",
        "updatedAt": "2026-03-26T02:08:54.460Z",
        "name:en": "Inspection Checkpoint",
        "description:en": "Inspection Checkpoint"
      }
    },
    {
      "type": "Feature",
      "id": 90854,
      "geometry": {
        "type": "Point",
        "coordinates": [
          51.27865656826293,
          35.75380855753458
        ]
      },
      "properties": {
        "name:fa": "ایست بازرسی",
        "date": "",
        "description": "ایست بازرسی",
        "city": "تهران",
        "province": "استان تهران",
        "id": "MzY6NjczMWI1ODMwODM4",
        "publicId": "MzY6NjczMWI1ODMwODM4",
        "sourceId": "6731b5830838",
        "layerId": 36,
        "type": "location",
        "status": "active",
        "urgency": null,
        "info": {
          "name:fa": "ایست بازرسی",
          "date": "",
          "description": "ایست بازرسی",
          "city": "تهران",
          "province": "استان تهران",
          "name:en": "Inspection Checkpoint",
          "description:en": "Inspection Checkpoint"
        },
        "verificationTag": "verified",
        "expirationDate": null,
        "createdAt": "2026-03-21T19:41:43.775Z",
        "updatedAt": "2026-03-26T02:08:54.526Z",
        "name:en": "Inspection Checkpoint",
        "description:en": "Inspection Checkpoint"
      }
    },
    {
      "type": "Feature",
      "id": 90855,
      "geometry": {
        "type": "Point",
        "coordinates": [
          47.111775574266375,
          34.35742014143044
        ]
      },
      "properties": {
        "name:fa": "ایست بازرسی",
        "date": "",
        "description": "ایست بازرسی",
        "city": "کرمانشاه",
        "province": "استان کرمانشاه",
        "id": "MzY6NWRkMGRlYjM2M2Y5",
        "publicId": "MzY6NWRkMGRlYjM2M2Y5",
        "sourceId": "5dd0deb363f9",
        "layerId": 36,
        "type": "location",
        "status": "active",
        "urgency": null,
        "info": {
          "name:fa": "ایست بازرسی",
          "date": "",
          "description": "ایست بازرسی",
          "city": "کرمانشاه",
          "province": "استان کرمانشاه",
          "name:en": "Inspection Checkpoint",
          "description:en": "Inspection checkpoint"
        },
        "verificationTag": "verified",
        "expirationDate": null,
        "createdAt": "2026-03-21T19:42:01.644Z",
        "updatedAt": "2026-03-26T02:08:54.585Z",
        "name:en": "Inspection Checkpoint",
        "description:en": "Inspection checkpoint"
      }
    },
    {
      "type": "Feature",
      "id": 90856,
      "geometry": {
        "type": "Point",
        "coordinates": [
          47.085096252011226,
          34.33986843893727
        ]
      },
      "properties": {
        "name:fa": "ایست بازرسی",
        "date": "",
        "description": "ایست بازرسی",
        "city": "کرمانشاه",
        "province": "استان کرمانشاه",
        "id": "MzY6ZWUxMDM2NDVjYWZl",
        "publicId": "MzY6ZWUxMDM2NDVjYWZl",
        "sourceId": "ee103645cafe",
        "layerId": 36,
        "type": "location",
        "status": "active",
        "urgency": null,
        "info": {
          "name:fa": "ایست بازرسی",
          "date": "",
          "description": "ایست بازرسی",
          "city": "کرمانشاه",
          "province": "استان کرمانشاه",
          "name:en": "Checkpoint",
          "description:en": "Checkpoint"
        },
        "verificationTag": "verified",
        "expirationDate": null,
        "createdAt": "2026-03-21T19:42:21.936Z",
        "updatedAt": "2026-03-26T02:08:54.644Z",
        "name:en": "Checkpoint",
        "description:en": "Checkpoint"
      }
    },
    {
      "type": "Feature",
      "id": 90857,
      "geometry": {
        "type": "Point",
        "coordinates": [
          51.29959135363032,
          35.72884197092222
        ]
      },
      "properties": {
        "name:fa": "ایست بازرسی",
        "date": "",
        "description": "ایست بازرسی بسیج و یگان ویژه",
        "city": "تهران",
        "province": "استان تهران",
        "id": "MzY6NzhmZTE5ZGY4NTAz",
        "publicId": "MzY6NzhmZTE5ZGY4NTAz",
        "sourceId": "78fe19df8503",
        "layerId": 36,
        "type": "location",
        "status": "active",
        "urgency": null,
        "info": {
          "name:fa": "ایست بازرسی",
          "date": "",
          "description": "ایست بازرسی بسیج و یگان ویژه",
          "city": "تهران",
          "province": "استان تهران",
          "name:en": "Inspection Checkpoint",
          "description:en": "Inspection checkpoint of Basij and Special Forces"
        },
        "verificationTag": "verified",
        "expirationDate": null,
        "createdAt": "2026-03-21T19:42:41.817Z",
        "updatedAt": "2026-03-26T02:08:54.704Z",
        "name:en": "Inspection Checkpoint",
        "description:en": "Inspection checkpoint of Basij and Special Forces"
      }
    },
    {
      "type": "Feature",
      "id": 90858,
      "geometry": {
        "type": "Point",
        "coordinates": [
          52.88263693520892,
          36.295184270446356
        ]
      },
      "properties": {
        "name:fa": "تردد نیروها",
        "date": "",
        "description": "۲۷ اسفند تا ۱ فروردین شبانه ساعت ۲ بامداد از ۲۷ اسفند ۵ کامیون با جیپ سپاه میان دم این سوله و یک سری جعبه هارو با احتیاط خالی میکنن و دم صبح ساعت ۵ میرن",
        "city": "شیرگاه",
        "province": "استان مازندران",
        "id": "MzY6ZTM5YmZhNDI5Yjc0",
        "publicId": "MzY6ZTM5YmZhNDI5Yjc0",
        "sourceId": "e39bfa429b74",
        "layerId": 36,
        "type": "location",
        "status": "active",
        "urgency": null,
        "info": {
          "name:fa": "تردد نیروها",
          "date": "",
          "description": "۲۷ اسفند تا ۱ فروردین شبانه ساعت ۲ بامداد از ۲۷ اسفند ۵ کامیون با جیپ سپاه میان دم این سوله و یک سری جعبه هارو با احتیاط خالی میکنن و دم صبح ساعت ۵ میرن",
          "city": "شیرگاه",
          "province": "استان مازندران",
          "name:en": "Troop Movement",
          "description:en": "From 27 Esfand to 1 Farvardin, nightly at 2 AM on 27 Esfand, 5 trucks with Revolutionary Guard jeeps carefully empty a series of boxes between this warehouse and [another location], and leave at 5 AM in the morning."
        },
        "verificationTag": "verified",
        "expirationDate": null,
        "createdAt": "2026-03-21T19:52:38.180Z",
        "updatedAt": "2026-03-26T02:08:54.760Z",
        "name:en": "Troop Movement",
        "description:en": "From 27 Esfand to 1 Farvardin, nightly at 2 AM on 27 Esfand, 5 trucks with Revolutionary Guard jeeps carefully empty a series of boxes between this warehouse and [another location], and leave at 5 AM in the morning."
      }
    },
    {
      "type": "Feature",
      "id": 90864,
      "geometry": {
        "type": "Point",
        "coordinates": [
          46.05552976858792,
          37.350849627902164
        ]
      },
      "properties": {
        "name:fa": "مرکز اسکان مخفی سرکوب گران و بسیج(زیرزمین)",
        "date": "",
        "description": "مرکز اسکان مخفی سرکوب گران و بسیج(زیرزمین)",
        "city": "بناب",
        "province": "استان آذربایجان شرقی",
        "id": "MzY6OTI5OTVhZDFmNTBl",
        "publicId": "MzY6OTI5OTVhZDFmNTBl",
        "sourceId": "92995ad1f50e",
        "layerId": 36,
        "type": "location",
        "status": "active",
        "urgency": null,
        "info": {
          "name:fa": "مرکز اسکان مخفی سرکوب گران و بسیج(زیرزمین)",
          "date": "",
          "description": "مرکز اسکان مخفی سرکوب گران و بسیج(زیرزمین)",
          "city": "بناب",
          "province": "استان آذربایجان شرقی",
          "name:en": "Secret Accommodation Center for Suppressors and Basij (Underground)",
          "description:en": "A secret underground accommodation center for suppressors and Basij members"
        },
        "verificationTag": "verified",
        "expirationDate": null,
        "createdAt": "2026-03-21T20:03:46.100Z",
        "updatedAt": "2026-03-26T02:08:55.161Z",
        "name:en": "Secret Accommodation Center for Suppressors and Basij (Underground)",
        "description:en": "A secret underground accommodation center for suppressors and Basij members"
      }
    },
    {
      "type": "Feature",
      "id": 90867,
      "geometry": {
        "type": "Point",
        "coordinates": [
          46.07641318319807,
          37.34376811243931
        ]
      },
      "properties": {
        "name:fa": "ساختمان مرکزی سپاه بناب",
        "date": "",
        "description": "مرکز ساختمان سپاه مرکزی بناب سوله 9دی ویژه نگهداری و شکنجه و...",
        "city": "بناب",
        "province": "استان آذربایجان شرقی",
        "id": "MzY6YjhlYTYzMjM0ZTVh",
        "publicId": "MzY6YjhlYTYzMjM0ZTVh",
        "sourceId": "b8ea63234e5a",
        "layerId": 36,
        "type": "location",
        "status": "active",
        "urgency": null,
        "info": {
          "name:fa": "ساختمان مرکزی سپاه بناب",
          "date": "",
          "description": "مرکز ساختمان سپاه مرکزی بناب سوله 9دی ویژه نگهداری و شکنجه و...",
          "city": "بناب",
          "province": "استان آذربایجان شرقی",
          "name:en": "Sepah Central Building of Bonab",
          "description:en": "The central command building of Sepah in Bonab, shed 9 Dey, dedicated to maintenance and torture and..."
        },
        "verificationTag": "verified",
        "expirationDate": null,
        "createdAt": "2026-03-21T20:06:02.574Z",
        "updatedAt": "2026-03-26T02:08:55.363Z",
        "name:en": "Sepah Central Building of Bonab",
        "description:en": "The central command building of Sepah in Bonab, shed 9 Dey, dedicated to maintenance and torture and..."
      }
    },
    {
      "type": "Feature",
      "id": 90868,
      "geometry": {
        "type": "Point",
        "coordinates": [
          46.056327102186174,
          37.34551052977059
        ]
      },
      "properties": {
        "name:fa": "اطلاعات",
        "date": "",
        "description": "37.345511, 46.056327",
        "city": "بناب",
        "province": "استان آذربایجان شرقی",
        "id": "MzY6ZmU4Yzc3ZDZiOTFh",
        "publicId": "MzY6ZmU4Yzc3ZDZiOTFh",
        "sourceId": "fe8c77d6b91a",
        "layerId": 36,
        "type": "location",
        "status": "active",
        "urgency": null,
        "info": {
          "name:fa": "اطلاعات",
          "date": "",
          "description": "37.345511, 46.056327",
          "city": "بناب",
          "province": "استان آذربایجان شرقی",
          "name:en": "Information",
          "description:en": "37.345511, 46.056327"
        },
        "verificationTag": "verified",
        "expirationDate": null,
        "createdAt": "2026-03-21T20:06:26.547Z",
        "updatedAt": "2026-03-26T02:08:55.419Z",
        "name:en": "Information",
        "description:en": "37.345511, 46.056327"
      }
    },
    {
      "type": "Feature",
      "id": 90879,
      "geometry": {
        "type": "Point",
        "coordinates": [
          46.313198062903155,
          38.09446953401104
        ]
      },
      "properties": {
        "name:fa": "تجمع سرکوبگران",
        "date": "",
        "description": "بسیاری از سپاهی ها در این مکان منتقل شدند",
        "city": "تبریز",
        "province": "استان آذربایجان شرقی",
        "id": "MzY6N2FiMzBkOTY0OGI2",
        "publicId": "MzY6N2FiMzBkOTY0OGI2",
        "sourceId": "7ab30d9648b6",
        "layerId": 36,
        "type": "location",
        "status": "active",
        "urgency": null,
        "info": {
          "name:fa": "تجمع سرکوبگران",
          "date": "",
          "description": "بسیاری از سپاهی ها در این مکان منتقل شدند",
          "city": "تبریز",
          "province": "استان آذربایجان شرقی",
          "name:en": "Tyranny Square",
          "description:en": "Many Revolutionary Guard members were transferred to this location"
        },
        "verificationTag": "verified",
        "expirationDate": null,
        "createdAt": "2026-03-21T20:19:21.331Z",
        "updatedAt": "2026-03-26T02:08:56.274Z",
        "name:en": "Tyranny Square",
        "description:en": "Many Revolutionary Guard members were transferred to this location"
      }
    },
    {
      "type": "Feature",
      "id": 90882,
      "geometry": {
        "type": "Point",
        "coordinates": [
          46.26967283067478,
          38.04399456675566
        ]
      },
      "properties": {
        "name:fa": "هتل اطلاعات سپاه",
        "date": "",
        "description": "هتل حفاظت اطلاعات معمولا جلسات در این مکان انجام میشود",
        "city": "تبریز",
        "province": "استان آذربایجان شرقی",
        "id": "MzY6YWRkNjg1ZWI3MzA3",
        "publicId": "MzY6YWRkNjg1ZWI3MzA3",
        "sourceId": "add685eb7307",
        "layerId": 36,
        "type": "location",
        "status": "active",
        "urgency": null,
        "info": {
          "name:fa": "هتل اطلاعات سپاه",
          "date": "",
          "description": "هتل حفاظت اطلاعات معمولا جلسات در این مکان انجام میشود",
          "city": "تبریز",
          "province": "استان آذربایجان شرقی",
          "name:en": "Sepah Information Hotel",
          "description:en": "A hotel for information protection where meetings are usually held at this location"
        },
        "verificationTag": "verified",
        "expirationDate": null,
        "createdAt": "2026-03-21T20:22:51.420Z",
        "updatedAt": "2026-03-26T02:08:56.648Z",
        "name:en": "Sepah Information Hotel",
        "description:en": "A hotel for information protection where meetings are usually held at this location"
      }
    },
    {
      "type": "Feature",
      "id": 90884,
      "geometry": {
        "type": "Point",
        "coordinates": [
          46.376138417388404,
          38.02697107365296
        ]
      },
      "properties": {
        "name:fa": "پایگاه بسیج",
        "date": "",
        "description": "",
        "city": "تبریز",
        "province": "استان آذربایجان شرقی",
        "id": "MzY6MTliNjc4ODI3MzMx",
        "publicId": "MzY6MTliNjc4ODI3MzMx",
        "sourceId": "19b678827331",
        "layerId": 36,
        "type": "location",
        "status": "active",
        "urgency": null,
        "info": {
          "name:fa": "پایگاه بسیج",
          "date": "",
          "description": "",
          "city": "تبریز",
          "province": "استان آذربایجان شرقی",
          "name:en": "Basij Base",
          "description:en": ""
        },
        "verificationTag": "verified",
        "expirationDate": null,
        "createdAt": "2026-03-21T20:23:35.187Z",
        "updatedAt": "2026-03-26T02:08:56.781Z",
        "name:en": "Basij Base",
        "description:en": ""
      }
    },
    {
      "type": "Feature",
      "id": 90886,
      "geometry": {
        "type": "Point",
        "coordinates": [
          46.36158692425255,
          38.040702434465345
        ]
      },
      "properties": {
        "name:fa": "ساختمان اداری قرارگاه خاتم الانبیا",
        "date": "",
        "description": "",
        "city": "تبریز",
        "province": "استان آذربایجان شرقی",
        "id": "MzY6MDMzOGQzNTIxZGJl",
        "publicId": "MzY6MDMzOGQzNTIxZGJl",
        "sourceId": "0338d3521dbe",
        "layerId": 36,
        "type": "location",
        "status": "active",
        "urgency": null,
        "info": {
          "name:fa": "ساختمان اداری قرارگاه خاتم الانبیا",
          "date": "",
          "description": "",
          "city": "تبریز",
          "province": "استان آذربایجان شرقی",
          "name:en": "Khatam al-Anbiya Headquarters Administrative Building",
          "description:en": ""
        },
        "verificationTag": "verified",
        "expirationDate": null,
        "createdAt": "2026-03-21T20:26:04.512Z",
        "updatedAt": "2026-03-26T02:08:56.900Z",
        "name:en": "Khatam al-Anbiya Headquarters Administrative Building",
        "description:en": ""
      }
    },
    {
      "type": "Feature",
      "id": 90887,
      "geometry": {
        "type": "Point",
        "coordinates": [
          46.59594333205709,
          37.97770451768022
        ]
      },
      "properties": {
        "name:fa": "بسیج",
        "date": "",
        "description": "این مکان مال بسیجه میدان تیر و مهمات خانه داره",
        "city": "شهرستان بستان آباد",
        "province": "استان آذربایجان شرقی",
        "id": "MzY6MDk2ZGEzOGQ0Y2Fh",
        "publicId": "MzY6MDk2ZGEzOGQ0Y2Fh",
        "sourceId": "096da38d4caa",
        "layerId": 36,
        "type": "location",
        "status": "active",
        "urgency": null,
        "info": {
          "name:fa": "بسیج",
          "date": "",
          "description": "این مکان مال بسیجه میدان تیر و مهمات خانه داره",
          "city": "شهرستان بستان آباد",
          "province": "استان آذربایجان شرقی",
          "name:en": "Basij",
          "description:en": "This place belongs to Basij and has an archery range and ammunition house"
        },
        "verificationTag": "verified",
        "expirationDate": null,
        "createdAt": "2026-03-21T20:27:04.271Z",
        "updatedAt": "2026-03-26T02:08:56.963Z",
        "name:en": "Basij",
        "description:en": "This place belongs to Basij and has an archery range and ammunition house"
      }
    },
    {
      "type": "Feature",
      "id": 90888,
      "geometry": {
        "type": "Point",
        "coordinates": [
          46.36874477317053,
          38.074404599623676
        ]
      },
      "properties": {
        "name:fa": "بسیج",
        "date": "",
        "description": "مرکز بسیج سمت شرق تبریز با کلی مهمات",
        "city": "تبریز",
        "province": "استان آذربایجان شرقی",
        "id": "MzY6MjkwZDY1OTYxMzll",
        "publicId": "MzY6MjkwZDY1OTYxMzll",
        "sourceId": "290d6596139e",
        "layerId": 36,
        "type": "location",
        "status": "active",
        "urgency": null,
        "info": {
          "name:fa": "بسیج",
          "date": "",
          "description": "مرکز بسیج سمت شرق تبریز با کلی مهمات",
          "city": "تبریز",
          "province": "استان آذربایجان شرقی",
          "name:en": "Basij",
          "description:en": "Basij center on the east side of Tabriz with various ammunition supplies"
        },
        "verificationTag": "verified",
        "expirationDate": null,
        "createdAt": "2026-03-21T20:27:59.999Z",
        "updatedAt": "2026-03-26T02:08:57.024Z",
        "name:en": "Basij",
        "description:en": "Basij center on the east side of Tabriz with various ammunition supplies"
      }
    },
    {
      "type": "Feature",
      "id": 90889,
      "geometry": {
        "type": "Point",
        "coordinates": [
          46.36363805777876,
          38.07731922018681
        ]
      },
      "properties": {
        "name:fa": "تجمع سرکوبگران",
        "date": "",
        "description": "یکی از مکان های مورد علاقه نیرو های ضد شورشه",
        "city": "تبریز",
        "province": "استان آذربایجان شرقی",
        "id": "MzY6MmQwZThiZDMyZjU0",
        "publicId": "MzY6MmQwZThiZDMyZjU0",
        "sourceId": "2d0e8bd32f54",
        "layerId": 36,
        "type": "location",
        "status": "active",
        "urgency": null,
        "info": {
          "name:fa": "تجمع سرکوبگران",
          "date": "",
          "description": "یکی از مکان های مورد علاقه نیرو های ضد شورشه",
          "city": "تبریز",
          "province": "استان آذربایجان شرقی",
          "name:en": "Suppressors Gathering",
          "description:en": "One of the favorite locations of counter-insurgency forces"
        },
        "verificationTag": "verified",
        "expirationDate": null,
        "createdAt": "2026-03-21T20:28:24.933Z",
        "updatedAt": "2026-03-26T02:08:57.093Z",
        "name:en": "Suppressors Gathering",
        "description:en": "One of the favorite locations of counter-insurgency forces"
      }
    },
    {
      "type": "Feature",
      "id": 90891,
      "geometry": {
        "type": "Point",
        "coordinates": [
          46.343588307721234,
          38.07868812081102
        ]
      },
      "properties": {
        "name:fa": "تجمع بسیجیان",
        "date": "",
        "description": "تجمع بسیجیان",
        "city": "تبریز",
        "province": "استان آذربایجان شرقی",
        "id": "MzY6YzJlOGM1YzU4OTMz",
        "publicId": "MzY6YzJlOGM1YzU4OTMz",
        "sourceId": "c2e8c5c58933",
        "layerId": 36,
        "type": "location",
        "status": "active",
        "urgency": null,
        "info": {
          "name:fa": "تجمع بسیجیان",
          "date": "",
          "description": "تجمع بسیجیان",
          "city": "تبریز",
          "province": "استان آذربایجان شرقی",
          "name:en": "Basij Assembly",
          "description:en": "Basij Assembly"
        },
        "verificationTag": "verified",
        "expirationDate": null,
        "createdAt": "2026-03-21T20:30:14.139Z",
        "updatedAt": "2026-03-26T02:08:57.208Z",
        "name:en": "Basij Assembly",
        "description:en": "Basij Assembly"
      }
    },
    {
      "type": "Feature",
      "id": 90892,
      "geometry": {
        "type": "Point",
        "coordinates": [
          46.25532825645308,
          38.07493738400555
        ]
      },
      "properties": {
        "name:fa": "بیمارستان الغدیر",
        "date": "",
        "description": "بیمارستان نظامی محل درمان نظامی ها و محل استقرار نیروهای نظامی",
        "city": "تبریز",
        "province": "استان آذربایجان شرقی",
        "id": "MzY6MWIzMDE3Y2FjMjJh",
        "publicId": "MzY6MWIzMDE3Y2FjMjJh",
        "sourceId": "1b3017cac22a",
        "layerId": 36,
        "type": "location",
        "status": "active",
        "urgency": null,
        "info": {
          "name:fa": "بیمارستان الغدیر",
          "date": "",
          "description": "بیمارستان نظامی محل درمان نظامی ها و محل استقرار نیروهای نظامی",
          "city": "تبریز",
          "province": "استان آذربایجان شرقی",
          "name:en": "Al-Ghadir Hospital",
          "description:en": "A military hospital where military personnel receive treatment and where military forces are stationed"
        },
        "verificationTag": "verified",
        "expirationDate": null,
        "createdAt": "2026-03-21T20:31:13.776Z",
        "updatedAt": "2026-03-26T02:08:57.474Z",
        "name:en": "Al-Ghadir Hospital",
        "description:en": "A military hospital where military personnel receive treatment and where military forces are stationed"
      }
    },
    {
      "type": "Feature",
      "id": 90895,
      "geometry": {
        "type": "Point",
        "coordinates": [
          46.33284261350482,
          38.06264038777263
        ]
      },
      "properties": {
        "name:fa": "پایگاه بسیج",
        "date": "",
        "description": "پایگاه بسیج",
        "city": "تبریز",
        "province": "استان آذربایجان شرقی",
        "id": "MzY6NTA5YzUyN2JlMWMy",
        "publicId": "MzY6NTA5YzUyN2JlMWMy",
        "sourceId": "509c527be1c2",
        "layerId": 36,
        "type": "location",
        "status": "active",
        "urgency": null,
        "info": {
          "name:fa": "پایگاه بسیج",
          "date": "",
          "description": "پایگاه بسیج",
          "city": "تبریز",
          "province": "استان آذربایجان شرقی",
          "name:en": "Basij Base",
          "description:en": "Basij Base"
        },
        "verificationTag": "verified",
        "expirationDate": null,
        "createdAt": "2026-03-21T20:36:07.435Z",
        "updatedAt": "2026-03-26T02:08:57.667Z",
        "name:en": "Basij Base",
        "description:en": "Basij Base"
      }
    },
    {
      "type": "Feature",
      "id": 90899,
      "geometry": {
        "type": "Point",
        "coordinates": [
          46.289729192148116,
          38.07267843943754
        ]
      },
      "properties": {
        "name:fa": "مصلای تبریز و محل تجمع نیروهای سرکوب",
        "date": "",
        "description": "مصلای تبریز و محل تجمع نیروهای سرکوب",
        "city": "تبریز",
        "province": "استان آذربایجان شرقی",
        "id": "MzY6YTE3MzNhYTBlZDVh",
        "publicId": "MzY6YTE3MzNhYTBlZDVh",
        "sourceId": "a1733aa0ed5a",
        "layerId": 36,
        "type": "location",
        "status": "active",
        "urgency": null,
        "info": {
          "name:fa": "مصلای تبریز و محل تجمع نیروهای سرکوب",
          "date": "",
          "description": "مصلای تبریز و محل تجمع نیروهای سرکوب",
          "city": "تبریز",
          "province": "استان آذربایجان شرقی",
          "name:en": "Tabriz Prayer Ground and Security Forces Gathering Place",
          "description:en": "Tabriz prayer ground and the gathering place of suppression forces"
        },
        "verificationTag": "verified",
        "expirationDate": null,
        "createdAt": "2026-03-21T20:38:45.630Z",
        "updatedAt": "2026-03-26T02:08:57.928Z",
        "name:en": "Tabriz Prayer Ground and Security Forces Gathering Place",
        "description:en": "Tabriz prayer ground and the gathering place of suppression forces"
      }
    },
    {
      "type": "Feature",
      "id": 90901,
      "geometry": {
        "type": "Point",
        "coordinates": [
          46.21421215197134,
          38.06300066107846
        ]
      },
      "properties": {
        "name:fa": "اطلاعات سپاه",
        "date": "",
        "description": "اطلاعات سپاه",
        "city": "تبریز",
        "province": "استان آذربایجان شرقی",
        "id": "MzY6NWQ5MjIyZmI4ZTI4",
        "publicId": "MzY6NWQ5MjIyZmI4ZTI4",
        "sourceId": "5d9222fb8e28",
        "layerId": 36,
        "type": "location",
        "status": "active",
        "urgency": null,
        "info": {
          "name:fa": "اطلاعات سپاه",
          "date": "",
          "description": "اطلاعات سپاه",
          "city": "تبریز",
          "province": "استان آذربایجان شرقی",
          "name:en": "Sepah Intelligence Organization",
          "description:en": "Sepah Intelligence Organization"
        },
        "verificationTag": "verified",
        "expirationDate": null,
        "createdAt": "2026-03-21T20:45:09.166Z",
        "updatedAt": "2026-03-26T02:08:58.052Z",
        "name:en": "Sepah Intelligence Organization",
        "description:en": "Sepah Intelligence Organization"
      }
    },
    {
      "type": "Feature",
      "id": 90902,
      "geometry": {
        "type": "Point",
        "coordinates": [
          46.26866491295738,
          38.074036893247694
        ]
      },
      "properties": {
        "name:fa": "بسیج",
        "date": "",
        "description": "حوزه بسیج عمار",
        "city": "تبریز",
        "province": "استان آذربایجان شرقی",
        "id": "MzY6YWQwODBhMzk2NWU2",
        "publicId": "MzY6YWQwODBhMzk2NWU2",
        "sourceId": "ad080a3965e6",
        "layerId": 36,
        "type": "location",
        "status": "active",
        "urgency": null,
        "info": {
          "name:fa": "بسیج",
          "date": "",
          "description": "حوزه بسیج عمار",
          "city": "تبریز",
          "province": "استان آذربایجان شرقی",
          "name:en": "Basij",
          "description:en": "Basij Amar District"
        },
        "verificationTag": "verified",
        "expirationDate": null,
        "createdAt": "2026-03-21T20:47:13.549Z",
        "updatedAt": "2026-03-26T02:08:58.320Z",
        "name:en": "Basij",
        "description:en": "Basij Amar District"
      }
    },
    {
      "type": "Feature",
      "id": 90903,
      "geometry": {
        "type": "Point",
        "coordinates": [
          46.27269980731347,
          38.0625534372403
        ]
      },
      "properties": {
        "name:fa": "اداره اطلاعات سپاه",
        "date": "",
        "description": "اداره اطلاعات سپاه",
        "city": "تبریز",
        "province": "استان آذربایجان شرقی",
        "id": "MzY6MzFjOWY0NDQ4ZDY0",
        "publicId": "MzY6MzFjOWY0NDQ4ZDY0",
        "sourceId": "31c9f4448d64",
        "layerId": 36,
        "type": "location",
        "status": "active",
        "urgency": null,
        "info": {
          "name:fa": "اداره اطلاعات سپاه",
          "date": "",
          "description": "اداره اطلاعات سپاه",
          "city": "تبریز",
          "province": "استان آذربایجان شرقی",
          "name:en": "Sepah Intelligence Organization",
          "description:en": "Sepah Intelligence Organization"
        },
        "verificationTag": "verified",
        "expirationDate": null,
        "createdAt": "2026-03-21T20:47:29.328Z",
        "updatedAt": "2026-03-26T02:08:58.387Z",
        "name:en": "Sepah Intelligence Organization",
        "description:en": "Sepah Intelligence Organization"
      }
    },
    {
      "type": "Feature",
      "id": 90904,
      "geometry": {
        "type": "Point",
        "coordinates": [
          46.289903543251114,
          38.06036996678219
        ]
      },
      "properties": {
        "name:fa": "حوزه ۴ بسیج شهری",
        "date": "",
        "description": "حوزه ۴ بسیج شهری",
        "city": "تبریز",
        "province": "استان آذربایجان شرقی",
        "id": "MzY6YTUyZjk4ZGQ5Nzky",
        "publicId": "MzY6YTUyZjk4ZGQ5Nzky",
        "sourceId": "a52f98dd9792",
        "layerId": 36,
        "type": "location",
        "status": "active",
        "urgency": null,
        "info": {
          "name:fa": "حوزه ۴ بسیج شهری",
          "date": "",
          "description": "حوزه ۴ بسیج شهری",
          "city": "تبریز",
          "province": "استان آذربایجان شرقی",
          "name:en": "Basij Urban Zone 4",
          "description:en": "Basij Urban Zone 4"
        },
        "verificationTag": "verified",
        "expirationDate": null,
        "createdAt": "2026-03-21T20:47:45.343Z",
        "updatedAt": "2026-03-26T02:08:58.447Z",
        "name:en": "Basij Urban Zone 4",
        "description:en": "Basij Urban Zone 4"
      }
    },
    {
      "type": "Feature",
      "id": 90905,
      "geometry": {
        "type": "Point",
        "coordinates": [
          46.30356970074908,
          38.05982534056943
        ]
      },
      "properties": {
        "name:fa": "سپاه ناحیه استان",
        "date": "",
        "description": "سپاه ناحیه استان",
        "city": "تبریز",
        "province": "استان آذربایجان شرقی",
        "id": "MzY6Y2M2NjliYWJhZGMw",
        "publicId": "MzY6Y2M2NjliYWJhZGMw",
        "sourceId": "cc669babadc0",
        "layerId": 36,
        "type": "location",
        "status": "active",
        "urgency": null,
        "info": {
          "name:fa": "سپاه ناحیه استان",
          "date": "",
          "description": "سپاه ناحیه استان",
          "city": "تبریز",
          "province": "استان آذربایجان شرقی",
          "name:en": "Sepah Regional Province",
          "description:en": "Sepah Regional Province"
        },
        "verificationTag": "verified",
        "expirationDate": null,
        "createdAt": "2026-03-21T20:49:07.675Z",
        "updatedAt": "2026-03-26T02:08:58.504Z",
        "name:en": "Sepah Regional Province",
        "description:en": "Sepah Regional Province"
      }
    },
    {
      "type": "Feature",
      "id": 90908,
      "geometry": {
        "type": "Point",
        "coordinates": [
          46.30187257711697,
          38.066008655045664
        ]
      },
      "properties": {
        "name:fa": "تردد مشکوک",
        "date": "",
        "description": "ساختمان بی نام نشان برای ارسال همانگی اطلاعاتی",
        "city": "تبریز",
        "province": "استان آذربایجان شرقی",
        "id": "MzY6MjczNDMxNTg3YWU3",
        "publicId": "MzY6MjczNDMxNTg3YWU3",
        "sourceId": "273431587ae7",
        "layerId": 36,
        "type": "location",
        "status": "active",
        "urgency": null,
        "info": {
          "name:fa": "تردد مشکوک",
          "date": "",
          "description": "ساختمان بی نام نشان برای ارسال همانگی اطلاعاتی",
          "city": "تبریز",
          "province": "استان آذربایجان شرقی",
          "name:en": "Suspicious Traffic",
          "description:en": "An unnamed building used for transmitting identity information"
        },
        "verificationTag": "verified",
        "expirationDate": null,
        "createdAt": "2026-03-21T20:53:38.747Z",
        "updatedAt": "2026-03-26T02:08:58.682Z",
        "name:en": "Suspicious Traffic",
        "description:en": "An unnamed building used for transmitting identity information"
      }
    },
    {
      "type": "Feature",
      "id": 90909,
      "geometry": {
        "type": "Point",
        "coordinates": [
          46.30255674482578,
          38.06696547374008
        ]
      },
      "properties": {
        "name:fa": "تجمع نیروهای سرکوبگر",
        "date": "",
        "description": "محل تجمع نیروهای اطلاعاتی و سپاهی",
        "city": "تبریز",
        "province": "استان آذربایجان شرقی",
        "id": "MzY6ZDAyMDg1Y2NlZTNk",
        "publicId": "MzY6ZDAyMDg1Y2NlZTNk",
        "sourceId": "d02085ccee3d",
        "layerId": 36,
        "type": "location",
        "status": "active",
        "urgency": null,
        "info": {
          "name:fa": "تجمع نیروهای سرکوبگر",
          "date": "",
          "description": "محل تجمع نیروهای اطلاعاتی و سپاهی",
          "city": "تبریز",
          "province": "استان آذربایجان شرقی",
          "name:en": "Suppressive Forces Gathering Point",
          "description:en": "Meeting place of intelligence and Revolutionary Guard forces"
        },
        "verificationTag": "verified",
        "expirationDate": null,
        "createdAt": "2026-03-21T20:54:14.812Z",
        "updatedAt": "2026-03-26T02:08:58.739Z",
        "name:en": "Suppressive Forces Gathering Point",
        "description:en": "Meeting place of intelligence and Revolutionary Guard forces"
      }
    },
    {
      "type": "Feature",
      "id": 90910,
      "geometry": {
        "type": "Point",
        "coordinates": [
          46.300632204252,
          38.06652741566623
        ]
      },
      "properties": {
        "name:fa": "تردد مشکوک اطلاعات",
        "date": "",
        "description": "ساختمان معمولی و بی تابلو معمولا برای جلسات محرمانه استفاده میشود بین اطلاعات سپاه و حفاظت اطلاعات و غیره…",
        "city": "تبریز",
        "province": "استان آذربایجان شرقی",
        "id": "MzY6NzY5NGVjNGI4OWFm",
        "publicId": "MzY6NzY5NGVjNGI4OWFm",
        "sourceId": "7694ec4b89af",
        "layerId": 36,
        "type": "location",
        "status": "active",
        "urgency": null,
        "info": {
          "name:fa": "تردد مشکوک اطلاعات",
          "date": "",
          "description": "ساختمان معمولی و بی تابلو معمولا برای جلسات محرمانه استفاده میشود بین اطلاعات سپاه و حفاظت اطلاعات و غیره…",
          "city": "تبریز",
          "province": "استان آذربایجان شرقی",
          "name:en": "Suspicious Traffic Information",
          "description:en": "A common unmarked building normally used for confidential meetings between Revolutionary Guards intelligence and information protection agencies, etc."
        },
        "verificationTag": "verified",
        "expirationDate": null,
        "createdAt": "2026-03-21T20:54:30.582Z",
        "updatedAt": "2026-03-26T02:08:58.801Z",
        "name:en": "Suspicious Traffic Information",
        "description:en": "A common unmarked building normally used for confidential meetings between Revolutionary Guards intelligence and information protection agencies, etc."
      }
    },
    {
      "type": "Feature",
      "id": 90911,
      "geometry": {
        "type": "Point",
        "coordinates": [
          46.30235807065753,
          38.06836272225996
        ]
      },
      "properties": {
        "name:fa": "سپاه پاسداران",
        "date": "",
        "description": "مربوط به سپاه پاسداران",
        "city": "تبریز",
        "province": "استان آذربایجان شرقی",
        "id": "MzY6MTcwNTJiMmQwNTI4",
        "publicId": "MzY6MTcwNTJiMmQwNTI4",
        "sourceId": "17052b2d0528",
        "layerId": 36,
        "type": "location",
        "status": "active",
        "urgency": null,
        "info": {
          "name:fa": "سپاه پاسداران",
          "date": "",
          "description": "مربوط به سپاه پاسداران",
          "city": "تبریز",
          "province": "استان آذربایجان شرقی",
          "name:en": "Islamic Revolutionary Guard Corps",
          "description:en": "Related to the Islamic Revolutionary Guard Corps"
        },
        "verificationTag": "verified",
        "expirationDate": null,
        "createdAt": "2026-03-21T20:54:59.485Z",
        "updatedAt": "2026-03-26T02:08:58.853Z",
        "name:en": "Islamic Revolutionary Guard Corps",
        "description:en": "Related to the Islamic Revolutionary Guard Corps"
      }
    },
    {
      "type": "Feature",
      "id": 90924,
      "geometry": {
        "type": "Point",
        "coordinates": [
          51.35550802962425,
          35.772557897492604
        ]
      },
      "properties": {
        "name:fa": "تانا انرژی",
        "date": 1773779400,
        "description": "تانا انرژی فعال در برنامه موشکی برد های الکترونیکی و تجهیزات برقی مدیر شرکت موسی رفان فرمانده پیشین هوافضا سپاه",
        "city": "تهران",
        "province": "استان تهران",
        "id": "MzY6ODkyMWVhYTg4ZGNj",
        "publicId": "MzY6ODkyMWVhYTg4ZGNj",
        "sourceId": "8921eaa88dcc",
        "layerId": 36,
        "type": "location",
        "status": "active",
        "urgency": null,
        "info": {
          "name:fa": "تانا انرژی",
          "date": 1773779400,
          "description": "تانا انرژی فعال در برنامه موشکی برد های الکترونیکی و تجهیزات برقی مدیر شرکت موسی رفان فرمانده پیشین هوافضا سپاه",
          "city": "تهران",
          "province": "استان تهران",
          "name:en": "Tana Energy",
          "description:en": "Tana Energy is active in missile programs, electronic rangefinders, and electrical equipment. The company manager is Mousa Refan, former commander of the Aerospace Force of the Islamic Revolutionary Guard Corps."
        },
        "verificationTag": "not-verified",
        "expirationDate": null,
        "createdAt": "2026-03-23T08:53:48.681Z",
        "updatedAt": "2026-03-26T02:09:00.040Z",
        "name:en": "Tana Energy",
        "description:en": "Tana Energy is active in missile programs, electronic rangefinders, and electrical equipment. The company manager is Mousa Refan, former commander of the Aerospace Force of the Islamic Revolutionary Guard Corps."
      }
    },
    {
      "type": "Feature",
      "id": 90930,
      "geometry": {
        "type": "Point",
        "coordinates": [
          51.44280066971365,
          35.77671462326195
        ]
      },
      "properties": {
        "name:fa": "نوپو",
        "date": 1773433800,
        "description": "محل اختفا تسلیحات نوپو و سپاه و تحرکات مشکوک بسیج",
        "city": "تهران",
        "province": "استان تهران",
        "id": "MzY6ZmJiYzFlZTJhY2Vm",
        "publicId": "MzY6ZmJiYzFlZTJhY2Vm",
        "sourceId": "fbbc1ee2acef",
        "layerId": 36,
        "type": "location",
        "status": "active",
        "urgency": null,
        "info": {
          "name:fa": "نوپو",
          "date": 1773433800,
          "description": "محل اختفا تسلیحات نوپو و سپاه و تحرکات مشکوک بسیج",
          "city": "تهران",
          "province": "استان تهران",
          "name:en": "Noupu",
          "description:en": "A hiding place for weapons of Noupu and the Revolutionary Guards and suspicious Basij movements"
        },
        "verificationTag": "not-verified",
        "expirationDate": null,
        "createdAt": "2026-03-23T09:41:05.157Z",
        "updatedAt": "2026-03-26T02:09:00.410Z",
        "name:en": "Noupu",
        "description:en": "A hiding place for weapons of Noupu and the Revolutionary Guards and suspicious Basij movements"
      }
    },
    {
      "type": "Feature",
      "id": 90932,
      "geometry": {
        "type": "Point",
        "coordinates": [
          51.50826227752924,
          35.738688217689756
        ]
      },
      "properties": {
        "name:fa": "رفت آمد مشکوک",
        "date": 1772656200,
        "description": "فرار نیروهای کلانتری به این ساختمان افرادی با عینک دودی و کلاه ماسک به این جا در حال رفت امد هستند از کلانتری به این ساختمان",
        "city": "تهران",
        "province": "استان تهران",
        "id": "MzY6NjExNWM1N2U1YmVh",
        "publicId": "MzY6NjExNWM1N2U1YmVh",
        "sourceId": "6115c57e5bea",
        "layerId": 36,
        "type": "location",
        "status": "active",
        "urgency": null,
        "info": {
          "name:fa": "رفت آمد مشکوک",
          "date": 1772656200,
          "description": "فرار نیروهای کلانتری به این ساختمان افرادی با عینک دودی و کلاه ماسک به این جا در حال رفت امد هستند از کلانتری به این ساختمان",
          "city": "تهران",
          "province": "استان تهران",
          "name:en": "Suspicious Movement",
          "description:en": "Police officers fled to this building; individuals with dark sunglasses and mask hats are moving back and forth between the police station and this building"
        },
        "verificationTag": "not-verified",
        "expirationDate": null,
        "createdAt": "2026-03-23T09:46:06.079Z",
        "updatedAt": "2026-03-26T02:09:00.734Z",
        "name:en": "Suspicious Movement",
        "description:en": "Police officers fled to this building; individuals with dark sunglasses and mask hats are moving back and forth between the police station and this building"
      }
    },
    {
      "type": "Feature",
      "id": 90939,
      "geometry": {
        "type": "Point",
        "coordinates": [
          59.5313423175584,
          36.34575133119888
        ]
      },
      "properties": {
        "name:fa": "ایست بازرسی",
        "date": "",
        "description": "ایست بازرسی شبانه",
        "city": "مشهد",
        "province": "استان خراسان رضوی",
        "id": "MzY6YThjMmJkOTkwODc0",
        "publicId": "MzY6YThjMmJkOTkwODc0",
        "sourceId": "a8c2bd990874",
        "layerId": 36,
        "type": "location",
        "status": "active",
        "urgency": null,
        "info": {
          "name:fa": "ایست بازرسی",
          "date": "",
          "description": "ایست بازرسی شبانه",
          "city": "مشهد",
          "province": "استان خراسان رضوی",
          "name:en": "Checkpoint",
          "description:en": "Night checkpoint"
        },
        "verificationTag": "verified",
        "expirationDate": null,
        "createdAt": "2026-03-23T12:03:30.308Z",
        "updatedAt": "2026-03-26T02:09:01.167Z",
        "name:en": "Checkpoint",
        "description:en": "Night checkpoint"
      }
    },
    {
      "type": "Feature",
      "id": 90940,
      "geometry": {
        "type": "Point",
        "coordinates": [
          49.331940909670124,
          37.23695049724759
        ]
      },
      "properties": {
        "name:fa": "ایست بازرسی",
        "date": "",
        "description": "ایست بازرسی ورودی شهر فومن. گرداننده ایست بازرسی عوامل سپاه و بسیج، هر روز و در ساعت های مختلف.",
        "city": "شهرستان فومن",
        "province": "استان گیلان",
        "id": "MzY6OWRlZTAyZmY5NWVk",
        "publicId": "MzY6OWRlZTAyZmY5NWVk",
        "sourceId": "9dee02ff95ed",
        "layerId": 36,
        "type": "location",
        "status": "active",
        "urgency": null,
        "info": {
          "name:fa": "ایست بازرسی",
          "date": "",
          "description": "ایست بازرسی ورودی شهر فومن. گرداننده ایست بازرسی عوامل سپاه و بسیج، هر روز و در ساعت های مختلف.",
          "city": "شهرستان فومن",
          "province": "استان گیلان",
          "name:en": "Inspection Station",
          "description:en": "An inspection station at the entrance of Fouman city. The inspection station is operated by Sepah and Basij forces, daily at various hours."
        },
        "verificationTag": "verified",
        "expirationDate": null,
        "createdAt": "2026-03-23T12:03:54.220Z",
        "updatedAt": "2026-03-26T02:09:01.234Z",
        "name:en": "Inspection Station",
        "description:en": "An inspection station at the entrance of Fouman city. The inspection station is operated by Sepah and Basij forces, daily at various hours."
      }
    },
    {
      "type": "Feature",
      "id": 90941,
      "geometry": {
        "type": "Point",
        "coordinates": [
          59.553825546362816,
          36.308662640889835
        ]
      },
      "properties": {
        "name:fa": "ایست بازرسی",
        "date": "",
        "description": "ایست بازرسی",
        "city": "مشهد",
        "province": "استان خراسان رضوی",
        "id": "MzY6ZTMxMWQ4OWRiZjA2",
        "publicId": "MzY6ZTMxMWQ4OWRiZjA2",
        "sourceId": "e311d89dbf06",
        "layerId": 36,
        "type": "location",
        "status": "active",
        "urgency": null,
        "info": {
          "name:fa": "ایست بازرسی",
          "date": "",
          "description": "ایست بازرسی",
          "city": "مشهد",
          "province": "استان خراسان رضوی",
          "name:en": "Inspection Station",
          "description:en": "Inspection Station"
        },
        "verificationTag": "verified",
        "expirationDate": null,
        "createdAt": "2026-03-23T12:04:28.596Z",
        "updatedAt": "2026-03-26T02:09:01.294Z",
        "name:en": "Inspection Station",
        "description:en": "Inspection Station"
      }
    },
    {
      "type": "Feature",
      "id": 90942,
      "geometry": {
        "type": "Point",
        "coordinates": [
          52.88748398939924,
          36.29914944705378
        ]
      },
      "properties": {
        "name:fa": "ایست بازرسی",
        "date": "",
        "description": "ایست بازرسی",
        "city": "شیرگاه",
        "province": "استان مازندران",
        "id": "MzY6NjNhZDY3Yzc5MTcz",
        "publicId": "MzY6NjNhZDY3Yzc5MTcz",
        "sourceId": "63ad67c79173",
        "layerId": 36,
        "type": "location",
        "status": "active",
        "urgency": null,
        "info": {
          "name:fa": "ایست بازرسی",
          "date": "",
          "description": "ایست بازرسی",
          "city": "شیرگاه",
          "province": "استان مازندران",
          "name:en": "Inspection Checkpoint",
          "description:en": "Inspection checkpoint"
        },
        "verificationTag": "verified",
        "expirationDate": null,
        "createdAt": "2026-03-23T12:09:00.318Z",
        "updatedAt": "2026-03-26T02:09:01.542Z",
        "name:en": "Inspection Checkpoint",
        "description:en": "Inspection checkpoint"
      }
    },
    {
      "type": "Feature",
      "id": 90943,
      "geometry": {
        "type": "Point",
        "coordinates": [
          52.01246197754412,
          35.688298740391915
        ]
      },
      "properties": {
        "name:fa": "ایست بازرسی",
        "date": "",
        "description": "ایست بازرسی",
        "city": "دماوند",
        "province": "استان تهران",
        "id": "MzY6NjFhZjA2YTkyZWM3",
        "publicId": "MzY6NjFhZjA2YTkyZWM3",
        "sourceId": "61af06a92ec7",
        "layerId": 36,
        "type": "location",
        "status": "active",
        "urgency": null,
        "info": {
          "name:fa": "ایست بازرسی",
          "date": "",
          "description": "ایست بازرسی",
          "city": "دماوند",
          "province": "استان تهران",
          "name:en": "Checkpoint",
          "description:en": "Checkpoint"
        },
        "verificationTag": "verified",
        "expirationDate": null,
        "createdAt": "2026-03-23T12:09:20.506Z",
        "updatedAt": "2026-03-26T02:09:01.606Z",
        "name:en": "Checkpoint",
        "description:en": "Checkpoint"
      }
    },
    {
      "type": "Feature",
      "id": 90944,
      "geometry": {
        "type": "Point",
        "coordinates": [
          47.0249069090454,
          34.34501618082548
        ]
      },
      "properties": {
        "name:fa": "ایست بازرسی",
        "date": "",
        "description": "ایست بازرسی همیشه هست",
        "city": "دره دراز",
        "province": "استان کرمانشاه",
        "id": "MzY6MzA4ZDU5MDdiMTQ0",
        "publicId": "MzY6MzA4ZDU5MDdiMTQ0",
        "sourceId": "308d5907b144",
        "layerId": 36,
        "type": "location",
        "status": "active",
        "urgency": null,
        "info": {
          "name:fa": "ایست بازرسی",
          "date": "",
          "description": "ایست بازرسی همیشه هست",
          "city": "دره دراز",
          "province": "استان کرمانشاه",
          "name:en": "Inspection Station",
          "description:en": "Inspection Station always exists"
        },
        "verificationTag": "verified",
        "expirationDate": null,
        "createdAt": "2026-03-23T12:09:41.551Z",
        "updatedAt": "2026-03-26T02:09:01.664Z",
        "name:en": "Inspection Station",
        "description:en": "Inspection Station always exists"
      }
    },
    {
      "type": "Feature",
      "id": 90945,
      "geometry": {
        "type": "Point",
        "coordinates": [
          47.035758128153105,
          34.29350365563775
        ]
      },
      "properties": {
        "name:fa": "ایست بازرسی",
        "date": "",
        "description": "ایست بازرسی که بیشتر اوقات بعد از تظاهرات و جنگ اینجا میزارن",
        "city": "کرمانشاه",
        "province": "استان کرمانشاه",
        "id": "MzY6YTdiYjE4MjZmY2Uw",
        "publicId": "MzY6YTdiYjE4MjZmY2Uw",
        "sourceId": "a7bb1826fce0",
        "layerId": 36,
        "type": "location",
        "status": "active",
        "urgency": null,
        "info": {
          "name:fa": "ایست بازرسی",
          "date": "",
          "description": "ایست بازرسی که بیشتر اوقات بعد از تظاهرات و جنگ اینجا میزارن",
          "city": "کرمانشاه",
          "province": "استان کرمانشاه",
          "name:en": "Inspection Post",
          "description:en": "An inspection post that is often set up here after demonstrations and conflict"
        },
        "verificationTag": "verified",
        "expirationDate": null,
        "createdAt": "2026-03-23T12:10:08.019Z",
        "updatedAt": "2026-03-26T02:09:01.726Z",
        "name:en": "Inspection Post",
        "description:en": "An inspection post that is often set up here after demonstrations and conflict"
      }
    },
    {
      "type": "Feature",
      "id": 90946,
      "geometry": {
        "type": "Point",
        "coordinates": [
          52.88746307319835,
          36.30537610301508
        ]
      },
      "properties": {
        "name:fa": "ایست بازرسی",
        "date": "",
        "description": "ایست بازرسی",
        "city": "شیرگاه",
        "province": "استان مازندران",
        "id": "MzY6NzVhNTU5MDMyNzFl",
        "publicId": "MzY6NzVhNTU5MDMyNzFl",
        "sourceId": "75a55903271e",
        "layerId": 36,
        "type": "location",
        "status": "active",
        "urgency": null,
        "info": {
          "name:fa": "ایست بازرسی",
          "date": "",
          "description": "ایست بازرسی",
          "city": "شیرگاه",
          "province": "استان مازندران",
          "name:en": "Inspection Checkpoint",
          "description:en": "Inspection checkpoint, a facility or location where inspections and security checks are conducted."
        },
        "verificationTag": "verified",
        "expirationDate": null,
        "createdAt": "2026-03-23T12:10:46.223Z",
        "updatedAt": "2026-03-26T02:09:01.785Z",
        "name:en": "Inspection Checkpoint",
        "description:en": "Inspection checkpoint, a facility or location where inspections and security checks are conducted."
      }
    },
    {
      "type": "Feature",
      "id": 90953,
      "geometry": {
        "type": "Point",
        "coordinates": [
          51.59744608372722,
          32.624966975887375
        ]
      },
      "properties": {
        "name:fa": "مقر یگان ویژه",
        "date": "",
        "description": "",
        "city": "اصفهان",
        "province": "استان اصفهان",
        "id": "MzY6ZGU5ZDdiODE4Y2Rk",
        "publicId": "MzY6ZGU5ZDdiODE4Y2Rk",
        "sourceId": "de9d7b818cdd",
        "layerId": 36,
        "type": "location",
        "status": "active",
        "urgency": null,
        "info": {
          "name:fa": "مقر یگان ویژه",
          "date": "",
          "description": "",
          "city": "اصفهان",
          "province": "استان اصفهان",
          "name:en": "Special Forces Headquarters",
          "description:en": ""
        },
        "verificationTag": "verified",
        "expirationDate": null,
        "createdAt": "2026-03-23T18:29:14.049Z",
        "updatedAt": "2026-03-26T02:09:02.330Z",
        "name:en": "Special Forces Headquarters",
        "description:en": ""
      }
    },
    {
      "type": "Feature",
      "id": 90980,
      "geometry": {
        "type": "Point",
        "coordinates": [
          46.35127404574396,
          38.05693896131237
        ]
      },
      "properties": {
        "name:fa": "مجتمع متعلق به سپاه",
        "date": "",
        "description": "این مجتمع مال سپاه احتمال حمله هست",
        "city": "تبریز",
        "province": "استان آذربایجان شرقی",
        "id": "MzY6ODEwOGNjZjVjZTMw",
        "publicId": "MzY6ODEwOGNjZjVjZTMw",
        "sourceId": "8108ccf5ce30",
        "layerId": 36,
        "type": "location",
        "status": "active",
        "urgency": null,
        "info": {
          "name:fa": "مجتمع متعلق به سپاه",
          "date": "",
          "description": "این مجتمع مال سپاه احتمال حمله هست",
          "city": "تبریز",
          "province": "استان آذربایجان شرقی",
          "name:en": "IRGC-related Complex",
          "description:en": "This complex belongs to the IRGC, there is a possibility of attack"
        },
        "verificationTag": "verified",
        "expirationDate": null,
        "createdAt": "2026-03-24T14:42:15.617Z",
        "updatedAt": "2026-03-26T02:09:03.959Z",
        "name:en": "IRGC-related Complex",
        "description:en": "This complex belongs to the IRGC, there is a possibility of attack"
      }
    },
    {
      "type": "Feature",
      "id": 90987,
      "geometry": {
        "type": "Point",
        "coordinates": [
          49.45056459708141,
          37.47547047513544
        ]
      },
      "properties": {
        "name:fa": "محل تجمع",
        "date": 1773693000,
        "description": "اینجا آموزش پرورشه. ۱۸ و ۱۹ دی اینجا نیرو های مسلح جمع شده بودن. ممکنه باز هم بشن.",
        "city": "بندر انزلی",
        "province": "استان گیلان",
        "id": "MzY6MjhiZmUxNjQ1YmU4",
        "publicId": "MzY6MjhiZmUxNjQ1YmU4",
        "sourceId": "28bfe1645be8",
        "layerId": 36,
        "type": "location",
        "status": "active",
        "urgency": null,
        "info": {
          "name:fa": "محل تجمع",
          "date": 1773693000,
          "description": "اینجا آموزش پرورشه. ۱۸ و ۱۹ دی اینجا نیرو های مسلح جمع شده بودن. ممکنه باز هم بشن.",
          "city": "بندر انزلی",
          "province": "استان گیلان",
          "name:en": "Gathering Place",
          "description:en": "This is an educational/training location. On the 18th and 19th of Dey, armed forces were gathered here. It is possible they may gather here again."
        },
        "verificationTag": "not-verified",
        "expirationDate": null,
        "createdAt": "2026-03-24T21:11:39.029Z",
        "updatedAt": "2026-03-26T02:09:04.406Z",
        "name:en": "Gathering Place",
        "description:en": "This is an educational/training location. On the 18th and 19th of Dey, armed forces were gathered here. It is possible they may gather here again."
      }
    },
    {
      "type": "Feature",
      "id": 90991,
      "geometry": {
        "type": "Point",
        "coordinates": [
          52.53653524581924,
          29.624546932748572
        ]
      },
      "properties": {
        "name:fa": "تجمع بسیجیان",
        "date": 1772742600,
        "description": "سالن با کاربری ورزشی فیک. کل این مجتمع شلمچه سالها مرکز تجمع بسیجیان مسلح بوده و هست. ساختمانهای این بلوک همه متعلق به سپاه از کنار خیابان زند تا خیابان پشت که راه در رو این محوطه بزرگ است. بسیار مهم! چون روبروی‌سپاه شیراز و اداره اطلاعات است سالهاست استفاده نظامی ضد مردمی شده. زیر زمین سپاه شیراز و اداره اطلاعات و کوچه پشتی ان از قبل از انقلاب محل اختفا و شکنجه و دپوی اسلحه است. پشت ساختمان شهر و روستا که متروکه است. تمام درگیریهای شهری از این منطقه مدیریت میشود",
        "city": "شیراز",
        "province": "استان فارس",
        "id": "MzY6N2Y1ZWNmNzBmMTky",
        "publicId": "MzY6N2Y1ZWNmNzBmMTky",
        "sourceId": "7f5ecf70f192",
        "layerId": 36,
        "type": "location",
        "status": "active",
        "urgency": null,
        "info": {
          "name:fa": "تجمع بسیجیان",
          "date": 1772742600,
          "description": "سالن با کاربری ورزشی فیک. کل این مجتمع شلمچه سالها مرکز تجمع بسیجیان مسلح بوده و هست. ساختمانهای این بلوک همه متعلق به سپاه از کنار خیابان زند تا خیابان پشت که راه در رو این محوطه بزرگ است. بسیار مهم! چون روبروی‌سپاه شیراز و اداره اطلاعات است سالهاست استفاده نظامی ضد مردمی شده. زیر زمین سپاه شیراز و اداره اطلاعات و کوچه پشتی ان از قبل از انقلاب محل اختفا و شکنجه و دپوی اسلحه است. پشت ساختمان شهر و روستا که متروکه است. تمام درگیریهای شهری از این منطقه مدیریت میشود",
          "city": "شیراز",
          "province": "استان فارس",
          "name:en": "Basij Assembly Complex",
          "description:en": "A hall with fake sports functionality. The entire Salmicheh complex has been and continues to be a gathering center for armed Basij forces. The buildings of this block all belong to the Revolutionary Guard (IRGC) from Zand Street to Pasht Street, where the entrance to this large compound is located. Very important! Because it faces the IRGC Shiraz and the Information Ministry, it has been used for military purposes against civilians for years. The basement of IRGC Shiraz and the Information Ministry and its adjacent alley have been a place of hiding, torture, and weapons depot since before the revolution. Behind the Urban and Rural Development building, which is abandoned. All urban conflicts are managed from this area."
        },
        "verificationTag": "verified",
        "expirationDate": null,
        "createdAt": "2026-03-24T21:58:46.154Z",
        "updatedAt": "2026-03-26T02:09:04.841Z",
        "name:en": "Basij Assembly Complex",
        "description:en": "A hall with fake sports functionality. The entire Salmicheh complex has been and continues to be a gathering center for armed Basij forces. The buildings of this block all belong to the Revolutionary Guard (IRGC) from Zand Street to Pasht Street, where the entrance to this large compound is located. Very important! Because it faces the IRGC Shiraz and the Information Ministry, it has been used for military purposes against civilians for years. The basement of IRGC Shiraz and the Information Ministry and its adjacent alley have been a place of hiding, torture, and weapons depot since before the revolution. Behind the Urban and Rural Development building, which is abandoned. All urban conflicts are managed from this area."
      }
    },
    {
      "type": "Feature",
      "id": 90992,
      "geometry": {
        "type": "Point",
        "coordinates": [
          52.806457845785786,
          29.88328684755463
        ]
      },
      "properties": {
        "name:fa": "اطلاعات",
        "date": 1771187400,
        "description": "خونه تیمی اطلاعات بسیج در پوشش آموزشگاه خیاطی . طبقه همکف خیاطی طبقه بالا در اختیار اطلاعات بسیج",
        "city": "مرودشت",
        "province": "استان فارس",
        "id": "MzY6YTNkMzZiNTk1NjUz",
        "publicId": "MzY6YTNkMzZiNTk1NjUz",
        "sourceId": "a3d36b595653",
        "layerId": 36,
        "type": "location",
        "status": "active",
        "urgency": null,
        "info": {
          "name:fa": "اطلاعات",
          "date": 1771187400,
          "description": "خونه تیمی اطلاعات بسیج در پوشش آموزشگاه خیاطی . طبقه همکف خیاطی طبقه بالا در اختیار اطلاعات بسیج",
          "city": "مرودشت",
          "province": "استان فارس",
          "name:en": "Ettelaat",
          "description:en": "Information office of Basij volunteer organization housed within a tailoring school. Ground floor dedicated to tailoring, upper floor designated for the Information/Basij office"
        },
        "verificationTag": "not-verified",
        "expirationDate": null,
        "createdAt": "2026-03-24T22:06:47.331Z",
        "updatedAt": "2026-03-26T02:09:04.893Z",
        "name:en": "Ettelaat",
        "description:en": "Information office of Basij volunteer organization housed within a tailoring school. Ground floor dedicated to tailoring, upper floor designated for the Information/Basij office"
      }
    },
    {
      "type": "Feature",
      "id": 90997,
      "geometry": {
        "type": "Point",
        "coordinates": [
          46.361482755405405,
          38.062496903246654
        ]
      },
      "properties": {
        "name:fa": "محل تجمع",
        "date": 1774211400,
        "description": "قنادی پاک مخبر وزارت اطلاعات شب جلوی این مکان افراد مسلح وای می ایستن",
        "city": "تبریز",
        "province": "استان آذربایجان شرقی",
        "id": "MzY6Y2Y4ZmVjZmE1YTJm",
        "publicId": "MzY6Y2Y4ZmVjZmE1YTJm",
        "sourceId": "cf8fecfa5a2f",
        "layerId": 36,
        "type": "location",
        "status": "active",
        "urgency": null,
        "info": {
          "name:fa": "محل تجمع",
          "date": 1774211400,
          "description": "قنادی پاک مخبر وزارت اطلاعات شب جلوی این مکان افراد مسلح وای می ایستن",
          "city": "تبریز",
          "province": "استان آذربایجان شرقی",
          "name:en": "Gathering Place",
          "description:en": "At night, armed men of the Information Ministry's clean-up committee stand guard in front of this place"
        },
        "verificationTag": "not-verified",
        "expirationDate": null,
        "createdAt": "2026-03-24T22:25:49.305Z",
        "updatedAt": "2026-03-26T02:09:05.139Z",
        "name:en": "Gathering Place",
        "description:en": "At night, armed men of the Information Ministry's clean-up committee stand guard in front of this place"
      }
    },
    {
      "type": "Feature",
      "id": 91000,
      "geometry": {
        "type": "Point",
        "coordinates": [
          51.3299295608918,
          35.65980000669265
        ]
      },
      "properties": {
        "name:fa": "نیروی سرکوب",
        "date": 1772051400,
        "description": "خیلی از روز ها دیدیم که از داخل این مکان ماشین های سرکوب و موتور های بسیجی بیرون میاد",
        "city": "تهران",
        "province": "استان تهران",
        "id": "MzY6ODI4NzI4MzkzMDNk",
        "publicId": "MzY6ODI4NzI4MzkzMDNk",
        "sourceId": "82872839303d",
        "layerId": 36,
        "type": "location",
        "status": "active",
        "urgency": null,
        "info": {
          "name:fa": "نیروی سرکوب",
          "date": 1772051400,
          "description": "خیلی از روز ها دیدیم که از داخل این مکان ماشین های سرکوب و موتور های بسیجی بیرون میاد",
          "city": "تهران",
          "province": "استان تهران",
          "name:en": "Serkoob Force",
          "description:en": "We have seen many days that suppression vehicles and Basij motorcycles come out from inside this place"
        },
        "verificationTag": "not-verified",
        "expirationDate": null,
        "createdAt": "2026-03-24T23:13:33.329Z",
        "updatedAt": "2026-03-26T02:09:05.338Z",
        "name:en": "Serkoob Force",
        "description:en": "We have seen many days that suppression vehicles and Basij motorcycles come out from inside this place"
      }
    },
    {
      "type": "Feature",
      "id": 91001,
      "geometry": {
        "type": "Point",
        "coordinates": [
          48.71190851674072,
          31.3603196401139
        ]
      },
      "properties": {
        "name:fa": "مکان تجمع",
        "date": 1773001800,
        "description": "محل اسکان اعضای بسیج و نیروهای مزدور حشد شعبی در این مسجد است. تحت تولیت آیت الله طباطبایی",
        "city": "اهواز",
        "province": "استان خوزستان",
        "id": "MzY6ODNhMjkxZTk2YTIy",
        "publicId": "MzY6ODNhMjkxZTk2YTIy",
        "sourceId": "83a291e96a22",
        "layerId": 36,
        "type": "location",
        "status": "active",
        "urgency": null,
        "info": {
          "name:fa": "مکان تجمع",
          "date": 1773001800,
          "description": "محل اسکان اعضای بسیج و نیروهای مزدور حشد شعبی در این مسجد است. تحت تولیت آیت الله طباطبایی",
          "city": "اهواز",
          "province": "استان خوزستان",
          "name:en": "Gathering Place",
          "description:en": "This mosque serves as an accommodation location for Basij members and mercenary forces of the Popular Mobilization Forces. It is under the supervision of Ayatollah Tabatabai."
        },
        "verificationTag": "verified",
        "expirationDate": null,
        "createdAt": "2026-03-24T23:14:29.156Z",
        "updatedAt": "2026-03-26T02:09:05.601Z",
        "name:en": "Gathering Place",
        "description:en": "This mosque serves as an accommodation location for Basij members and mercenary forces of the Popular Mobilization Forces. It is under the supervision of Ayatollah Tabatabai."
      }
    },
    {
      "type": "Feature",
      "id": 91002,
      "geometry": {
        "type": "Point",
        "coordinates": [
          53.60019207366716,
          28.154633027935063
        ]
      },
      "properties": {
        "name:fa": "تجمع نیرو سرکوب",
        "date": 1774125000,
        "description": "دبیرستان دخترانه زمین پیما روستای بلغان از توابع بخش جویم لارستان استان فارس نیروهای بسیج بخش جویم رو توی این مدرسه مستقر کردن",
        "city": "بلغان",
        "province": "استان فارس",
        "id": "MzY6ZDZmMWE0ZmQ1N2Fh",
        "publicId": "MzY6ZDZmMWE0ZmQ1N2Fh",
        "sourceId": "d6f1a4fd57aa",
        "layerId": 36,
        "type": "location",
        "status": "active",
        "urgency": null,
        "info": {
          "name:fa": "تجمع نیرو سرکوب",
          "date": 1774125000,
          "description": "دبیرستان دخترانه زمین پیما روستای بلغان از توابع بخش جویم لارستان استان فارس نیروهای بسیج بخش جویم رو توی این مدرسه مستقر کردن",
          "city": "بلغان",
          "province": "استان فارس",
          "name:en": "Tajamoe Niroye Sorkob",
          "description:en": "Zamin Pima Girls High School in Balgan village, a subsidiary of Juyom District, Larestan County, Fars Province, where the Basij forces of Juyom District are stationed"
        },
        "verificationTag": "verified",
        "expirationDate": null,
        "createdAt": "2026-03-24T23:15:23.207Z",
        "updatedAt": "2026-03-26T02:09:05.653Z",
        "name:en": "Tajamoe Niroye Sorkob",
        "description:en": "Zamin Pima Girls High School in Balgan village, a subsidiary of Juyom District, Larestan County, Fars Province, where the Basij forces of Juyom District are stationed"
      }
    },
    {
      "type": "Feature",
      "id": 91003,
      "geometry": {
        "type": "Point",
        "coordinates": [
          51.485769886326324,
          35.69641032638218
        ]
      },
      "properties": {
        "name:fa": "نیروی سرکوب",
        "date": 1774211400,
        "description": "هر شب معمولا بین ساعت ۶ عصر تا ۱۰ شب نیروهای سرکوب و بسیجی ها بعضا مسلح میان تو این مسجد جمع میشن و حیدر حیدر میکنن و مرگ بر اسراییل میگن و سر و صدا میکنن",
        "city": "تهران",
        "province": "استان تهران",
        "id": "MzY6NWIwMjJiNzNmYjcz",
        "publicId": "MzY6NWIwMjJiNzNmYjcz",
        "sourceId": "5b022b73fb73",
        "layerId": 36,
        "type": "location",
        "status": "active",
        "urgency": null,
        "info": {
          "name:fa": "نیروی سرکوب",
          "date": 1774211400,
          "description": "هر شب معمولا بین ساعت ۶ عصر تا ۱۰ شب نیروهای سرکوب و بسیجی ها بعضا مسلح میان تو این مسجد جمع میشن و حیدر حیدر میکنن و مرگ بر اسراییل میگن و سر و صدا میکنن",
          "city": "تهران",
          "province": "استان تهران",
          "name:en": "Suppression Force",
          "description:en": "Every night, usually between 6 PM and 10 PM, suppression forces and Basij militia members, sometimes armed, gather in this mosque and chant 'Haydar Haydar' and 'Death to Israel' and make noise."
        },
        "verificationTag": "verified",
        "expirationDate": null,
        "createdAt": "2026-03-24T23:17:38.809Z",
        "updatedAt": "2026-03-26T02:09:05.717Z",
        "name:en": "Suppression Force",
        "description:en": "Every night, usually between 6 PM and 10 PM, suppression forces and Basij militia members, sometimes armed, gather in this mosque and chant 'Haydar Haydar' and 'Death to Israel' and make noise."
      }
    },
    {
      "type": "Feature",
      "id": 91004,
      "geometry": {
        "type": "Point",
        "coordinates": [
          59.52359417776697,
          36.31809776374594
        ]
      },
      "properties": {
        "name:fa": "نیرو سرکوب",
        "date": 1772397000,
        "description": "1401 از این ساختمان نیروی بسیجی و لباس شخصی بیرون می آمد",
        "city": "مشهد",
        "province": "استان خراسان رضوی",
        "id": "MzY6YWI2MzVhYmNiNTAx",
        "publicId": "MzY6YWI2MzVhYmNiNTAx",
        "sourceId": "ab635abcb501",
        "layerId": 36,
        "type": "location",
        "status": "active",
        "urgency": null,
        "info": {
          "name:fa": "نیرو سرکوب",
          "date": 1772397000,
          "description": "1401 از این ساختمان نیروی بسیجی و لباس شخصی بیرون می آمد",
          "city": "مشهد",
          "province": "استان خراسان رضوی",
          "name:en": "Niru Sarkob",
          "description:en": "In 1401 (2022), Basij forces and plainclothes personnel were coming out of this building"
        },
        "verificationTag": "not-verified",
        "expirationDate": null,
        "createdAt": "2026-03-24T23:30:44.285Z",
        "updatedAt": "2026-03-26T02:09:05.792Z",
        "name:en": "Niru Sarkob",
        "description:en": "In 1401 (2022), Basij forces and plainclothes personnel were coming out of this building"
      }
    },
    {
      "type": "Feature",
      "id": 91005,
      "geometry": {
        "type": "Point",
        "coordinates": [
          46.32592730866065,
          38.06659799114394
        ]
      },
      "properties": {
        "name:fa": "نیروی سرکوب",
        "date": 1774211400,
        "description": "مرکز تجمع نیرو سرکوب وبسیج",
        "city": "تبریز",
        "province": "استان آذربایجان شرقی",
        "id": "MzY6MGJlNjhhMzJjNzky",
        "publicId": "MzY6MGJlNjhhMzJjNzky",
        "sourceId": "0be68a32c792",
        "layerId": 36,
        "type": "location",
        "status": "active",
        "urgency": null,
        "info": {
          "name:fa": "نیروی سرکوب",
          "date": 1774211400,
          "description": "مرکز تجمع نیرو سرکوب وبسیج",
          "city": "تبریز",
          "province": "استان آذربایجان شرقی",
          "name:en": "Nirou Sarkob",
          "description:en": "Nirou Sarkob force gathering center and Basij"
        },
        "verificationTag": "not-verified",
        "expirationDate": null,
        "createdAt": "2026-03-24T23:31:26.777Z",
        "updatedAt": "2026-03-26T02:09:05.853Z",
        "name:en": "Nirou Sarkob",
        "description:en": "Nirou Sarkob force gathering center and Basij"
      }
    },
    {
      "type": "Feature",
      "id": 91255,
      "geometry": {
        "type": "Point",
        "coordinates": [
          51.36997622727705,
          35.698297269907854
        ]
      },
      "properties": {
        "name:fa": "تجمع سرکوبگران",
        "date": "",
        "description": "مرکز تجمع بسیجی های این منطقه",
        "city": "تهران",
        "province": "استان تهران",
        "id": "MzY6YTkxZmQ3MTk1ZGIx",
        "publicId": "MzY6YTkxZmQ3MTk1ZGIx",
        "sourceId": "a91fd7195db1",
        "layerId": 36,
        "type": "location",
        "status": "active",
        "urgency": null,
        "info": {
          "name:fa": "تجمع سرکوبگران",
          "date": "",
          "description": "مرکز تجمع بسیجی های این منطقه",
          "city": "تهران",
          "province": "استان تهران",
          "name:en": "Gatherers Assembly",
          "description:en": "Gathering center for the Basiji forces of this region"
        },
        "verificationTag": "verified",
        "expirationDate": null,
        "createdAt": "2026-03-25T00:01:47.283Z",
        "updatedAt": "2026-03-26T02:09:26.287Z",
        "name:en": "Gatherers Assembly",
        "description:en": "Gathering center for the Basiji forces of this region"
      }
    },
    {
      "type": "Feature",
      "id": 91256,
      "geometry": {
        "type": "Point",
        "coordinates": [
          50.874359881100986,
          34.62661578597235
        ]
      },
      "properties": {
        "name:fa": "پایگاه بسیج",
        "date": "",
        "description": "زیر زمین مسجد محل جمع شدن بسیجی ها و اسلحه‌ ها",
        "city": "قم",
        "province": "استان قم",
        "id": "MzY6MzllODg3Njk4ODZh",
        "publicId": "MzY6MzllODg3Njk4ODZh",
        "sourceId": "39e88769886a",
        "layerId": 36,
        "type": "location",
        "status": "active",
        "urgency": null,
        "info": {
          "name:fa": "پایگاه بسیج",
          "date": "",
          "description": "زیر زمین مسجد محل جمع شدن بسیجی ها و اسلحه‌ ها",
          "city": "قم",
          "province": "استان قم",
          "name:en": "Basij Base",
          "description:en": "Underground basement of a mosque serving as a gathering place for Basij members and storage for weapons"
        },
        "verificationTag": "verified",
        "expirationDate": null,
        "createdAt": "2026-03-25T00:03:07.597Z",
        "updatedAt": "2026-03-26T02:09:26.348Z",
        "name:en": "Basij Base",
        "description:en": "Underground basement of a mosque serving as a gathering place for Basij members and storage for weapons"
      }
    },
    {
      "type": "Feature",
      "id": 91257,
      "geometry": {
        "type": "Point",
        "coordinates": [
          54.42255325323379,
          31.563699769192453
        ]
      },
      "properties": {
        "name:fa": "تجمع سرکوبگران",
        "date": "",
        "description": "محل تجمع بسیجیان مهریز",
        "city": "مهریز",
        "province": "استان یزد",
        "id": "MzY6MTgxMGUxN2Q4Njk0",
        "publicId": "MzY6MTgxMGUxN2Q4Njk0",
        "sourceId": "1810e17d8694",
        "layerId": 36,
        "type": "location",
        "status": "active",
        "urgency": null,
        "info": {
          "name:fa": "تجمع سرکوبگران",
          "date": "",
          "description": "محل تجمع بسیجیان مهریز",
          "city": "مهریز",
          "province": "استان یزد",
          "name:en": "Gathering of the Suppressors",
          "description:en": "A gathering place for the Basij members of Mehriz"
        },
        "verificationTag": "verified",
        "expirationDate": null,
        "createdAt": "2026-03-25T00:05:38.844Z",
        "updatedAt": "2026-03-26T02:09:26.404Z",
        "name:en": "Gathering of the Suppressors",
        "description:en": "A gathering place for the Basij members of Mehriz"
      }
    },
    {
      "type": "Feature",
      "id": 91258,
      "geometry": {
        "type": "Point",
        "coordinates": [
          49.22484122060908,
          36.149694624919434
        ]
      },
      "properties": {
        "name:fa": "استقرار سرکوبگران",
        "date": "",
        "description": "مدرسه - محل استقرار نیروی بسیج و لباس شخصی",
        "city": "ابهر",
        "province": "استان زنجان",
        "id": "MzY6M2RlZDc5NjcyOGJh",
        "publicId": "MzY6M2RlZDc5NjcyOGJh",
        "sourceId": "3ded796728ba",
        "layerId": 36,
        "type": "location",
        "status": "active",
        "urgency": null,
        "info": {
          "name:fa": "استقرار سرکوبگران",
          "date": "",
          "description": "مدرسه - محل استقرار نیروی بسیج و لباس شخصی",
          "city": "ابهر",
          "province": "استان زنجان",
          "name:en": "Sarkoubgarans Settlement",
          "description:en": "School - a location where Basij forces were stationed and plainclothes personnel operated"
        },
        "verificationTag": "verified",
        "expirationDate": null,
        "createdAt": "2026-03-25T00:06:39.860Z",
        "updatedAt": "2026-03-26T02:09:26.468Z",
        "name:en": "Sarkoubgarans Settlement",
        "description:en": "School - a location where Basij forces were stationed and plainclothes personnel operated"
      }
    },
    {
      "type": "Feature",
      "id": 91259,
      "geometry": {
        "type": "Point",
        "coordinates": [
          51.520920227856095,
          32.69879266575353
        ]
      },
      "properties": {
        "name:fa": "استقرار سرکوبگران",
        "date": "",
        "description": "محل استقرار نیروهای امنیتی ،بسیجی",
        "city": "خمینی شهر",
        "province": "استان اصفهان",
        "id": "MzY6YzY1MzA2OWVhM2Rl",
        "publicId": "MzY6YzY1MzA2OWVhM2Rl",
        "sourceId": "c653069ea3de",
        "layerId": 36,
        "type": "location",
        "status": "active",
        "urgency": null,
        "info": {
          "name:fa": "استقرار سرکوبگران",
          "date": "",
          "description": "محل استقرار نیروهای امنیتی ،بسیجی",
          "city": "خمینی شهر",
          "province": "استان اصفهان",
          "name:en": "Oppressor Base",
          "description:en": "Location of security forces and Basij stationed"
        },
        "verificationTag": "verified",
        "expirationDate": null,
        "createdAt": "2026-03-25T00:07:01.522Z",
        "updatedAt": "2026-03-26T02:09:26.528Z",
        "name:en": "Oppressor Base",
        "description:en": "Location of security forces and Basij stationed"
      }
    },
    {
      "type": "Feature",
      "id": 91260,
      "geometry": {
        "type": "Point",
        "coordinates": [
          51.477685919791384,
          35.72505667100354
        ]
      },
      "properties": {
        "name:fa": "تجمع سرکوبگران",
        "date": "",
        "description": "محل تجمع بسیج و نیروی سرکوبگر",
        "city": "تهران",
        "province": "استان تهران",
        "id": "MzY6YmQyYWE1Njc3Mzgy",
        "publicId": "MzY6YmQyYWE1Njc3Mzgy",
        "sourceId": "bd2aa5677382",
        "layerId": 36,
        "type": "location",
        "status": "active",
        "urgency": null,
        "info": {
          "name:fa": "تجمع سرکوبگران",
          "date": "",
          "description": "محل تجمع بسیج و نیروی سرکوبگر",
          "city": "تهران",
          "province": "استان تهران",
          "name:en": "Sarkoubgar Gathering",
          "description:en": "Gathering place of Basij and suppressive forces"
        },
        "verificationTag": "verified",
        "expirationDate": null,
        "createdAt": "2026-03-25T00:08:14.825Z",
        "updatedAt": "2026-03-26T02:09:26.591Z",
        "name:en": "Sarkoubgar Gathering",
        "description:en": "Gathering place of Basij and suppressive forces"
      }
    },
    {
      "type": "Feature",
      "id": 91261,
      "geometry": {
        "type": "Point",
        "coordinates": [
          50.85601746782973,
          34.618725432426714
        ]
      },
      "properties": {
        "name:fa": "تجمع سرکوبگران",
        "date": "",
        "description": "محل تجمع بسیجی های لباس شخصی",
        "city": "قم",
        "province": "استان قم",
        "id": "MzY6ZmNmMjVmMTU1Y2Rk",
        "publicId": "MzY6ZmNmMjVmMTU1Y2Rk",
        "sourceId": "fcf25f155cdd",
        "layerId": 36,
        "type": "location",
        "status": "active",
        "urgency": null,
        "info": {
          "name:fa": "تجمع سرکوبگران",
          "date": "",
          "description": "محل تجمع بسیجی های لباس شخصی",
          "city": "قم",
          "province": "استان قم",
          "name:en": "Tafagom-e Sarkobgaran",
          "description:en": "Gathering place of plainclothes Basij forces"
        },
        "verificationTag": "verified",
        "expirationDate": null,
        "createdAt": "2026-03-25T00:08:47.647Z",
        "updatedAt": "2026-03-26T02:09:26.852Z",
        "name:en": "Tafagom-e Sarkobgaran",
        "description:en": "Gathering place of plainclothes Basij forces"
      }
    },
    {
      "type": "Feature",
      "id": 91262,
      "geometry": {
        "type": "Point",
        "coordinates": [
          50.86967318387775,
          34.59999550505485
        ]
      },
      "properties": {
        "name:fa": "تجمع سرکوبگران",
        "date": "",
        "description": "محل جمع شدن بسیجی ها",
        "city": "قم",
        "province": "استان قم",
        "id": "MzY6NmY0NzRmMjRjZWY0",
        "publicId": "MzY6NmY0NzRmMjRjZWY0",
        "sourceId": "6f474f24cef4",
        "layerId": 36,
        "type": "location",
        "status": "active",
        "urgency": null,
        "info": {
          "name:fa": "تجمع سرکوبگران",
          "date": "",
          "description": "محل جمع شدن بسیجی ها",
          "city": "قم",
          "province": "استان قم",
          "name:en": "Sergobgan Gathering",
          "description:en": "A gathering place for Basij members"
        },
        "verificationTag": "verified",
        "expirationDate": null,
        "createdAt": "2026-03-25T00:09:23.212Z",
        "updatedAt": "2026-03-26T02:09:26.909Z",
        "name:en": "Sergobgan Gathering",
        "description:en": "A gathering place for Basij members"
      }
    },
    {
      "type": "Feature",
      "id": 91263,
      "geometry": {
        "type": "Point",
        "coordinates": [
          50.860790801819604,
          34.628544998029454
        ]
      },
      "properties": {
        "name:fa": "تجمع سرکوبگران",
        "date": "",
        "description": "محل جمع شدن بسیجی ها و موتور سوار ها",
        "city": "قم",
        "province": "استان قم",
        "id": "MzY6YjQwMjdhNmE0ZGIz",
        "publicId": "MzY6YjQwMjdhNmE0ZGIz",
        "sourceId": "b4027a6a4db3",
        "layerId": 36,
        "type": "location",
        "status": "active",
        "urgency": null,
        "info": {
          "name:fa": "تجمع سرکوبگران",
          "date": "",
          "description": "محل جمع شدن بسیجی ها و موتور سوار ها",
          "city": "قم",
          "province": "استان قم",
          "name:en": "Oppressors' Gathering",
          "description:en": "A gathering place for Basij members and motorcyclists"
        },
        "verificationTag": "verified",
        "expirationDate": null,
        "createdAt": "2026-03-25T00:09:48.138Z",
        "updatedAt": "2026-03-26T02:09:26.974Z",
        "name:en": "Oppressors' Gathering",
        "description:en": "A gathering place for Basij members and motorcyclists"
      }
    },
    {
      "type": "Feature",
      "id": 91264,
      "geometry": {
        "type": "Point",
        "coordinates": [
          50.878161730868044,
          34.616197840208415
        ]
      },
      "properties": {
        "name:fa": "تجمع و استقرار سرکوبگران",
        "date": "",
        "description": "محل جمع شدن بسیجی ها و اسلحه‌های جنگی نگه داری میشه",
        "city": "قم",
        "province": "استان قم",
        "id": "MzY6NDI3NzRjNzkxZWZm",
        "publicId": "MzY6NDI3NzRjNzkxZWZm",
        "sourceId": "42774c791eff",
        "layerId": 36,
        "type": "location",
        "status": "active",
        "urgency": null,
        "info": {
          "name:fa": "تجمع و استقرار سرکوبگران",
          "date": "",
          "description": "محل جمع شدن بسیجی ها و اسلحه‌های جنگی نگه داری میشه",
          "city": "قم",
          "province": "استان قم",
          "name:en": "Suppressors Assembly and Settlement Point",
          "description:en": "A gathering place for militias where military weapons are stored"
        },
        "verificationTag": "verified",
        "expirationDate": null,
        "createdAt": "2026-03-25T00:10:35.683Z",
        "updatedAt": "2026-03-26T02:09:27.036Z",
        "name:en": "Suppressors Assembly and Settlement Point",
        "description:en": "A gathering place for militias where military weapons are stored"
      }
    },
    {
      "type": "Feature",
      "id": 91265,
      "geometry": {
        "type": "Point",
        "coordinates": [
          51.46154560445041,
          35.73380798110418
        ]
      },
      "properties": {
        "name:fa": "تجمع سرکوبگران",
        "date": "",
        "description": "محل تجمع بسیجی ها",
        "city": "تهران",
        "province": "استان تهران",
        "id": "MzY6M2YzNGQ1OGNiZjM1",
        "publicId": "MzY6M2YzNGQ1OGNiZjM1",
        "sourceId": "3f34d58cbf35",
        "layerId": 36,
        "type": "location",
        "status": "active",
        "urgency": null,
        "info": {
          "name:fa": "تجمع سرکوبگران",
          "date": "",
          "description": "محل تجمع بسیجی ها",
          "city": "تهران",
          "province": "استان تهران",
          "name:en": "Gathering of Suppressors",
          "description:en": "Assembly place for Basij members"
        },
        "verificationTag": "verified",
        "expirationDate": null,
        "createdAt": "2026-03-25T00:11:12.057Z",
        "updatedAt": "2026-03-26T02:09:27.102Z",
        "name:en": "Gathering of Suppressors",
        "description:en": "Assembly place for Basij members"
      }
    },
    {
      "type": "Feature",
      "id": 91266,
      "geometry": {
        "type": "Point",
        "coordinates": [
          51.23054431799741,
          35.5237097133553
        ]
      },
      "properties": {
        "name:fa": "تجمع سرکوبگران",
        "date": "",
        "description": "پایگاه بسیج محلی - محل جمع شدن نیرو های آتش به اختیار سرکوب",
        "city": "اسلامشهر",
        "province": "استان تهران",
        "id": "MzY6YTdlMzMyZTJlNzJi",
        "publicId": "MzY6YTdlMzMyZTJlNzJi",
        "sourceId": "a7e332e2e72b",
        "layerId": 36,
        "type": "location",
        "status": "active",
        "urgency": null,
        "info": {
          "name:fa": "تجمع سرکوبگران",
          "date": "",
          "description": "پایگاه بسیج محلی - محل جمع شدن نیرو های آتش به اختیار سرکوب",
          "city": "اسلامشهر",
          "province": "استان تهران",
          "name:en": "Sarkoubesaran Gathering",
          "description:en": "Local Basij Base - Assembly point for fire suppression forces"
        },
        "verificationTag": "verified",
        "expirationDate": null,
        "createdAt": "2026-03-25T00:11:42.501Z",
        "updatedAt": "2026-03-26T02:09:27.160Z",
        "name:en": "Sarkoubesaran Gathering",
        "description:en": "Local Basij Base - Assembly point for fire suppression forces"
      }
    },
    {
      "type": "Feature",
      "id": 91267,
      "geometry": {
        "type": "Point",
        "coordinates": [
          52.53283254637239,
          29.61928967238221
        ]
      },
      "properties": {
        "name:fa": "تجمع سرکوبگران",
        "date": "",
        "description": "مسجد خیرات محل تجمع بسیجیان مسلح",
        "city": "شیراز",
        "province": "استان فارس",
        "id": "MzY6ZmY5ZWRkN2ZiMDVi",
        "publicId": "MzY6ZmY5ZWRkN2ZiMDVi",
        "sourceId": "ff9edd7fb05b",
        "layerId": 36,
        "type": "location",
        "status": "active",
        "urgency": null,
        "info": {
          "name:fa": "تجمع سرکوبگران",
          "date": "",
          "description": "مسجد خیرات محل تجمع بسیجیان مسلح",
          "city": "شیراز",
          "province": "استان فارس",
          "name:en": "Sarkobaggaran Gathering",
          "description:en": "Kheirat Mosque, gathering place of armed Basij members"
        },
        "verificationTag": "verified",
        "expirationDate": null,
        "createdAt": "2026-03-25T00:12:18.757Z",
        "updatedAt": "2026-03-26T02:09:27.223Z",
        "name:en": "Sarkobaggaran Gathering",
        "description:en": "Kheirat Mosque, gathering place of armed Basij members"
      }
    },
    {
      "type": "Feature",
      "id": 91268,
      "geometry": {
        "type": "Point",
        "coordinates": [
          48.685252890541676,
          31.343703780838936
        ]
      },
      "properties": {
        "name:fa": "تجمع سرکوبگران",
        "date": "",
        "description": "مسجد در خیابان چهار شرقی کیانپارس در زمان اعتراضات ۱۸،۱۹ دی از این مکان پهباد بلند میشد و محل استقرار نیروی سرکوب افراد مسلح بسیج و محل بازداشت افراد معترض",
        "city": "اهواز",
        "province": "استان خوزستان",
        "id": "MzY6NTg4ZjBhMTVhMTk3",
        "publicId": "MzY6NTg4ZjBhMTVhMTk3",
        "sourceId": "588f0a15a197",
        "layerId": 36,
        "type": "location",
        "status": "active",
        "urgency": null,
        "info": {
          "name:fa": "تجمع سرکوبگران",
          "date": "",
          "description": "مسجد در خیابان چهار شرقی کیانپارس در زمان اعتراضات ۱۸،۱۹ دی از این مکان پهباد بلند میشد و محل استقرار نیروی سرکوب افراد مسلح بسیج و محل بازداشت افراد معترض",
          "city": "اهواز",
          "province": "استان خوزستان",
          "name:en": "Sarkobgaran Assembly",
          "description:en": "A mosque on Chahar Sharqi Street in Kianshahr that served as a base for armed suppression forces and Basij militia during the protests of December 18-19, where drones were launched and protesters were detained."
        },
        "verificationTag": "verified",
        "expirationDate": null,
        "createdAt": "2026-03-25T00:13:10.189Z",
        "updatedAt": "2026-03-26T02:09:27.283Z",
        "name:en": "Sarkobgaran Assembly",
        "description:en": "A mosque on Chahar Sharqi Street in Kianshahr that served as a base for armed suppression forces and Basij militia during the protests of December 18-19, where drones were launched and protesters were detained."
      }
    },
    {
      "type": "Feature",
      "id": 91270,
      "geometry": {
        "type": "Point",
        "coordinates": [
          51.196365462358955,
          35.765464137038876
        ]
      },
      "properties": {
        "name:fa": "تجمع نیروهای سرکوب ",
        "date": "",
        "description": "پایگاه بسیج ( با اسم جعلی و پوششی مقبره الشهدا ) محل تجمع و هماهنگی نیروهای سرکوب . شبها از اونجا صدای تک تیراندازی میاد . یا برای ترسوندن مردمه یا تمرین تیراندازی",
        "city": "شهرستان تهران",
        "province": "استان تهران",
        "id": "MzY6MjljOGI4NWYyM2Yz",
        "publicId": "MzY6MjljOGI4NWYyM2Yz",
        "sourceId": "29c8b85f23f3",
        "layerId": 36,
        "type": "location",
        "status": "active",
        "urgency": null,
        "info": {
          "name:fa": "تجمع نیروهای سرکوب ",
          "date": "",
          "description": "پایگاه بسیج ( با اسم جعلی و پوششی مقبره الشهدا ) محل تجمع و هماهنگی نیروهای سرکوب . شبها از اونجا صدای تک تیراندازی میاد . یا برای ترسوندن مردمه یا تمرین تیراندازی",
          "city": "شهرستان تهران",
          "province": "استان تهران",
          "name:en": "Repression Forces Gathering",
          "description:en": "A Basij base (under the fake cover name of Shahada Mausoleum) serving as a gathering and coordination point for repression forces. At night, sounds of single gunshots come from there. Either for intimidating people or for shooting practice."
        },
        "verificationTag": "verified",
        "expirationDate": null,
        "createdAt": "2026-03-25T00:15:55.520Z",
        "updatedAt": "2026-03-26T02:09:27.418Z",
        "name:en": "Repression Forces Gathering",
        "description:en": "A Basij base (under the fake cover name of Shahada Mausoleum) serving as a gathering and coordination point for repression forces. At night, sounds of single gunshots come from there. Either for intimidating people or for shooting practice."
      }
    },
    {
      "type": "Feature",
      "id": 91271,
      "geometry": {
        "type": "Point",
        "coordinates": [
          51.449231659676514,
          35.682248122846815
        ]
      },
      "properties": {
        "name:fa": "استقرار سرکوبگران",
        "date": "",
        "description": "محل استقرار نیرو ها سرکوب و بسیجی",
        "city": "تهران",
        "province": "استان تهران",
        "id": "MzY6ZGEyN2U3YzA1NjNh",
        "publicId": "MzY6ZGEyN2U3YzA1NjNh",
        "sourceId": "da27e7c0563a",
        "layerId": 36,
        "type": "location",
        "status": "active",
        "urgency": null,
        "info": {
          "name:fa": "استقرار سرکوبگران",
          "date": "",
          "description": "محل استقرار نیرو ها سرکوب و بسیجی",
          "city": "تهران",
          "province": "استان تهران",
          "name:en": "Suppressor Garrison",
          "description:en": "The garrison and stationing location of suppressive and mobilization forces"
        },
        "verificationTag": "not-verified",
        "expirationDate": null,
        "createdAt": "2026-03-25T00:16:39.177Z",
        "updatedAt": "2026-03-26T02:09:27.684Z",
        "name:en": "Suppressor Garrison",
        "description:en": "The garrison and stationing location of suppressive and mobilization forces"
      }
    },
    {
      "type": "Feature",
      "id": 91285,
      "geometry": {
        "type": "Point",
        "coordinates": [
          46.02228093583406,
          34.42588852572044
        ]
      },
      "properties": {
        "name:fa": "سوله و انبار جای موشک ",
        "date": 1774125000,
        "description": " 10 km نتظار من سرباز ارتش در این منطقه بودم اینها همه سوله و انبار جای موشک هستش",
        "city": "شهرستان دالاهو",
        "province": "استان کرمانشاه",
        "id": "MzY6NjFiMTVkOWM4MjY2",
        "publicId": "MzY6NjFiMTVkOWM4MjY2",
        "sourceId": "61b15d9c8266",
        "layerId": 36,
        "type": "location",
        "status": "active",
        "urgency": null,
        "info": {
          "name:fa": "سوله و انبار جای موشک ",
          "date": 1774125000,
          "description": " 10 km نتظار من سرباز ارتش در این منطقه بودم اینها همه سوله و انبار جای موشک هستش",
          "city": "شهرستان دالاهو",
          "province": "استان کرمانشاه",
          "name:en": "Missile Storage Hangars and Warehouses",
          "description:en": "10 km away. I was waiting as an army soldier in this area. These are all missile storage hangars and warehouses."
        },
        "verificationTag": "not-verified",
        "expirationDate": null,
        "createdAt": "2026-03-25T08:32:42.141Z",
        "updatedAt": "2026-03-26T02:09:28.649Z",
        "name:en": "Missile Storage Hangars and Warehouses",
        "description:en": "10 km away. I was waiting as an army soldier in this area. These are all missile storage hangars and warehouses."
      }
    },
    {
      "type": "Feature",
      "id": 91341,
      "geometry": {
        "type": "Point",
        "coordinates": [
          49.653564489308565,
          36.65934907684726
        ]
      },
      "properties": {
        "name:fa": "بنر هیتلر و خامنه ای",
        "date": "",
        "description": "",
        "sources": "https://x.com/aahmadiyan/status/2036680484584071334",
        "city": "شهرستان رودبار",
        "province": "استان گیلان",
        "id": "MzY6YTIyNWEyZDAxZDVh",
        "publicId": "MzY6YTIyNWEyZDAxZDVh",
        "sourceId": "a225a2d01d5a",
        "layerId": 36,
        "type": "location",
        "status": "active",
        "urgency": null,
        "info": {
          "name:fa": "بنر هیتلر و خامنه ای",
          "date": "",
          "description": "",
          "sources": "https://x.com/aahmadiyan/status/2036680484584071334",
          "city": "شهرستان رودبار",
          "province": "استان گیلان",
          "name:en": "Banner of Hitler and Khamenei",
          "description:en": ""
        },
        "verificationTag": "verified",
        "expirationDate": null,
        "createdAt": "2026-03-25T16:31:25.313Z",
        "updatedAt": "2026-03-26T02:09:33.004Z",
        "name:en": "Banner of Hitler and Khamenei",
        "description:en": ""
      }
    },
    {
      "type": "Feature",
      "id": 91343,
      "geometry": {
        "type": "Point",
        "coordinates": [
          57.05096418554382,
          30.27998488490907
        ]
      },
      "properties": {
        "name:fa": "تجمع نیروی سرکوب",
        "city": "کرمان",
        "province": "کرمان",
        "date": 1774384200,
        "description": "این مدرسه شده پایگاه خطرناک ترین سرکوبگران ،نه بچه بسیجی ها و سوسول ها شون از کوچه کناری این مدرسه یهو کلی موتوری میریزه بیرون خیلی هاشون بدون ماسکن ، تو کرمان خیلی پر رو هستن ، و واقعا همشون قاتلای خطرناک هستن بازم میگم هیچکدوم بچه نبودن",
        "id": "MzY6OTczYTA0OGE3YjRh",
        "publicId": "MzY6OTczYTA0OGE3YjRh",
        "sourceId": "973a048a7b4a",
        "layerId": 36,
        "type": "location",
        "status": "active",
        "urgency": null,
        "info": {
          "name:fa": "تجمع نیروی سرکوب",
          "city": "کرمان",
          "province": "کرمان",
          "date": 1774384200,
          "description": "این مدرسه شده پایگاه خطرناک ترین سرکوبگران ،نه بچه بسیجی ها و سوسول ها شون از کوچه کناری این مدرسه یهو کلی موتوری میریزه بیرون خیلی هاشون بدون ماسکن ، تو کرمان خیلی پر رو هستن ، و واقعا همشون قاتلای خطرناک هستن بازم میگم هیچکدوم بچه نبودن",
          "name:en": "Takammu-ye Niruye Serkoub",
          "description:en": "This school has become a dangerous stronghold of the most brutal suppressors, not just young Basij members and their thugs. From the side streets near this school, many motorcyclists suddenly pour out, many without masks. They are very prevalent in Kerman, and they are truly all dangerous killers. I say again, none of them were children."
        },
        "verificationTag": "verified",
        "expirationDate": null,
        "createdAt": "2026-03-26T02:59:25.442Z",
        "updatedAt": "2026-03-26T03:14:18.681Z",
        "name:en": "Takammu-ye Niruye Serkoub",
        "description:en": "This school has become a dangerous stronghold of the most brutal suppressors, not just young Basij members and their thugs. From the side streets near this school, many motorcyclists suddenly pour out, many without masks. They are very prevalent in Kerman, and they are truly all dangerous killers. I say again, none of them were children."
      }
    },
    {
      "type": "Feature",
      "id": 91345,
      "geometry": {
        "type": "Point",
        "coordinates": [
          51.31598616870127,
          35.70112891712678
        ]
      },
      "properties": {
        "name:fa": "ایست بازرسی",
        "city": "تهران",
        "province": "استان تهران",
        "date": 1774211400,
        "description": "ایست بازرسی، به صورت رندوم هستن ولی از لوکیشن‌های اصلی اکباتان‌ه، همون اوایل نفیسی وایمسیتن که هیچ راه در رویی نباشه، قبلا یک طرف وایمیستادن معمولا، الان هر دو سمت، خیلی هم سلاح و اینا زیاد دارن و اکثرا با لباس شخصی‌ن.",
        "id": "MzY6OWY3MzI0NDJiNTAw",
        "publicId": "MzY6OWY3MzI0NDJiNTAw",
        "sourceId": "9f732442b500",
        "layerId": 36,
        "type": "location",
        "status": "active",
        "urgency": null,
        "info": {
          "name:fa": "ایست بازرسی",
          "city": "تهران",
          "province": "استان تهران",
          "date": 1774211400,
          "description": "ایست بازرسی، به صورت رندوم هستن ولی از لوکیشن‌های اصلی اکباتان‌ه، همون اوایل نفیسی وایمسیتن که هیچ راه در رویی نباشه، قبلا یک طرف وایمیستادن معمولا، الان هر دو سمت، خیلی هم سلاح و اینا زیاد دارن و اکثرا با لباس شخصی‌ن.",
          "name:en": "Inspection Checkpoint",
          "description:en": "Inspection checkpoints are randomly located but are from the main locations in Ekbatan. They are at the beginning of Nafisi, near Waimistan, where there are no through roads. Previously they used to stand on one side usually, now they are on both sides. They carry a lot of weapons and equipment, and mostly wear civilian clothes."
        },
        "verificationTag": "not-verified",
        "expirationDate": null,
        "createdAt": "2026-03-26T03:15:33.919Z",
        "updatedAt": "2026-03-26T03:15:33.919Z",
        "name:en": "Inspection Checkpoint",
        "description:en": "Inspection checkpoints are randomly located but are from the main locations in Ekbatan. They are at the beginning of Nafisi, near Waimistan, where there are no through roads. Previously they used to stand on one side usually, now they are on both sides. They carry a lot of weapons and equipment, and mostly wear civilian clothes."
      }
    },
    {
      "type": "Feature",
      "id": 91588,
      "geometry": {
        "type": "Point",
        "coordinates": [
          50.28363545171712,
          37.161708975740424
        ]
      },
      "properties": {
        "name:fa": "سوله اطلاعات سپاه",
        "description": "سوله برای اطلاعات سپاه. رفت و آماد توش کم بود اما این مدت بیشتر شده",
        "date": 1773429478,
        "city": "احمدآباد",
        "province": "استان گیلان",
        "id": "MzY6YTI3MWZjMWRiMTMy",
        "publicId": "MzY6YTI3MWZjMWRiMTMy",
        "sourceId": "a271fc1db132",
        "layerId": 36,
        "type": "location",
        "status": "active",
        "urgency": null,
        "info": {
          "name:fa": "سوله اطلاعات سپاه",
          "description": "سوله برای اطلاعات سپاه. رفت و آماد توش کم بود اما این مدت بیشتر شده",
          "date": 1773429478,
          "city": "احمدآباد",
          "province": "استان گیلان",
          "name:en": "Sepah Information Warehouse",
          "description:en": "A warehouse for Sepah information. Traffic in and out was minimal, but it has increased during this period"
        },
        "verificationTag": "not-verified",
        "expirationDate": null,
        "createdAt": "2026-03-13T19:17:58.676Z",
        "updatedAt": "2026-03-26T23:40:11.984Z",
        "name:en": "Sepah Information Warehouse",
        "description:en": "A warehouse for Sepah information. Traffic in and out was minimal, but it has increased during this period"
      }
    },
    {
      "type": "Feature",
      "id": 91589,
      "geometry": {
        "type": "Point",
        "coordinates": [
          51.382822973384236,
          35.68502835860164
        ]
      },
      "properties": {
        "name:fa": "ستاد فرماندهی سلمان فارسی",
        "description": "ستاد فرماندهی سلمان فارسی بسیج و گردان های امام علی و محل دپوی تجهیزات و ادوات نظامی و لجستیکی و محل مخفی نیروهای اطلاعات سپاه . بدلیل اینکه بیش از یک نقطه را نمی توان علامت گزاری کرد ، محل استقرار و دپو را در چند گزارش ارسال می کنم. محل استقرار فاطی کماندوها",
        "date": 1773131914,
        "city": "تهران",
        "province": "استان تهران",
        "id": "MzY6OWRmNGU4OTE0YmIz",
        "publicId": "MzY6OWRmNGU4OTE0YmIz",
        "sourceId": "9df4e8914bb3",
        "layerId": 36,
        "type": "location",
        "status": "active",
        "urgency": null,
        "info": {
          "name:fa": "ستاد فرماندهی سلمان فارسی",
          "description": "ستاد فرماندهی سلمان فارسی بسیج و گردان های امام علی و محل دپوی تجهیزات و ادوات نظامی و لجستیکی و محل مخفی نیروهای اطلاعات سپاه . بدلیل اینکه بیش از یک نقطه را نمی توان علامت گزاری کرد ، محل استقرار و دپو را در چند گزارش ارسال می کنم. محل استقرار فاطی کماندوها",
          "date": 1773131914,
          "city": "تهران",
          "province": "استان تهران",
          "name:en": "Salman Farsi Command Headquarters",
          "description:en": "Salman Farsi Command Headquarters, Basij and Imam Ali units, and a depot for military and logistical equipment and supplies, as well as a concealed location for IRGC intelligence forces. Because more than one location cannot be marked, I am sending the deployment location and depot in several reports. The location of Fati commandos deployment"
        },
        "verificationTag": "not-verified",
        "expirationDate": null,
        "createdAt": "2026-03-10T08:38:34.458Z",
        "updatedAt": "2026-03-26T23:40:12.050Z",
        "name:en": "Salman Farsi Command Headquarters",
        "description:en": "Salman Farsi Command Headquarters, Basij and Imam Ali units, and a depot for military and logistical equipment and supplies, as well as a concealed location for IRGC intelligence forces. Because more than one location cannot be marked, I am sending the deployment location and depot in several reports. The location of Fati commandos deployment"
      }
    },
    {
      "type": "Feature",
      "id": 91670,
      "geometry": {
        "type": "Point",
        "coordinates": [
          50.867680084767045,
          34.5927937066716
        ]
      },
      "properties": {
        "name:fa": "نیروی سرکوب",
        "city": "",
        "province": "",
        "date": 1772915400,
        "description": "سلام اینجا ساختمون \"یاس\" هستش و مربوط به فرماندهی انتظامی قمه، همیشه هم سرباز داره دم درش و نسبتا حساس هستن روش، اینجا هم اضافه کنید به عنوان مکان حساس",
        "id": "MzY6ZTUyYjI4OTFhNTRi",
        "publicId": "MzY6ZTUyYjI4OTFhNTRi",
        "sourceId": "e52b2891a54b",
        "layerId": 36,
        "type": "location",
        "status": "active",
        "urgency": null,
        "info": {
          "name:fa": "نیروی سرکوب",
          "city": "",
          "province": "",
          "date": 1772915400,
          "description": "سلام اینجا ساختمون \"یاس\" هستش و مربوط به فرماندهی انتظامی قمه، همیشه هم سرباز داره دم درش و نسبتا حساس هستن روش، اینجا هم اضافه کنید به عنوان مکان حساس",
          "name:en": "Nirouye Sarkob",
          "description:en": "Hello, this is the 'Yas' building and it belongs to the police command headquarters in Qom. There are always soldiers standing at its entrance and they are relatively sensitive about it. Please add this place as a sensitive location."
        },
        "verificationTag": "not-verified",
        "expirationDate": null,
        "createdAt": "2026-03-26T22:40:20.636Z",
        "updatedAt": "2026-03-26T22:40:20.636Z",
        "name:en": "Nirouye Sarkob",
        "description:en": "Hello, this is the 'Yas' building and it belongs to the police command headquarters in Qom. There are always soldiers standing at its entrance and they are relatively sensitive about it. Please add this place as a sensitive location."
      }
    },
    {
      "type": "Feature",
      "id": 91671,
      "geometry": {
        "type": "Point",
        "coordinates": [
          48.84866313136516,
          32.035957161022125
        ]
      },
      "properties": {
        "name:fa": "نیروی سرکوب",
        "city": "",
        "province": "",
        "date": 1774125000,
        "description": "اینجا توی دبیرستان پروین اعتصامی تعداد زیادی مامور نیروانتظامی مخفی شدن",
        "id": "MzY6ZGI5MGI3YjM3ZDJi",
        "publicId": "MzY6ZGI5MGI3YjM3ZDJi",
        "sourceId": "db90b7b37d2b",
        "layerId": 36,
        "type": "location",
        "status": "active",
        "urgency": null,
        "info": {
          "name:fa": "نیروی سرکوب",
          "city": "",
          "province": "",
          "date": 1774125000,
          "description": "اینجا توی دبیرستان پروین اعتصامی تعداد زیادی مامور نیروانتظامی مخفی شدن",
          "name:en": "Nirouye Sarkob",
          "description:en": "This is at Parvin Etesami High School where a large number of plainclothes law enforcement officers are hiding"
        },
        "verificationTag": "not-verified",
        "expirationDate": null,
        "createdAt": "2026-03-26T22:49:30.172Z",
        "updatedAt": "2026-03-26T22:49:30.172Z",
        "name:en": "Nirouye Sarkob",
        "description:en": "This is at Parvin Etesami High School where a large number of plainclothes law enforcement officers are hiding"
      }
    },
    {
      "type": "Feature",
      "id": 91675,
      "geometry": {
        "type": "Point",
        "coordinates": [
          50.89212851882908,
          35.66553576981835
        ]
      },
      "properties": {
        "name:fa": "بتن ریزی",
        "city": "",
        "province": "",
        "date": 1771446600,
        "description": "این مکان بعد از تعطیلی تمام محوطه که محلی برای برگزاری چهارشنبه بازار بود، به صورت خیلی سریع ساخته شد که به هیچ وجه مشخص نیست که این مکان برای چیست. تمام آن بتن ریزی شده است. زمان 7/2022",
        "id": "MzY6OWJiZjcyMWU2NTU2",
        "publicId": "MzY6OWJiZjcyMWU2NTU2",
        "sourceId": "9bbf721e6556",
        "layerId": 36,
        "type": "location",
        "status": "active",
        "urgency": null,
        "info": {
          "name:fa": "بتن ریزی",
          "city": "",
          "province": "",
          "date": 1771446600,
          "description": "این مکان بعد از تعطیلی تمام محوطه که محلی برای برگزاری چهارشنبه بازار بود، به صورت خیلی سریع ساخته شد که به هیچ وجه مشخص نیست که این مکان برای چیست. تمام آن بتن ریزی شده است. زمان 7/2022",
          "name:en": "Beton Rizi",
          "description:en": "This place was built very quickly after the closure of the entire area which was a location for holding Wednesday bazaar, such that it is not at all clear what this place is for. It is entirely made of concrete. Date: 7/2022"
        },
        "verificationTag": "not-verified",
        "expirationDate": null,
        "createdAt": "2026-03-26T22:58:02.962Z",
        "updatedAt": "2026-03-26T22:58:02.962Z",
        "name:en": "Beton Rizi",
        "description:en": "This place was built very quickly after the closure of the entire area which was a location for holding Wednesday bazaar, such that it is not at all clear what this place is for. It is entirely made of concrete. Date: 7/2022"
      }
    },
    {
      "type": "Feature",
      "id": 91995,
      "geometry": {
        "type": "Point",
        "coordinates": [
          50.11526626551958,
          37.18174244778754
        ]
      },
      "properties": {
        "name:fa": "محل تجمع بسیج",
        "description": "۶.۱.۱۴۰۵ ساعت ۱۴:۰۰ لنگرود. روستای دیوشل.حوزه مقاومت حضرت قائم محل تجمع بسیجی ها.  محل جلسات بسیجی ها محلات مختلف محل برنامه ریزی سرکوب ۱۸ و ۱۹ دی باعث ایجاد خفقان شدید در منطقه با بی‌رحمی و شکنجه شدید و ایجاد رعب و وحشت زیاد",
        "date": 1774522742,
        "city": "دیوشل",
        "province": "استان گیلان",
        "id": "MzY6YTkwOTFhZWI3OTIz",
        "publicId": "MzY6YTkwOTFhZWI3OTIz",
        "sourceId": "a9091aeb7923",
        "layerId": 36,
        "type": "location",
        "status": "active",
        "urgency": null,
        "info": {
          "name:fa": "محل تجمع بسیج",
          "description": "۶.۱.۱۴۰۵ ساعت ۱۴:۰۰ لنگرود. روستای دیوشل.حوزه مقاومت حضرت قائم محل تجمع بسیجی ها.  محل جلسات بسیجی ها محلات مختلف محل برنامه ریزی سرکوب ۱۸ و ۱۹ دی باعث ایجاد خفقان شدید در منطقه با بی‌رحمی و شکنجه شدید و ایجاد رعب و وحشت زیاد",
          "date": 1774522742,
          "city": "دیوشل",
          "province": "استان گیلان",
          "name:en": "Basij Gathering Place",
          "description:en": "6.1.1405, 14:00 in Langrud. Divshel village. Qiyam resistance sphere. Basij members gathering place. Meeting place for Basij members in various neighborhoods. Location for planning the suppression on Dey 18 and 19, causing severe suffocation in the area through ruthlessness, severe torture, and creation of great fear and terror."
        },
        "verificationTag": "not-verified",
        "expirationDate": null,
        "createdAt": "2026-03-26T10:59:02.780Z",
        "updatedAt": "2026-03-27T22:03:27.863Z",
        "name:en": "Basij Gathering Place",
        "description:en": "6.1.1405, 14:00 in Langrud. Divshel village. Qiyam resistance sphere. Basij members gathering place. Meeting place for Basij members in various neighborhoods. Location for planning the suppression on Dey 18 and 19, causing severe suffocation in the area through ruthlessness, severe torture, and creation of great fear and terror."
      }
    },
    {
      "type": "Feature",
      "id": 91996,
      "geometry": {
        "type": "Point",
        "coordinates": [
          51.261030924727066,
          35.750389272879985
        ]
      },
      "properties": {
        "name:fa": "محل استقرار بسیج",
        "description": "محل استقرار بسیج",
        "date": 1774447785,
        "city": "تهران",
        "province": "استان تهران",
        "id": "MzY6OWM4OWQwYjkzYzk5",
        "publicId": "MzY6OWM4OWQwYjkzYzk5",
        "sourceId": "9c89d0b93c99",
        "layerId": 36,
        "type": "location",
        "status": "active",
        "urgency": null,
        "info": {
          "name:fa": "محل استقرار بسیج",
          "description": "محل استقرار بسیج",
          "date": 1774447785,
          "city": "تهران",
          "province": "استان تهران",
          "name:en": "Basij Base",
          "description:en": "Basij base"
        },
        "verificationTag": "not-verified",
        "expirationDate": null,
        "createdAt": "2026-03-25T14:09:45.916Z",
        "updatedAt": "2026-03-27T22:03:27.931Z",
        "name:en": "Basij Base",
        "description:en": "Basij base"
      }
    },
    {
      "type": "Feature",
      "id": 91997,
      "geometry": {
        "type": "Point",
        "coordinates": [
          49.04817102833468,
          33.49468865933058
        ]
      },
      "properties": {
        "name:fa": "مخفیگاه بسیج",
        "description": "بسیجی ها در یک خانه قایم شده بودن",
        "date": 1774374490,
        "city": "دورود",
        "province": "استان لرستان",
        "id": "MzY6ZGMxYzE1YTJiYzQ4",
        "publicId": "MzY6ZGMxYzE1YTJiYzQ4",
        "sourceId": "dc1c15a2bc48",
        "layerId": 36,
        "type": "location",
        "status": "active",
        "urgency": null,
        "info": {
          "name:fa": "مخفیگاه بسیج",
          "description": "بسیجی ها در یک خانه قایم شده بودن",
          "date": 1774374490,
          "city": "دورود",
          "province": "استان لرستان",
          "name:en": "Basij Hideout",
          "description:en": "The Basij members were stationed in a house"
        },
        "verificationTag": "not-verified",
        "expirationDate": null,
        "createdAt": "2026-03-24T17:48:10.094Z",
        "updatedAt": "2026-03-27T22:03:27.990Z",
        "name:en": "Basij Hideout",
        "description:en": "The Basij members were stationed in a house"
      }
    },
    {
      "type": "Feature",
      "id": 91998,
      "geometry": {
        "type": "Point",
        "coordinates": [
          51.37947064534748,
          35.7265991127543
        ]
      },
      "properties": {
        "name:fa": "ایست بازرسی بسیج",
        "description": "ایست بازرسی بسیج الان",
        "date": 1774338236,
        "city": "تهران",
        "province": "استان تهران",
        "id": "MzY6MGRlODJiNWUwYWQ3",
        "publicId": "MzY6MGRlODJiNWUwYWQ3",
        "sourceId": "0de82b5e0ad7",
        "layerId": 36,
        "type": "location",
        "status": "active",
        "urgency": null,
        "info": {
          "name:fa": "ایست بازرسی بسیج",
          "description": "ایست بازرسی بسیج الان",
          "date": 1774338236,
          "city": "تهران",
          "province": "استان تهران",
          "name:en": "Basij Inspection Station",
          "description:en": "Basij inspection station currently"
        },
        "verificationTag": "not-verified",
        "expirationDate": null,
        "createdAt": "2026-03-24T07:43:56.502Z",
        "updatedAt": "2026-03-27T22:03:28.055Z",
        "name:en": "Basij Inspection Station",
        "description:en": "Basij inspection station currently"
      }
    },
    {
      "type": "Feature",
      "id": 91999,
      "geometry": {
        "type": "Point",
        "coordinates": [
          50.863427973897615,
          34.630268306165874
        ]
      },
      "properties": {
        "name:fa": "محل تجمع بسیج",
        "description": "محل جمع شدن بسیجی ها",
        "date": 1773505053,
        "city": "قم",
        "province": "استان قم",
        "id": "MzY6MTkxYzkzMjhlYzk2",
        "publicId": "MzY6MTkxYzkzMjhlYzk2",
        "sourceId": "191c9328ec96",
        "layerId": 36,
        "type": "location",
        "status": "active",
        "urgency": null,
        "info": {
          "name:fa": "محل تجمع بسیج",
          "description": "محل جمع شدن بسیجی ها",
          "date": 1773505053,
          "city": "قم",
          "province": "استان قم",
          "name:en": "Basij Gathering Place",
          "description:en": "A place where Basij members gather"
        },
        "verificationTag": "not-verified",
        "expirationDate": null,
        "createdAt": "2026-03-14T16:17:33.046Z",
        "updatedAt": "2026-03-27T22:03:28.124Z",
        "name:en": "Basij Gathering Place",
        "description:en": "A place where Basij members gather"
      }
    },
    {
      "type": "Feature",
      "id": 92000,
      "geometry": {
        "type": "Point",
        "coordinates": [
          52.76121430236162,
          35.761379957044525
        ]
      },
      "properties": {
        "name:fa": "محل تجمع بسیج",
        "description": "پایکاه بسیج فعال شهرک ولی غصر ، محل تجمع لباس شخصی ها",
        "date": 1771704400,
        "city": "فیروزکوه",
        "province": "استان تهران",
        "id": "MzY6ZTM5ZWI4NDg0YWM2",
        "publicId": "MzY6ZTM5ZWI4NDg0YWM2",
        "sourceId": "e39eb8484ac6",
        "layerId": 36,
        "type": "location",
        "status": "active",
        "urgency": null,
        "info": {
          "name:fa": "محل تجمع بسیج",
          "description": "پایکاه بسیج فعال شهرک ولی غصر ، محل تجمع لباس شخصی ها",
          "date": 1771704400,
          "city": "فیروزکوه",
          "province": "استان تهران",
          "name:en": "Basij Gathering Place",
          "description:en": "Active Basij base in Vali-Asr District, a gathering place for plainclothes personnel"
        },
        "verificationTag": "not-verified",
        "expirationDate": null,
        "createdAt": "2026-02-21T20:06:40.675Z",
        "updatedAt": "2026-03-27T22:03:28.383Z",
        "name:en": "Basij Gathering Place",
        "description:en": "Active Basij base in Vali-Asr District, a gathering place for plainclothes personnel"
      }
    },
    {
      "type": "Feature",
      "id": 92001,
      "geometry": {
        "type": "Point",
        "coordinates": [
          52.774668369929884,
          35.75025742610478
        ]
      },
      "properties": {
        "name:fa": "محل تجمع بسیج",
        "description": "پایگاه بسیج راه اهن فیروزکوه محل تجمع سرکوبگران در تجمعات دی ماه 1404",
        "date": 1771704067,
        "city": "فیروزکوه",
        "province": "استان تهران",
        "id": "MzY6Mzc1MDQwMzAzZmNm",
        "publicId": "MzY6Mzc1MDQwMzAzZmNm",
        "sourceId": "375040303fcf",
        "layerId": 36,
        "type": "location",
        "status": "active",
        "urgency": null,
        "info": {
          "name:fa": "محل تجمع بسیج",
          "description": "پایگاه بسیج راه اهن فیروزکوه محل تجمع سرکوبگران در تجمعات دی ماه 1404",
          "date": 1771704067,
          "city": "فیروزکوه",
          "province": "استان تهران",
          "name:en": "Basij Gathering Place",
          "description:en": "Firozkouh Railway Basij Base, the gathering place of suppressors during the December 1404 gatherings"
        },
        "verificationTag": "not-verified",
        "expirationDate": null,
        "createdAt": "2026-02-21T20:01:07.307Z",
        "updatedAt": "2026-03-27T22:03:28.442Z",
        "name:en": "Basij Gathering Place",
        "description:en": "Firozkouh Railway Basij Base, the gathering place of suppressors during the December 1404 gatherings"
      }
    },
    {
      "type": "Feature",
      "id": 92002,
      "geometry": {
        "type": "Point",
        "coordinates": [
          51.41942887463088,
          35.70231946658315
        ]
      },
      "properties": {
        "name:fa": "مکان مخفی بسیج",
        "description": "مکان مخفی بسیج در م فردوسی",
        "date": 1771239869,
        "city": "تهران",
        "province": "استان تهران",
        "id": "MzY6ODEzNmVhMWIyYTI5",
        "publicId": "MzY6ODEzNmVhMWIyYTI5",
        "sourceId": "8136ea1b2a29",
        "layerId": 36,
        "type": "location",
        "status": "active",
        "urgency": null,
        "info": {
          "name:fa": "مکان مخفی بسیج",
          "description": "مکان مخفی بسیج در م فردوسی",
          "date": 1771239869,
          "city": "تهران",
          "province": "استان تهران",
          "name:en": "Hidden Basij Location",
          "description:en": "Hidden Basij location in Ferdowsi"
        },
        "verificationTag": "not-verified",
        "expirationDate": null,
        "createdAt": "2026-02-16T11:04:29.659Z",
        "updatedAt": "2026-03-27T22:03:28.506Z",
        "name:en": "Hidden Basij Location",
        "description:en": "Hidden Basij location in Ferdowsi"
      }
    },
    {
      "type": "Feature",
      "id": 92058,
      "geometry": {
        "type": "Point",
        "coordinates": [
          48.38832494580768,
          36.68637868966981
        ]
      },
      "properties": {
        "name:fa": "محل تجمع یگان ویژه",
        "description": "محل استقرار خودروها و تجهیزات یگان ویژه زنجان",
        "date": 1773573998,
        "city": "زنجان",
        "province": "استان زنجان",
        "id": "MzY6NmFkNzE5Y2NhNzQ2",
        "publicId": "MzY6NmFkNzE5Y2NhNzQ2",
        "sourceId": "6ad719cca746",
        "layerId": 36,
        "type": "location",
        "status": "active",
        "urgency": null,
        "info": {
          "name:fa": "محل تجمع یگان ویژه",
          "description": "محل استقرار خودروها و تجهیزات یگان ویژه زنجان",
          "date": 1773573998,
          "city": "زنجان",
          "province": "استان زنجان",
          "name:en": "Special Unit Assembly Point",
          "description:en": "Stationing location for vehicles and equipment of Zanjan Special Unit"
        },
        "verificationTag": "not-verified",
        "expirationDate": null,
        "createdAt": "2026-03-15T11:26:38.871Z",
        "updatedAt": "2026-03-27T22:03:32.811Z",
        "name:en": "Special Unit Assembly Point",
        "description:en": "Stationing location for vehicles and equipment of Zanjan Special Unit"
      }
    },
    {
      "type": "Feature",
      "id": 92059,
      "geometry": {
        "type": "Point",
        "coordinates": [
          50.84331204764092,
          34.65190989253772
        ]
      },
      "properties": {
        "name:fa": "محل تجمع یگان ویژه",
        "description": "محل تجمع یگان ویژه",
        "date": 1773505627,
        "city": "قم",
        "province": "استان قم",
        "id": "MzY6YTA2MThmNTI0ZTg4",
        "publicId": "MzY6YTA2MThmNTI0ZTg4",
        "sourceId": "a0618f524e88",
        "layerId": 36,
        "type": "location",
        "status": "active",
        "urgency": null,
        "info": {
          "name:fa": "محل تجمع یگان ویژه",
          "description": "محل تجمع یگان ویژه",
          "date": 1773505627,
          "city": "قم",
          "province": "استان قم",
          "name:en": "Special Forces Assembly Point",
          "description:en": "Special Forces Assembly Point"
        },
        "verificationTag": "not-verified",
        "expirationDate": null,
        "createdAt": "2026-03-14T16:27:07.430Z",
        "updatedAt": "2026-03-27T22:03:32.874Z",
        "name:en": "Special Forces Assembly Point",
        "description:en": "Special Forces Assembly Point"
      }
    },
    {
      "type": "Feature",
      "id": 92060,
      "geometry": {
        "type": "Point",
        "coordinates": [
          50.842060363079526,
          34.65207571101979
        ]
      },
      "properties": {
        "name:fa": "محل تجمع یگان ویژه",
        "description": "محل تجمع یگان ویژه",
        "date": 1773505603,
        "city": "قم",
        "province": "استان قم",
        "id": "MzY6NTI2NWQ4ODI4NGJh",
        "publicId": "MzY6NTI2NWQ4ODI4NGJh",
        "sourceId": "5265d88284ba",
        "layerId": 36,
        "type": "location",
        "status": "active",
        "urgency": null,
        "info": {
          "name:fa": "محل تجمع یگان ویژه",
          "description": "محل تجمع یگان ویژه",
          "date": 1773505603,
          "city": "قم",
          "province": "استان قم",
          "name:en": "Special Forces Gathering Place",
          "description:en": "Special Forces Gathering Place"
        },
        "verificationTag": "not-verified",
        "expirationDate": null,
        "createdAt": "2026-03-14T16:26:43.620Z",
        "updatedAt": "2026-03-27T22:03:33.145Z",
        "name:en": "Special Forces Gathering Place",
        "description:en": "Special Forces Gathering Place"
      }
    },
    {
      "type": "Feature",
      "id": 92061,
      "geometry": {
        "type": "Point",
        "coordinates": [
          51.675907432842024,
          32.657319194044405
        ]
      },
      "properties": {
        "name:fa": "محل استقرار انتظامی",
        "description": "محل استقرار نیروهای سرکوب و نیروهای انتظامی و سایبری",
        "date": 1773438265,
        "city": "اصفهان",
        "province": "استان اصفهان",
        "id": "MzY6ZDM3ODllMzk2NzZl",
        "publicId": "MzY6ZDM3ODllMzk2NzZl",
        "sourceId": "d3789e39676e",
        "layerId": 36,
        "type": "location",
        "status": "active",
        "urgency": null,
        "info": {
          "name:fa": "محل استقرار انتظامی",
          "description": "محل استقرار نیروهای سرکوب و نیروهای انتظامی و سایبری",
          "date": 1773438265,
          "city": "اصفهان",
          "province": "استان اصفهان",
          "name:en": "Police Station",
          "description:en": "Base for suppression forces, police forces, and cyber forces"
        },
        "verificationTag": "not-verified",
        "expirationDate": null,
        "createdAt": "2026-03-13T21:44:25.653Z",
        "updatedAt": "2026-03-27T22:03:33.218Z",
        "name:en": "Police Station",
        "description:en": "Base for suppression forces, police forces, and cyber forces"
      }
    },
    {
      "type": "Feature",
      "id": 92062,
      "geometry": {
        "type": "Point",
        "coordinates": [
          48.59722335703489,
          34.807589020615495
        ]
      },
      "properties": {
        "name:fa": "محل تجمع یگان ویژه",
        "description": "استادیوم شهید مفتح همدان گفته میشه نیروهای یگان ویژه در این محل اقامت دارند(فاصله فیزیکی استادیوم تا مقر رسمی یگان ویژه هم اندک میباشد)",
        "date": 1772767889,
        "city": "شهرستان همدان",
        "province": "استان همدان",
        "id": "MzY6ZWI1NmFhYTlhNWRj",
        "publicId": "MzY6ZWI1NmFhYTlhNWRj",
        "sourceId": "eb56aaa9a5dc",
        "layerId": 36,
        "type": "location",
        "status": "active",
        "urgency": null,
        "info": {
          "name:fa": "محل تجمع یگان ویژه",
          "description": "استادیوم شهید مفتح همدان گفته میشه نیروهای یگان ویژه در این محل اقامت دارند(فاصله فیزیکی استادیوم تا مقر رسمی یگان ویژه هم اندک میباشد)",
          "date": 1772767889,
          "city": "شهرستان همدان",
          "province": "استان همدان",
          "name:en": "Special Unit Gathering Place",
          "description:en": "Shahid Mofteh Stadium in Hamedan is said to be where Special Unit forces are stationed (the physical distance between the stadium and the official headquarters of the Special Unit is minimal)"
        },
        "verificationTag": "not-verified",
        "expirationDate": null,
        "createdAt": "2026-03-06T03:31:29.382Z",
        "updatedAt": "2026-03-27T22:03:33.301Z",
        "name:en": "Special Unit Gathering Place",
        "description:en": "Shahid Mofteh Stadium in Hamedan is said to be where Special Unit forces are stationed (the physical distance between the stadium and the official headquarters of the Special Unit is minimal)"
      }
    },
    {
      "type": "Feature",
      "id": 92100,
      "geometry": {
        "type": "Point",
        "coordinates": [
          50.95858264495226,
          35.84981554450327
        ]
      },
      "properties": {
        "name:fa": "تجمع سرکوبگران",
        "city": "",
        "province": "",
        "date": "",
        "description": "مجتمع ورزشی انقلاب ، محل تجمع تجهیزات سرکوب گران حکومتی",
        "id": "MzY6MzAxZjBkZjY1NDdi",
        "publicId": "MzY6MzAxZjBkZjY1NDdi",
        "sourceId": "301f0df6547b",
        "layerId": 36,
        "type": "location",
        "status": "active",
        "urgency": null,
        "info": {
          "name:fa": "تجمع سرکوبگران",
          "city": "",
          "province": "",
          "date": "",
          "description": "مجتمع ورزشی انقلاب ، محل تجمع تجهیزات سرکوب گران حکومتی",
          "name:en": "Gathering of Suppressors",
          "description:en": "Revolution Sports Complex, gathering place of government suppression equipment"
        },
        "verificationTag": "not-verified",
        "expirationDate": null,
        "createdAt": "2026-03-27T04:05:55.657Z",
        "updatedAt": "2026-03-27T04:05:55.657Z",
        "name:en": "Gathering of Suppressors",
        "description:en": "Revolution Sports Complex, gathering place of government suppression equipment"
      }
    },
    {
      "type": "Feature",
      "id": 92132,
      "geometry": {
        "type": "Point",
        "coordinates": [
          51.64408709481353,
          32.655352484317376
        ]
      },
      "properties": {
        "name:fa": "",
        "city": "",
        "province": "",
        "date": 1772656200,
        "description": "این مکان قبلا ساختمان پدافند غیرعامل(شهید قاسم سلیمانی)نام داشت که اخیرا تابلو آن به خانه فرهنگ آب تغییر یافته است.",
        "id": "MzY6MzlkYjVhYTA0NWJj",
        "publicId": "MzY6MzlkYjVhYTA0NWJj",
        "sourceId": "39db5aa045bc",
        "layerId": 36,
        "type": "location",
        "status": "active",
        "urgency": null,
        "info": {
          "name:fa": "",
          "city": "",
          "province": "",
          "date": 1772656200,
          "description": "این مکان قبلا ساختمان پدافند غیرعامل(شهید قاسم سلیمانی)نام داشت که اخیرا تابلو آن به خانه فرهنگ آب تغییر یافته است.",
          "name:en": "Water Culture House",
          "description:en": "This place was previously known as the Passive Defense Building (named after Shahid Qasem Soleimani), but its signage has recently been changed to Water Culture House."
        },
        "verificationTag": "not-verified",
        "expirationDate": null,
        "createdAt": "2026-03-27T04:32:04.875Z",
        "updatedAt": "2026-03-27T04:32:04.875Z",
        "name:en": "Water Culture House",
        "description:en": "This place was previously known as the Passive Defense Building (named after Shahid Qasem Soleimani), but its signage has recently been changed to Water Culture House."
      }
    },
    {
      "type": "Feature",
      "id": 92134,
      "geometry": {
        "type": "Point",
        "coordinates": [
          49.50083018435865,
          37.459172262471014
        ]
      },
      "properties": {
        "name:fa": "نیروی سرکوب",
        "city": "",
        "province": "",
        "date": "",
        "description": "آموزشکده فنی و حرفه ای پسران بندرانزلی شهید خدادادی. محل تجمع نیروهای سرکوب.",
        "id": "MzY6ZGEzZmMwMzU2YTA5",
        "publicId": "MzY6ZGEzZmMwMzU2YTA5",
        "sourceId": "da3fc0356a09",
        "layerId": 36,
        "type": "location",
        "status": "active",
        "urgency": null,
        "info": {
          "name:fa": "نیروی سرکوب",
          "city": "",
          "province": "",
          "date": "",
          "description": "آموزشکده فنی و حرفه ای پسران بندرانزلی شهید خدادادی. محل تجمع نیروهای سرکوب.",
          "name:en": "Nirou-ye Sarkob",
          "description:en": "The technical and vocational school for boys in Bandar-e Anzali, named after Shahid Khadadadi. It was a gathering place for suppression forces."
        },
        "verificationTag": "not-verified",
        "expirationDate": null,
        "createdAt": "2026-03-27T04:35:52.490Z",
        "updatedAt": "2026-03-27T04:35:52.490Z",
        "name:en": "Nirou-ye Sarkob",
        "description:en": "The technical and vocational school for boys in Bandar-e Anzali, named after Shahid Khadadadi. It was a gathering place for suppression forces."
      }
    },
    {
      "type": "Feature",
      "id": 92188,
      "geometry": {
        "type": "Point",
        "coordinates": [
          51.31638990708268,
          35.36874400951746
        ]
      },
      "properties": {
        "name:fa": "استقرار سرکوبگران کنار زندان",
        "description": "محل استقرار سرکوبگران با تعداد 5 خودرو سنگین زرهی صورت جداگانه با فاصله حدود 30-40 متر از یکدیگر در یک قطعه زمین حدود 1000 متر کنار زندان",
        "date": 1773515419,
        "city": "شهرستان ری",
        "province": "استان تهران",
        "id": "MzY6MTJhNjk2MjRlYWFj",
        "publicId": "MzY6MTJhNjk2MjRlYWFj",
        "sourceId": "12a69624eaac",
        "layerId": 36,
        "type": "location",
        "status": "active",
        "urgency": null,
        "info": {
          "name:fa": "استقرار سرکوبگران کنار زندان",
          "description": "محل استقرار سرکوبگران با تعداد 5 خودرو سنگین زرهی صورت جداگانه با فاصله حدود 30-40 متر از یکدیگر در یک قطعه زمین حدود 1000 متر کنار زندان",
          "date": 1773515419,
          "city": "شهرستان ری",
          "province": "استان تهران",
          "name:en": "Suppressors Base Near Prison",
          "description:en": "A base for suppressors with 5 heavy armored vehicles positioned separately at intervals of approximately 30-40 meters from each other on a plot of land of about 1000 square meters adjacent to the prison"
        },
        "verificationTag": "not-verified",
        "expirationDate": null,
        "createdAt": "2026-03-12T15:30:19.928Z",
        "updatedAt": "2026-03-27T22:03:39.364Z",
        "name:en": "Suppressors Base Near Prison",
        "description:en": "A base for suppressors with 5 heavy armored vehicles positioned separately at intervals of approximately 30-40 meters from each other on a plot of land of about 1000 square meters adjacent to the prison"
      }
    },
    {
      "type": "Feature",
      "id": 92189,
      "geometry": {
        "type": "Point",
        "coordinates": [
          54.13447056438264,
          27.66434786351826
        ]
      },
      "properties": {
        "name:fa": "تجمع سرکوبگران",
        "city": "",
        "province": "",
        "date": "",
        "description": "مدرسه علمیه (حسینیه ۱۴ معصوم) میزبان پایگاه بسیج مسلح علی ابن ابی طالب که سابقه‌ی ارسال نیروی سرکوب به شهرهای همجوار در اعتراضات قبلی را دارد. در برپایی ایست بازرسی و گشت‌های محله‌ای نیز فعال است.",
        "id": "MzY6OTQ0MGZlNTAxMjU2",
        "publicId": "MzY6OTQ0MGZlNTAxMjU2",
        "sourceId": "9440fe501256",
        "layerId": 36,
        "type": "location",
        "status": "active",
        "urgency": null,
        "info": {
          "name:fa": "تجمع سرکوبگران",
          "city": "",
          "province": "",
          "date": "",
          "description": "مدرسه علمیه (حسینیه ۱۴ معصوم) میزبان پایگاه بسیج مسلح علی ابن ابی طالب که سابقه‌ی ارسال نیروی سرکوب به شهرهای همجوار در اعتراضات قبلی را دارد. در برپایی ایست بازرسی و گشت‌های محله‌ای نیز فعال است.",
          "name:en": "Suppression Mobilizers Gathering",
          "description:en": "A seminary school (Husseinieh 14 Ma'sumeen) hosting the Ali ibn Abi Talib armed Basij base, which has a history of sending suppression forces to neighboring cities during previous protests. It is also active in setting up checkpoints and conducting neighborhood patrols."
        },
        "verificationTag": "verified",
        "expirationDate": null,
        "createdAt": "2026-03-27T10:42:04.790Z",
        "updatedAt": "2026-03-27T10:42:04.790Z",
        "name:en": "Suppression Mobilizers Gathering",
        "description:en": "A seminary school (Husseinieh 14 Ma'sumeen) hosting the Ali ibn Abi Talib armed Basij base, which has a history of sending suppression forces to neighboring cities during previous protests. It is also active in setting up checkpoints and conducting neighborhood patrols."
      }
    },
    {
      "type": "Feature",
      "id": 92190,
      "geometry": {
        "type": "Point",
        "coordinates": [
          51.24579708081893,
          35.76025473853228
        ]
      },
      "properties": {
        "name:fa": "ایست بازرسی",
        "city": "",
        "province": "",
        "date": "",
        "description": "نیروهای سرکوب در قالب ایست بازرسی، مسلح همراه با دوشکا هر روزه حضور دارند",
        "id": "MzY6YTQxMjg5NGI1MWM4",
        "publicId": "MzY6YTQxMjg5NGI1MWM4",
        "sourceId": "a412894b51c8",
        "layerId": 36,
        "type": "location",
        "status": "active",
        "urgency": null,
        "info": {
          "name:fa": "ایست بازرسی",
          "city": "",
          "province": "",
          "date": "",
          "description": "نیروهای سرکوب در قالب ایست بازرسی، مسلح همراه با دوشکا هر روزه حضور دارند",
          "name:en": "Checkpoint",
          "description:en": "Security forces in the form of a checkpoint, armed with DShK machine guns, are present every day"
        },
        "verificationTag": "verified",
        "expirationDate": null,
        "createdAt": "2026-03-27T10:43:00.439Z",
        "updatedAt": "2026-03-27T10:43:00.439Z",
        "name:en": "Checkpoint",
        "description:en": "Security forces in the form of a checkpoint, armed with DShK machine guns, are present every day"
      }
    },
    {
      "type": "Feature",
      "id": 92191,
      "geometry": {
        "type": "Point",
        "coordinates": [
          48.53480177821595,
          36.650927932077465
        ]
      },
      "properties": {
        "name:fa": "ایست بازرسی",
        "city": "",
        "province": "",
        "date": "",
        "description": "ایست بازرسی سنگین هم از نظر تعداد هم تجهیزات",
        "id": "MzY6NTVjMTI1ODgxODVm",
        "publicId": "MzY6NTVjMTI1ODgxODVm",
        "sourceId": "55c12588185f",
        "layerId": 36,
        "type": "location",
        "status": "active",
        "urgency": null,
        "info": {
          "name:fa": "ایست بازرسی",
          "city": "",
          "province": "",
          "date": "",
          "description": "ایست بازرسی سنگین هم از نظر تعداد هم تجهیزات",
          "name:en": "Inspection Station",
          "description:en": "Heavy inspection station both in terms of number and equipment"
        },
        "verificationTag": "verified",
        "expirationDate": null,
        "createdAt": "2026-03-27T10:43:37.190Z",
        "updatedAt": "2026-03-27T10:43:37.190Z",
        "name:en": "Inspection Station",
        "description:en": "Heavy inspection station both in terms of number and equipment"
      }
    },
    {
      "type": "Feature",
      "id": 92192,
      "geometry": {
        "type": "Point",
        "coordinates": [
          51.40316864901868,
          35.72066634648159
        ]
      },
      "properties": {
        "name:fa": "ایست بازرسی",
        "city": "",
        "province": "",
        "date": "",
        "description": "ایست بازرسی",
        "id": "MzY6MTNkYzA0NTFlZjAy",
        "publicId": "MzY6MTNkYzA0NTFlZjAy",
        "sourceId": "13dc0451ef02",
        "layerId": 36,
        "type": "location",
        "status": "active",
        "urgency": null,
        "info": {
          "name:fa": "ایست بازرسی",
          "city": "",
          "province": "",
          "date": "",
          "description": "ایست بازرسی",
          "name:en": "Checkpoint",
          "description:en": "Checkpoint"
        },
        "verificationTag": "verified",
        "expirationDate": null,
        "createdAt": "2026-03-27T10:44:21.767Z",
        "updatedAt": "2026-03-27T10:44:21.767Z",
        "name:en": "Checkpoint",
        "description:en": "Checkpoint"
      }
    },
    {
      "type": "Feature",
      "id": 92199,
      "geometry": {
        "type": "Point",
        "coordinates": [
          46.11061864903141,
          36.160935588702955
        ]
      },
      "properties": {
        "name:fa": "کارخانه طلا - مشکوک به استخراج اورانیوم",
        "city": "",
        "province": "",
        "date": "",
        "description": "کارخانه طلا به دروغ زدن اما می‌خوان اورانیوم استخراج کنن ، همه مسئولانش سردارها و سرتیپهای سپاه هستن، به مردم این منطقه ظلم میکنن و هر کسی اعتراضی بهشون بکنه دستگیر و شکنجه میکنن حتی یه جوون هم کشتن، کاملا حفاظت شدس و یک گروه بلند پایه ی اطلاعاتی هم اونجا مستقر هستن، پر از دوربینهای مداربسته هم است",
        "id": "MzY6MjdlOTY4MTE2Nzg1",
        "publicId": "MzY6MjdlOTY4MTE2Nzg1",
        "sourceId": "27e968116785",
        "layerId": 36,
        "type": "location",
        "status": "active",
        "urgency": null,
        "info": {
          "name:fa": "کارخانه طلا - مشکوک به استخراج اورانیوم",
          "city": "",
          "province": "",
          "date": "",
          "description": "کارخانه طلا به دروغ زدن اما می‌خوان اورانیوم استخراج کنن ، همه مسئولانش سردارها و سرتیپهای سپاه هستن، به مردم این منطقه ظلم میکنن و هر کسی اعتراضی بهشون بکنه دستگیر و شکنجه میکنن حتی یه جوون هم کشتن، کاملا حفاظت شدس و یک گروه بلند پایه ی اطلاعاتی هم اونجا مستقر هستن، پر از دوربینهای مداربسته هم است",
          "name:en": "Gold Factory - Suspected Uranium Extraction",
          "description:en": "A gold factory that falsely claims to be a gold facility but actually intends to extract uranium. All of its managers and supervisors are military commanders and officers from the Revolutionary Guards. They oppress the residents of this area, and anyone who protests is arrested and tortured. They have even killed a young person. It is completely protected and has a high-ranking intelligence group stationed there. It is also filled with closed-circuit cameras."
        },
        "verificationTag": "not-verified",
        "expirationDate": null,
        "createdAt": "2026-03-27T14:59:42.158Z",
        "updatedAt": "2026-03-27T14:59:42.158Z",
        "name:en": "Gold Factory - Suspected Uranium Extraction",
        "description:en": "A gold factory that falsely claims to be a gold facility but actually intends to extract uranium. All of its managers and supervisors are military commanders and officers from the Revolutionary Guards. They oppress the residents of this area, and anyone who protests is arrested and tortured. They have even killed a young person. It is completely protected and has a high-ranking intelligence group stationed there. It is also filled with closed-circuit cameras."
      }
    },
    {
      "type": "Feature",
      "id": 92204,
      "geometry": {
        "type": "Point",
        "coordinates": [
          51.403170315199645,
          35.700847069860814
        ]
      },
      "properties": {
        "name:fa": "ضدهوایی",
        "city": "",
        "province": "",
        "date": "",
        "description": "روی بام این ساختمون پدافند هوایی وجود داره",
        "id": "MzY6YjQ5NGIwOGQ1ZTlm",
        "publicId": "MzY6YjQ5NGIwOGQ1ZTlm",
        "sourceId": "b494b08d5e9f",
        "layerId": 36,
        "type": "location",
        "status": "active",
        "urgency": null,
        "info": {
          "name:fa": "ضدهوایی",
          "city": "",
          "province": "",
          "date": "",
          "description": "روی بام این ساختمون پدافند هوایی وجود داره",
          "name:en": "Anti-Aircraft",
          "description:en": "There is an anti-aircraft defense system on the roof of this building"
        },
        "verificationTag": "verified",
        "expirationDate": null,
        "createdAt": "2026-03-27T15:19:16.686Z",
        "updatedAt": "2026-03-27T15:19:16.686Z",
        "name:en": "Anti-Aircraft",
        "description:en": "There is an anti-aircraft defense system on the roof of this building"
      }
    },
    {
      "type": "Feature",
      "id": 92205,
      "geometry": {
        "type": "Point",
        "coordinates": [
          46.848066889359615,
          34.52697184730923
        ]
      },
      "properties": {
        "name:fa": "پدافند ویس",
        "city": "",
        "province": "",
        "date": "",
        "description": "",
        "id": "MzY6YWQ2OGJjNTQxYjBh",
        "publicId": "MzY6YWQ2OGJjNTQxYjBh",
        "sourceId": "ad68bc541b0a",
        "layerId": 36,
        "type": "location",
        "status": "active",
        "urgency": null,
        "info": {
          "name:fa": "پدافند ویس",
          "city": "",
          "province": "",
          "date": "",
          "description": "",
          "name:en": "Padefahnd-e Vis",
          "description:en": ""
        },
        "verificationTag": "verified",
        "expirationDate": null,
        "createdAt": "2026-03-27T15:22:55.233Z",
        "updatedAt": "2026-03-27T15:22:55.233Z",
        "name:en": "Padefahnd-e Vis",
        "description:en": ""
      }
    },
    {
      "type": "Feature",
      "id": 92208,
      "geometry": {
        "type": "Point",
        "coordinates": [
          52.508762967864385,
          29.598971432559352
        ]
      },
      "properties": {
        "name:fa": "مورد حمله",
        "city": "",
        "province": "",
        "date": 1772322000,
        "description": "تاریخ 1 مارچ ساعت 3:10 صبح، این ساختمونو زدن گرچه همه میگن باید دوتا ساختمون اونورتر میخورد. کل خیابون، همین کوچه و کوچه قبلش شیشه ساختمونا ریخت، ترکش خیلی زیاد داشت و یه پسر 14ساله فوت شد توی ساختمان روبروییش بخاطر اصابت ترکش و یه نفر هم مصدوم بیمارستانی، بقیه در حد درمان سرپایی بر اثر اصابت شیشه. اگرچه به نوک فنداسیون ساختمون خورد و عجیب خود ساختمون صدمه ندید داخلش کسی!",
        "id": "MzY6NDZjNGY1OWJhODMx",
        "publicId": "MzY6NDZjNGY1OWJhODMx",
        "sourceId": "46c4f59ba831",
        "layerId": 36,
        "type": "location",
        "status": "active",
        "urgency": null,
        "info": {
          "name:fa": "مورد حمله",
          "city": "",
          "province": "",
          "date": 1772322000,
          "description": "تاریخ 1 مارچ ساعت 3:10 صبح، این ساختمونو زدن گرچه همه میگن باید دوتا ساختمون اونورتر میخورد. کل خیابون، همین کوچه و کوچه قبلش شیشه ساختمونا ریخت، ترکش خیلی زیاد داشت و یه پسر 14ساله فوت شد توی ساختمان روبروییش بخاطر اصابت ترکش و یه نفر هم مصدوم بیمارستانی، بقیه در حد درمان سرپایی بر اثر اصابت شیشه. اگرچه به نوک فنداسیون ساختمون خورد و عجیب خود ساختمون صدمه ندید داخلش کسی!",
          "name:en": "Targeted Building",
          "description:en": "On March 1st at 3:10 AM, this building was struck, although some say two buildings on the other side should have been hit instead. The entire street, this alley and the previous alley had their building windows shattered. There was extensive shrapnel damage, and a 14-year-old boy died in the building across the street due to shrapnel impact, and one person was hospitalized with injuries. Others received outpatient treatment for injuries from glass impacts. Although the strike hit the tip of the building's foundation and surprisingly the building itself sustained no damage and no one inside was injured."
        },
        "verificationTag": "not-verified",
        "expirationDate": null,
        "createdAt": "2026-03-27T15:38:23.543Z",
        "updatedAt": "2026-03-27T15:38:23.543Z",
        "name:en": "Targeted Building",
        "description:en": "On March 1st at 3:10 AM, this building was struck, although some say two buildings on the other side should have been hit instead. The entire street, this alley and the previous alley had their building windows shattered. There was extensive shrapnel damage, and a 14-year-old boy died in the building across the street due to shrapnel impact, and one person was hospitalized with injuries. Others received outpatient treatment for injuries from glass impacts. Although the strike hit the tip of the building's foundation and surprisingly the building itself sustained no damage and no one inside was injured."
      }
    },
    {
      "type": "Feature",
      "id": 92211,
      "geometry": {
        "type": "Point",
        "coordinates": [
          50.235996441197244,
          33.5253690362035
        ]
      },
      "properties": {
        "name:fa": "پرتاب موشک",
        "city": "",
        "province": "",
        "date": "",
        "description": "پایگاه موشکی هست بارها موشک ازش شلیک شده",
        "id": "MzY6OGEyOWYzYzg3MWJk",
        "publicId": "MzY6OGEyOWYzYzg3MWJk",
        "sourceId": "8a29f3c871bd",
        "layerId": 36,
        "type": "location",
        "status": "active",
        "urgency": null,
        "info": {
          "name:fa": "پرتاب موشک",
          "city": "",
          "province": "",
          "date": "",
          "description": "پایگاه موشکی هست بارها موشک ازش شلیک شده",
          "name:en": "Rocket Launch Site",
          "description:en": "It is a missile base from which missiles have been launched multiple times"
        },
        "verificationTag": "verified",
        "expirationDate": null,
        "createdAt": "2026-03-27T15:42:04.860Z",
        "updatedAt": "2026-03-27T15:42:04.860Z",
        "name:en": "Rocket Launch Site",
        "description:en": "It is a missile base from which missiles have been launched multiple times"
      }
    },
    {
      "type": "Feature",
      "id": 92213,
      "geometry": {
        "type": "Point",
        "coordinates": [
          52.45327986077291,
          29.68239179445139
        ]
      },
      "properties": {
        "name:fa": "تجمع سرکوبگران",
        "city": "",
        "province": "",
        "date": "",
        "description": "صدهزاردرصد مطمئنم و خبر موثقه که اینجا پایگاه و مقر بسیج بوده همیشه از سال ۹۶ .. رفته رفته سال ۴۰۱ دورش دیوار زدن و بهش رسیدن و بزرگتر شد .. این پایگاه که مسجده ، به تنهایی باعث تعداد خیلی زیادی سرکوب توی سالهای ۴۰۱ و ۴۰۴ بود همیشه .. از ماشین سرکوب و ون گرفته تا موتور ها و بسیجی ها و یگان ویژه که همیشه مستقر میشن اینجا .. تنها خطری که داره اینه که نزدیک مناطق مسکونیه و این خیلی بده .. ولی قطعا خیلیی از سرکوب ها توی شیراز به خاطر اینجاس ..",
        "id": "MzY6NmU1OWZlMDc5YzFh",
        "publicId": "MzY6NmU1OWZlMDc5YzFh",
        "sourceId": "6e59fe079c1a",
        "layerId": 36,
        "type": "location",
        "status": "active",
        "urgency": null,
        "info": {
          "name:fa": "تجمع سرکوبگران",
          "city": "",
          "province": "",
          "date": "",
          "description": "صدهزاردرصد مطمئنم و خبر موثقه که اینجا پایگاه و مقر بسیج بوده همیشه از سال ۹۶ .. رفته رفته سال ۴۰۱ دورش دیوار زدن و بهش رسیدن و بزرگتر شد .. این پایگاه که مسجده ، به تنهایی باعث تعداد خیلی زیادی سرکوب توی سالهای ۴۰۱ و ۴۰۴ بود همیشه .. از ماشین سرکوب و ون گرفته تا موتور ها و بسیجی ها و یگان ویژه که همیشه مستقر میشن اینجا .. تنها خطری که داره اینه که نزدیک مناطق مسکونیه و این خیلی بده .. ولی قطعا خیلیی از سرکوب ها توی شیراز به خاطر اینجاس ..",
          "name:en": "Oppressors' Gathering",
          "description:en": "I am 100 percent certain and have reliable information that this has been a Basij base and headquarters since 2017. Gradually, around 2021, walls were built around it and it expanded. This base, which is a mosque, single-handedly caused a very large number of suppressions in the years 2021 and 2022. From suppression vehicles and vans to motorcycles, Basij members, and special forces units that are always stationed here. The only danger it has is that it is near residential areas, which is very bad. But certainly, many of the suppressions in Shiraz are because of this place."
        },
        "verificationTag": "verified",
        "expirationDate": null,
        "createdAt": "2026-03-27T15:48:50.597Z",
        "updatedAt": "2026-03-27T15:48:50.597Z",
        "name:en": "Oppressors' Gathering",
        "description:en": "I am 100 percent certain and have reliable information that this has been a Basij base and headquarters since 2017. Gradually, around 2021, walls were built around it and it expanded. This base, which is a mosque, single-handedly caused a very large number of suppressions in the years 2021 and 2022. From suppression vehicles and vans to motorcycles, Basij members, and special forces units that are always stationed here. The only danger it has is that it is near residential areas, which is very bad. But certainly, many of the suppressions in Shiraz are because of this place."
      }
    },
    {
      "type": "Feature",
      "id": 92214,
      "geometry": {
        "type": "Point",
        "coordinates": [
          48.40125347279158,
          32.38738550026345
        ]
      },
      "properties": {
        "name:fa": "امر به معروف",
        "city": "",
        "province": "",
        "date": "",
        "description": "ستاد امر به معروف و نهی از منکر ملقب به منکرات. که بارها از پشت بام معترضین رو هدف قرار دادن و کشتن.",
        "id": "MzY6MjkxYTBjN2ZiODdi",
        "publicId": "MzY6MjkxYTBjN2ZiODdi",
        "sourceId": "291a0c7fb87b",
        "layerId": 36,
        "type": "location",
        "status": "active",
        "urgency": null,
        "info": {
          "name:fa": "امر به معروف",
          "city": "",
          "province": "",
          "date": "",
          "description": "ستاد امر به معروف و نهی از منکر ملقب به منکرات. که بارها از پشت بام معترضین رو هدف قرار دادن و کشتن.",
          "name:en": "Amr be Maruf",
          "description:en": "Headquarters of Amr be Maruf and Nahi az Monkar, also known as Monkarats. Which repeatedly targeted and killed protesters from rooftops."
        },
        "verificationTag": "verified",
        "expirationDate": null,
        "createdAt": "2026-03-27T15:50:20.753Z",
        "updatedAt": "2026-03-27T15:50:20.753Z",
        "name:en": "Amr be Maruf",
        "description:en": "Headquarters of Amr be Maruf and Nahi az Monkar, also known as Monkarats. Which repeatedly targeted and killed protesters from rooftops."
      }
    },
    {
      "type": "Feature",
      "id": 92222,
      "geometry": {
        "type": "Point",
        "coordinates": [
          46.16391812299261,
          35.520702858744684
        ]
      },
      "properties": {
        "name:fa": "ورزشگاه",
        "city": "مریوان",
        "province": "",
        "date": 1773174600,
        "description": "ورزشگاه پر از نیرو",
        "id": "MzY6M2IzZDFjY2RiZGY4",
        "publicId": "MzY6M2IzZDFjY2RiZGY4",
        "sourceId": "3b3d1ccdbdf8",
        "layerId": 36,
        "type": "location",
        "status": "active",
        "urgency": null,
        "info": {
          "name:fa": "ورزشگاه",
          "city": "مریوان",
          "province": "",
          "date": 1773174600,
          "description": "ورزشگاه پر از نیرو",
          "name:en": "Stadium",
          "description:en": "Stadium full of energy"
        },
        "verificationTag": "not-verified",
        "expirationDate": null,
        "createdAt": "2026-03-27T17:53:36.742Z",
        "updatedAt": "2026-03-27T17:53:36.742Z",
        "name:en": "Stadium",
        "description:en": "Stadium full of energy"
      }
    },
    {
      "type": "Feature",
      "id": 92224,
      "geometry": {
        "type": "Point",
        "coordinates": [
          47.86233947773357,
          34.46933192576053
        ]
      },
      "properties": {
        "name:fa": "مرکز مخابرات زیرساخت کوە بازو",
        "city": "",
        "province": "",
        "date": 1772915400,
        "description": "مرکز مخابرات",
        "id": "MzY6NmE1YzhlOWRmMTZk",
        "publicId": "MzY6NmE1YzhlOWRmMTZk",
        "sourceId": "6a5c8e9df16d",
        "layerId": 36,
        "type": "location",
        "status": "active",
        "urgency": null,
        "info": {
          "name:fa": "مرکز مخابرات زیرساخت کوە بازو",
          "city": "",
          "province": "",
          "date": 1772915400,
          "description": "مرکز مخابرات",
          "name:en": "Koh Bazu Telecommunications Infrastructure Center",
          "description:en": "Telecommunications Center"
        },
        "verificationTag": "verified",
        "expirationDate": null,
        "createdAt": "2026-03-27T18:05:03.070Z",
        "updatedAt": "2026-03-27T18:05:03.070Z",
        "name:en": "Koh Bazu Telecommunications Infrastructure Center",
        "description:en": "Telecommunications Center"
      }
    },
    {
      "type": "Feature",
      "id": 92225,
      "geometry": {
        "type": "Point",
        "coordinates": [
          48.12131906369464,
          34.78281556915918
        ]
      },
      "properties": {
        "name:fa": "لانچر ",
        "city": "اسدآباد",
        "province": "",
        "date": 1772656200,
        "description": "لانچر گذاشتن اینجا",
        "id": "MzY6ZTYwMGQzMzI1NzFi",
        "publicId": "MzY6ZTYwMGQzMzI1NzFi",
        "sourceId": "e600d332571b",
        "layerId": 36,
        "type": "location",
        "status": "active",
        "urgency": null,
        "info": {
          "name:fa": "لانچر ",
          "city": "اسدآباد",
          "province": "",
          "date": 1772656200,
          "description": "لانچر گذاشتن اینجا",
          "name:en": "Launcher",
          "description:en": "Placing launcher here"
        },
        "verificationTag": "not-verified",
        "expirationDate": null,
        "createdAt": "2026-03-27T18:11:34.421Z",
        "updatedAt": "2026-03-27T18:11:34.421Z",
        "name:en": "Launcher",
        "description:en": "Placing launcher here"
      }
    },
    {
      "type": "Feature",
      "id": 92226,
      "geometry": {
        "type": "Point",
        "coordinates": [
          48.48112560624088,
          34.78656744821363
        ]
      },
      "properties": {
        "name:fa": "باغ موزە دفاع مقدس",
        "city": "همدان",
        "province": "",
        "date": 1771101000,
        "description": "موزه جنگ دفاع مقدس",
        "id": "MzY6ODcxOTIyMmI3MDMw",
        "publicId": "MzY6ODcxOTIyMmI3MDMw",
        "sourceId": "8719222b7030",
        "layerId": 36,
        "type": "location",
        "status": "active",
        "urgency": null,
        "info": {
          "name:fa": "باغ موزە دفاع مقدس",
          "city": "همدان",
          "province": "",
          "date": 1771101000,
          "description": "موزه جنگ دفاع مقدس",
          "name:en": "Sacred Defense Museum Garden",
          "description:en": "Sacred Defense War Museum"
        },
        "verificationTag": "verified",
        "expirationDate": null,
        "createdAt": "2026-03-27T18:14:50.287Z",
        "updatedAt": "2026-03-27T18:14:50.287Z",
        "name:en": "Sacred Defense Museum Garden",
        "description:en": "Sacred Defense War Museum"
      }
    },
    {
      "type": "Feature",
      "id": 92234,
      "geometry": {
        "type": "Point",
        "coordinates": [
          51.37880428908994,
          35.69599255784216
        ]
      },
      "properties": {
        "name:fa": "استقرار نیروهای سرکوب",
        "city": "تهران",
        "province": "استان تهران",
        "date": 1774125000,
        "description": "استقرار تیم های سرکوب",
        "id": "MzY6NGZhOGJiZjIxYjU5",
        "publicId": "MzY6NGZhOGJiZjIxYjU5",
        "sourceId": "4fa8bbf21b59",
        "layerId": 36,
        "type": "location",
        "status": "active",
        "urgency": null,
        "info": {
          "name:fa": "استقرار نیروهای سرکوب",
          "city": "تهران",
          "province": "استان تهران",
          "date": 1774125000,
          "description": "استقرار تیم های سرکوب",
          "name:en": "Deployment of Suppression Forces",
          "description:en": "Deployment of suppression teams"
        },
        "verificationTag": "not-verified",
        "expirationDate": null,
        "createdAt": "2026-03-27T22:54:50.454Z",
        "updatedAt": "2026-03-27T22:54:50.454Z",
        "name:en": "Deployment of Suppression Forces",
        "description:en": "Deployment of suppression teams"
      }
    },
    {
      "type": "Feature",
      "id": 92299,
      "geometry": {
        "type": "Point",
        "coordinates": [
          49.65450953643753,
          37.38332576584236
        ]
      },
      "properties": {
        "name:fa": "تجمع سرکوبگران",
        "city": "خمام",
        "province": "استان گیلان",
        "date": "",
        "description": "کلانتری و سپاه مقداد از ترس حمله، تمامی سلاح هارو به ساختمون آموزش و پرورش منتقل کردن.",
        "sources": "",
        "id": "MzY6ODNjMTBiZGNhNTU3",
        "publicId": "MzY6ODNjMTBiZGNhNTU3",
        "sourceId": "83c10bdca557",
        "layerId": 36,
        "type": "location",
        "status": "active",
        "urgency": null,
        "info": {
          "name:fa": "تجمع سرکوبگران",
          "city": "خمام",
          "province": "استان گیلان",
          "date": "",
          "description": "کلانتری و سپاه مقداد از ترس حمله، تمامی سلاح هارو به ساختمون آموزش و پرورش منتقل کردن.",
          "sources": "",
          "name:en": "Suppressors Gathering",
          "description:en": "The police station and Sepah-e Moqaddas, out of fear of attack, transferred all weapons to the education building."
        },
        "verificationTag": "verified",
        "expirationDate": null,
        "createdAt": "2026-03-28T15:29:59.848Z",
        "updatedAt": "2026-03-28T15:29:59.848Z",
        "name:en": "Suppressors Gathering",
        "description:en": "The police station and Sepah-e Moqaddas, out of fear of attack, transferred all weapons to the education building."
      }
    },
    {
      "type": "Feature",
      "id": 92303,
      "geometry": {
        "type": "Point",
        "coordinates": [
          50.894250536171,
          35.79574133284389
        ]
      },
      "properties": {
        "name:fa": "تجمع سرکوبگران",
        "city": "کرج",
        "province": "استان البرز",
        "date": "",
        "description": "کلانتری ۲۲ از ترس حمله امریکا به ربروی خیابون منتقل شده و نیروهای سرکوب در کانکس جدید ساخته شده مستقر هستن - تعداد زیاد - حتی شب ها",
        "sources": "",
        "id": "MzY6MTI4MjIxOGMyYzYz",
        "publicId": "MzY6MTI4MjIxOGMyYzYz",
        "sourceId": "1282218c2c63",
        "layerId": 36,
        "type": "location",
        "status": "active",
        "urgency": null,
        "info": {
          "name:fa": "تجمع سرکوبگران",
          "city": "کرج",
          "province": "استان البرز",
          "date": "",
          "description": "کلانتری ۲۲ از ترس حمله امریکا به ربروی خیابون منتقل شده و نیروهای سرکوب در کانکس جدید ساخته شده مستقر هستن - تعداد زیاد - حتی شب ها",
          "sources": "",
          "name:en": "Gatherings of Suppressors",
          "description:en": "Police Station 22 has been relocated from the main street due to fear of American attack, and suppression forces are stationed in newly constructed containers - large number - even at night"
        },
        "verificationTag": "verified",
        "expirationDate": null,
        "createdAt": "2026-03-28T15:53:16.761Z",
        "updatedAt": "2026-03-28T15:53:16.761Z",
        "name:en": "Gatherings of Suppressors",
        "description:en": "Police Station 22 has been relocated from the main street due to fear of American attack, and suppression forces are stationed in newly constructed containers - large number - even at night"
      }
    },
    {
      "type": "Feature",
      "id": 92304,
      "geometry": {
        "type": "Point",
        "coordinates": [
          50.95871809102232,
          35.46739721456204
        ]
      },
      "properties": {
        "name:fa": "تجمع سرکوبگران",
        "city": "شهرجدیدپرند",
        "province": "استان تهران",
        "date": "",
        "description": "مسجد امام حسین - بعد از تخریب سپاه حیدرکرار شهر جدید پرند ، این مسجد محل تجمع و اموزش سپاه پاسداران شهر پرند است و تمام نیروهای سپاه پاسداران که اقدام به توقیف اموال و دستگیری مردم در زمان حمله به پایگاهشون کردن داخل این مسجد هستند. جهت تایید موضوع میتونین به صورت لایو ترددشون رو ببینین یا لینکی باشه براتون ویدیو بفرستم",
        "sources": "",
        "id": "MzY6NjM1MTcwY2Q2ODE0",
        "publicId": "MzY6NjM1MTcwY2Q2ODE0",
        "sourceId": "635170cd6814",
        "layerId": 36,
        "type": "location",
        "status": "active",
        "urgency": null,
        "info": {
          "name:fa": "تجمع سرکوبگران",
          "city": "شهرجدیدپرند",
          "province": "استان تهران",
          "date": "",
          "description": "مسجد امام حسین - بعد از تخریب سپاه حیدرکرار شهر جدید پرند ، این مسجد محل تجمع و اموزش سپاه پاسداران شهر پرند است و تمام نیروهای سپاه پاسداران که اقدام به توقیف اموال و دستگیری مردم در زمان حمله به پایگاهشون کردن داخل این مسجد هستند. جهت تایید موضوع میتونین به صورت لایو ترددشون رو ببینین یا لینکی باشه براتون ویدیو بفرستم",
          "sources": "",
          "name:en": "Oppressors Gathering",
          "description:en": "Imam Hussain Mosque - After the destruction of the Haidarkrar Sepah base in New Prand city, this mosque has become a gathering and training place for the Sepah Pasdaran (Revolutionary Guards) of Prand city. All members of the Sepah Pasdaran who confiscate property and arrest people during the attack on their base are located inside this mosque. To verify this matter, you can see their movements live or I can send you a video link."
        },
        "verificationTag": "verified",
        "expirationDate": null,
        "createdAt": "2026-03-28T15:55:45.298Z",
        "updatedAt": "2026-03-28T15:55:45.298Z",
        "name:en": "Oppressors Gathering",
        "description:en": "Imam Hussain Mosque - After the destruction of the Haidarkrar Sepah base in New Prand city, this mosque has become a gathering and training place for the Sepah Pasdaran (Revolutionary Guards) of Prand city. All members of the Sepah Pasdaran who confiscate property and arrest people during the attack on their base are located inside this mosque. To verify this matter, you can see their movements live or I can send you a video link."
      }
    },
    {
      "type": "Feature",
      "id": 92312,
      "geometry": {
        "type": "Point",
        "coordinates": [
          51.456929314932125,
          35.79667627397133
        ]
      },
      "properties": {
        "name:fa": "استقرار سرکوبگران",
        "city": "تجریش",
        "province": "استان تهران",
        "date": "",
        "description": "",
        "sources": "",
        "id": "MzY6NjY2NWZiZTAzYzVh",
        "publicId": "MzY6NjY2NWZiZTAzYzVh",
        "sourceId": "6665fbe03c5a",
        "layerId": 36,
        "type": "location",
        "status": "active",
        "urgency": null,
        "info": {
          "name:fa": "استقرار سرکوبگران",
          "city": "تجریش",
          "province": "استان تهران",
          "date": "",
          "description": "",
          "sources": "",
          "name:en": "Estegrar-e Sarkobgaran",
          "description:en": ""
        },
        "verificationTag": "verified",
        "expirationDate": null,
        "createdAt": "2026-03-28T16:05:19.396Z",
        "updatedAt": "2026-03-28T16:05:19.396Z",
        "name:en": "Estegrar-e Sarkobgaran",
        "description:en": ""
      }
    },
    {
      "type": "Feature",
      "id": 92314,
      "geometry": {
        "type": "Point",
        "coordinates": [
          51.420970723720046,
          32.48879394649208
        ]
      },
      "properties": {
        "name:fa": "ورزشگاه",
        "city": "فولاد شهر",
        "province": "استان اصفهان",
        "date": 1773261000,
        "description": "ورزشگاه محله A2 فولادشهر. محل اختفای نیرو های سرکوب.",
        "sources": "",
        "id": "MzY6ZjFiOGI4ODY1NmYw",
        "publicId": "MzY6ZjFiOGI4ODY1NmYw",
        "sourceId": "f1b8b88656f0",
        "layerId": 36,
        "type": "location",
        "status": "active",
        "urgency": null,
        "info": {
          "name:fa": "ورزشگاه",
          "city": "فولاد شهر",
          "province": "استان اصفهان",
          "date": 1773261000,
          "description": "ورزشگاه محله A2 فولادشهر. محل اختفای نیرو های سرکوب.",
          "sources": "",
          "name:en": "Varzeshgah",
          "description:en": "Varzeshgah neighborhood A2 in Fooladshahr. A hideout for suppression forces."
        },
        "verificationTag": "not-verified",
        "expirationDate": null,
        "createdAt": "2026-03-28T16:13:10.027Z",
        "updatedAt": "2026-03-28T16:13:10.027Z",
        "name:en": "Varzeshgah",
        "description:en": "Varzeshgah neighborhood A2 in Fooladshahr. A hideout for suppression forces."
      }
    },
    {
      "type": "Feature",
      "id": 92333,
      "geometry": {
        "type": "Point",
        "coordinates": [
          51.51461601828109,
          32.55268100280327
        ]
      },
      "properties": {
        "name:fa": "بیشه فلاورجان",
        "city": "فلاورجان",
        "province": "استان اصفهان",
        "date": 1773088200,
        "description": "محل تجمع نیرو سرکوبگر",
        "sources": "",
        "id": "MzY6NWZjYzc3Nzc1YTBk",
        "publicId": "MzY6NWZjYzc3Nzc1YTBk",
        "sourceId": "5fcc77775a0d",
        "layerId": 36,
        "type": "location",
        "status": "active",
        "urgency": null,
        "info": {
          "name:fa": "بیشه فلاورجان",
          "city": "فلاورجان",
          "province": "استان اصفهان",
          "date": 1773088200,
          "description": "محل تجمع نیرو سرکوبگر",
          "sources": "",
          "name:en": "Bishe Falavarjan",
          "description:en": "Gathering place of suppressive forces"
        },
        "verificationTag": "not-verified",
        "expirationDate": null,
        "createdAt": "2026-03-28T16:16:37.869Z",
        "updatedAt": "2026-03-28T16:16:37.869Z",
        "name:en": "Bishe Falavarjan",
        "description:en": "Gathering place of suppressive forces"
      }
    },
    {
      "type": "Feature",
      "id": 92339,
      "geometry": {
        "type": "Point",
        "coordinates": [
          51.36765053350916,
          35.66881832043288
        ]
      },
      "properties": {
        "name:fa": "تجهیزات پارازیت و تجمع سرکوبگران",
        "city": "تهران",
        "province": "استان تهران",
        "date": "",
        "description": "سلختمان بتونی مخابرات سابق که گذشته از محل استقرار اکثر نیروها میباشد در پشت بام این ساختمان تجهیزات پارازیت مستقر میباشد . این ساختمان قبل از انقلاب ساخته شده و بسیار مستحم میباشد و حتما باید با بی ۲ هدف قرار بگیرید . ساختمان در چندین طبقه میباشد که بسیاری از مسئولین در اینجا مستقر میباشند در کنار این ساختمان مسجد باب الحوائج میباشد که در زیر زمین آن بسیجیان منطقه مستقر میباشند .",
        "sources": "",
        "id": "MzY6NGMyYWJhOGRkMzg0",
        "publicId": "MzY6NGMyYWJhOGRkMzg0",
        "sourceId": "4c2aba8dd384",
        "layerId": 36,
        "type": "location",
        "status": "active",
        "urgency": null,
        "info": {
          "name:fa": "تجهیزات پارازیت و تجمع سرکوبگران",
          "city": "تهران",
          "province": "استان تهران",
          "date": "",
          "description": "سلختمان بتونی مخابرات سابق که گذشته از محل استقرار اکثر نیروها میباشد در پشت بام این ساختمان تجهیزات پارازیت مستقر میباشد . این ساختمان قبل از انقلاب ساخته شده و بسیار مستحم میباشد و حتما باید با بی ۲ هدف قرار بگیرید . ساختمان در چندین طبقه میباشد که بسیاری از مسئولین در اینجا مستقر میباشند در کنار این ساختمان مسجد باب الحوائج میباشد که در زیر زمین آن بسیجیان منطقه مستقر میباشند .",
          "sources": "",
          "name:en": "Jamming Equipment and Suppressive Forces Assembly",
          "description:en": "A concrete communications building from the pre-revolution era that serves as a headquarters for most forces. Jamming equipment is stationed on the roof of this building. The structure is very old and must definitely be targeted with B-2. The building spans several floors where many officials are stationed. Adjacent to this building is the Bab al-Hawayej Mosque, beneath which regional Basij forces are positioned."
        },
        "verificationTag": "verified",
        "expirationDate": null,
        "createdAt": "2026-03-28T16:26:01.221Z",
        "updatedAt": "2026-03-28T16:26:01.221Z",
        "name:en": "Jamming Equipment and Suppressive Forces Assembly",
        "description:en": "A concrete communications building from the pre-revolution era that serves as a headquarters for most forces. Jamming equipment is stationed on the roof of this building. The structure is very old and must definitely be targeted with B-2. The building spans several floors where many officials are stationed. Adjacent to this building is the Bab al-Hawayej Mosque, beneath which regional Basij forces are positioned."
      }
    },
    {
      "type": "Feature",
      "id": 92359,
      "geometry": {
        "type": "Point",
        "coordinates": [
          51.4583455635881,
          35.8019618245487
        ]
      },
      "properties": {
        "name:fa": "ایست بازرسی",
        "city": "تجریش",
        "province": "استان تهران",
        "date": "",
        "description": "",
        "sources": "",
        "id": "MzY6MTFhZTg4MzA5ZWJi",
        "publicId": "MzY6MTFhZTg4MzA5ZWJi",
        "sourceId": "11ae88309ebb",
        "layerId": 36,
        "type": "location",
        "status": "active",
        "urgency": null,
        "info": {
          "name:fa": "ایست بازرسی",
          "city": "تجریش",
          "province": "استان تهران",
          "date": "",
          "description": "",
          "sources": "",
          "name:en": "Checkpoint",
          "description:en": "An inspection station or checkpoint"
        },
        "verificationTag": "verified",
        "expirationDate": null,
        "createdAt": "2026-03-28T16:38:39.689Z",
        "updatedAt": "2026-03-28T16:38:39.689Z",
        "name:en": "Checkpoint",
        "description:en": "An inspection station or checkpoint"
      }
    },
    {
      "type": "Feature",
      "id": 92363,
      "geometry": {
        "type": "Point",
        "coordinates": [
          47.694805150297725,
          37.45653375805395
        ]
      },
      "properties": {
        "name:fa": "دکل صدا و سیما",
        "city": "میانه",
        "province": "استان آذربایجان شرقی",
        "date": 1773433800,
        "description": "",
        "sources": "",
        "id": "MzY6ZWVkMDVlZmUzYTgw",
        "publicId": "MzY6ZWVkMDVlZmUzYTgw",
        "sourceId": "eed05efe3a80",
        "layerId": 36,
        "type": "location",
        "status": "active",
        "urgency": null,
        "info": {
          "name:fa": "دکل صدا و سیما",
          "city": "میانه",
          "province": "استان آذربایجان شرقی",
          "date": 1773433800,
          "description": "",
          "sources": "",
          "name:en": "Broadcasting Tower",
          "description:en": ""
        },
        "verificationTag": "not-verified",
        "expirationDate": null,
        "createdAt": "2026-03-28T17:44:47.522Z",
        "updatedAt": "2026-03-28T17:44:47.522Z",
        "name:en": "Broadcasting Tower",
        "description:en": ""
      }
    },
    {
      "type": "Feature",
      "id": 92369,
      "geometry": {
        "type": "Point",
        "coordinates": [
          48.65879723906764,
          34.44597875198599
        ]
      },
      "properties": {
        "name:fa": "فروآلیاژ لوتوس آدلی",
        "city": "شهرستان ملایر",
        "province": "استان همدان",
        "date": 1774384200,
        "description": "سوله منیزیم،تولید مواد اولیه سوخت موشک",
        "sources": "",
        "id": "MzY6Yzc5YjU2MTFmMTRm",
        "publicId": "MzY6Yzc5YjU2MTFmMTRm",
        "sourceId": "c79b5611f14f",
        "layerId": 36,
        "type": "location",
        "status": "active",
        "urgency": null,
        "info": {
          "name:fa": "فروآلیاژ لوتوس آدلی",
          "city": "شهرستان ملایر",
          "province": "استان همدان",
          "date": 1774384200,
          "description": "سوله منیزیم،تولید مواد اولیه سوخت موشک",
          "sources": "",
          "name:en": "Lotus Adli Ferroalloy",
          "description:en": "Magnesium hangar, production of rocket fuel raw materials"
        },
        "verificationTag": "not-verified",
        "expirationDate": null,
        "createdAt": "2026-03-28T20:17:26.024Z",
        "updatedAt": "2026-03-28T20:17:26.024Z",
        "name:en": "Lotus Adli Ferroalloy",
        "description:en": "Magnesium hangar, production of rocket fuel raw materials"
      }
    },
    {
      "type": "Feature",
      "id": 92370,
      "geometry": {
        "type": "Point",
        "coordinates": [
          49.68696166413616,
          34.08822781518113
        ]
      },
      "properties": {
        "name:fa": "دبیرستان امام علی",
        "city": "اراک",
        "province": "استان مرکزی",
        "date": 1771619400,
        "description": "مقر سرکوب و پارکینگ خودروهای نظامی زد شورش حیاط دبیرستان امام علی",
        "sources": "",
        "id": "MzY6YTRhMDVjOGUxZjQx",
        "publicId": "MzY6YTRhMDVjOGUxZjQx",
        "sourceId": "a4a05c8e1f41",
        "layerId": 36,
        "type": "location",
        "status": "active",
        "urgency": null,
        "info": {
          "name:fa": "دبیرستان امام علی",
          "city": "اراک",
          "province": "استان مرکزی",
          "date": 1771619400,
          "description": "مقر سرکوب و پارکینگ خودروهای نظامی زد شورش حیاط دبیرستان امام علی",
          "sources": "",
          "name:en": "Imam Ali High School",
          "description:en": "Headquarters for suppression operations and parking of military vehicles used for riot control in the courtyard of Imam Ali High School"
        },
        "verificationTag": "not-verified",
        "expirationDate": null,
        "createdAt": "2026-03-28T20:20:29.910Z",
        "updatedAt": "2026-03-28T20:20:29.910Z",
        "name:en": "Imam Ali High School",
        "description:en": "Headquarters for suppression operations and parking of military vehicles used for riot control in the courtyard of Imam Ali High School"
      }
    },
    {
      "type": "Feature",
      "id": 92371,
      "geometry": {
        "type": "Point",
        "coordinates": [
          50.889334014375095,
          34.59740597789444
        ]
      },
      "properties": {
        "name:fa": "میدان مرجعیت",
        "city": "قم",
        "province": "استان قم",
        "date": "",
        "description": "استقرار دوشکا و نیرو نظامی",
        "sources": "",
        "id": "MzY6MmE5ODU1NTJjZjc1",
        "publicId": "MzY6MmE5ODU1NTJjZjc1",
        "sourceId": "2a985552cf75",
        "layerId": 36,
        "type": "location",
        "status": "active",
        "urgency": null,
        "info": {
          "name:fa": "میدان مرجعیت",
          "city": "قم",
          "province": "استان قم",
          "date": "",
          "description": "استقرار دوشکا و نیرو نظامی",
          "sources": "",
          "name:en": "Marjeiyat Square",
          "description:en": "Deployment of military units and armed forces"
        },
        "verificationTag": "not-verified",
        "expirationDate": null,
        "createdAt": "2026-03-28T20:31:02.698Z",
        "updatedAt": "2026-03-28T20:31:02.698Z",
        "name:en": "Marjeiyat Square",
        "description:en": "Deployment of military units and armed forces"
      }
    },
    {
      "type": "Feature",
      "id": 92372,
      "geometry": {
        "type": "Point",
        "coordinates": [
          50.889508719944985,
          34.5967447049441
        ]
      },
      "properties": {
        "name:fa": "تجمع نیروی سرکوب",
        "city": "قم",
        "province": "استان قم",
        "date": 1773865800,
        "description": "محل حضور بسیجی و سپاهی و عرزشی ها هر شب ۸ به بعد",
        "sources": "",
        "id": "MzY6NjE4MjkzNjMxOWVm",
        "publicId": "MzY6NjE4MjkzNjMxOWVm",
        "sourceId": "6182936319ef",
        "layerId": 36,
        "type": "location",
        "status": "active",
        "urgency": null,
        "info": {
          "name:fa": "تجمع نیروی سرکوب",
          "city": "قم",
          "province": "استان قم",
          "date": 1773865800,
          "description": "محل حضور بسیجی و سپاهی و عرزشی ها هر شب ۸ به بعد",
          "sources": "",
          "name:en": "Crackdown Force Gathering",
          "description:en": "A place where mobilized forces, Revolutionary Guards, and athletes gather every night from 8 PM onwards"
        },
        "verificationTag": "not-verified",
        "expirationDate": null,
        "createdAt": "2026-03-28T20:34:52.058Z",
        "updatedAt": "2026-03-29T13:07:15.440Z",
        "name:en": "Crackdown Force Gathering",
        "description:en": "A place where mobilized forces, Revolutionary Guards, and athletes gather every night from 8 PM onwards"
      }
    },
    {
      "type": "Feature",
      "id": 92373,
      "geometry": {
        "type": "Point",
        "coordinates": [
          48.468690495875734,
          36.69524774038052
        ]
      },
      "properties": {
        "name:fa": "ستاد مدیریت بحران و پدافند غیر عامل ",
        "city": "زنجان",
        "province": "استان زنجان",
        "date": 1773174600,
        "description": "سوله ستاد مدیریت بحران زنجان شهرک الهیه طبق گزارش مردم دیدن لانچر گذاشتن داخل این مرکز",
        "sources": "",
        "id": "MzY6NTIxNmNlODA4MWU3",
        "publicId": "MzY6NTIxNmNlODA4MWU3",
        "sourceId": "5216ce8081e7",
        "layerId": 36,
        "type": "location",
        "status": "active",
        "urgency": null,
        "info": {
          "name:fa": "ستاد مدیریت بحران و پدافند غیر عامل ",
          "city": "زنجان",
          "province": "استان زنجان",
          "date": 1773174600,
          "description": "سوله ستاد مدیریت بحران زنجان شهرک الهیه طبق گزارش مردم دیدن لانچر گذاشتن داخل این مرکز",
          "sources": "",
          "name:en": "Crisis Management and Civil Defense Headquarters",
          "description:en": "The Crisis Management Headquarters hangar in Zanjan, Elahiyeh neighborhood. According to public reports, launchers were placed inside this center."
        },
        "verificationTag": "not-verified",
        "expirationDate": null,
        "createdAt": "2026-03-28T20:42:15.286Z",
        "updatedAt": "2026-03-28T20:42:15.286Z",
        "name:en": "Crisis Management and Civil Defense Headquarters",
        "description:en": "The Crisis Management Headquarters hangar in Zanjan, Elahiyeh neighborhood. According to public reports, launchers were placed inside this center."
      }
    }
  ],
  "metadata": {
    "total": 312,
    "layerId": 36,
    "clustered": false,
    "simplified": false
  }
}